solid OpenSCAD_Model
  facet normal 0.00169581 -0.788439 -0.61511
    outer loop
      vertex 21.8621 -12.8054 27.1647
      vertex 21.6638 -13.1608 27.6197
      vertex 20.8701 -14.2584 29.0244
    endloop
  endfacet
  facet normal 0 -0.788082 -0.61557
    outer loop
      vertex 21.6638 -13.1608 27.6197
      vertex 21.8621 -12.8054 27.1647
      vertex 21.8785 -12.8054 27.1647
    endloop
  endfacet
  facet normal -0.166775 0.607041 -0.776974
    outer loop
      vertex -3.67979 8.54286 4.5
      vertex -4.36598 8.35434 4.5
      vertex -4.36598 14.0908 8.98183
    endloop
  endfacet
  facet normal 0 0.788 0.615676
    outer loop
      vertex 21.8648 4.92529 20.7132
      vertex 21.6638 5.28071 20.2583
      vertex 21.8514 4.92529 20.7132
    endloop
  endfacet
  facet normal -2.02896e-05 0.78798 0.615701
    outer loop
      vertex -5.32057 -13.9659 44.8928
      vertex -14.852 -11.0529 41.1644
      vertex -9.92066 -12.9797 43.6305
    endloop
  endfacet
  facet normal -0.999781 -0.0128702 0.0164729
    outer loop
      vertex -23.3 -7.88011 20.8606
      vertex -23.2796 -0.600702 27.7861
      vertex -23.3 0 27.0173
    endloop
  endfacet
  facet normal -0.999782 -0.0128691 0.0164717
    outer loop
      vertex -23.2796 -0.600702 27.7861
      vertex -23.3 -7.88011 20.8606
      vertex -23.2796 -8.48081 21.6295
    endloop
  endfacet
  facet normal 4.18731e-05 -0.788024 -0.615644
    outer loop
      vertex -18.8501 0.55162 10.0685
      vertex -22.9737 -5.48782 17.7987
      vertex -21.6638 -2.59939 14.1016
    endloop
  endfacet
  facet normal -3.28286e-06 0.788011 0.615661
    outer loop
      vertex -20.4179 6.91071 18.172
      vertex -23.1163 -1.79789 29.3185
      vertex -11.65 12.4231 11.1165
    endloop
  endfacet
  facet normal 0.166768 0.607042 -0.776974
    outer loop
      vertex 3.40373 8.6187 4.5
      vertex 4.36598 14.0908 8.98183
      vertex 3.67979 8.54286 4.5
    endloop
  endfacet
  facet normal 0.166768 0.607042 -0.776974
    outer loop
      vertex 4.36598 14.0908 8.98183
      vertex 3.40373 8.6187 4.5
      vertex 3.40373 14.191 8.85358
    endloop
  endfacet
  facet normal 0 0.788234 0.615376
    outer loop
      vertex -6.62287 -10.9639 41.0504
      vertex -14.852 -11.0529 41.1644
      vertex -6.20763 -11.0529 41.1644
    endloop
  endfacet
  facet normal 5.1646e-06 0.788053 0.615607
    outer loop
      vertex -7.3628 -10.7836 40.8196
      vertex -14.852 -11.0529 41.1644
      vertex -6.62287 -10.9639 41.0504
    endloop
  endfacet
  facet normal 7.3692e-06 0.78803 0.615637
    outer loop
      vertex -8.08981 -10.5843 40.5645
      vertex -14.852 -11.0529 41.1644
      vertex -7.3628 -10.7836 40.8196
    endloop
  endfacet
  facet normal 2.47086e-05 0.787935 0.615758
    outer loop
      vertex -8.80262 -10.3664 40.2857
      vertex -14.852 -11.0529 41.1644
      vertex -8.08981 -10.5843 40.5645
    endloop
  endfacet
  facet normal -1.40026e-05 0.788064 0.615593
    outer loop
      vertex -9.14942 -10.249 40.1354
      vertex -14.852 -11.0529 41.1644
      vertex -8.80262 -10.3664 40.2857
    endloop
  endfacet
  facet normal 0 0.788027 0.615641
    outer loop
      vertex -14.852 -11.0529 41.1644
      vertex -9.14942 -10.249 40.1354
      vertex -16.3022 -10.249 40.1354
    endloop
  endfacet
  facet normal 0 0.788234 0.615376
    outer loop
      vertex 14.852 -11.0529 41.1644
      vertex 6.62287 -10.9639 41.0504
      vertex 6.20763 -11.0529 41.1644
    endloop
  endfacet
  facet normal -5.1646e-06 0.788053 0.615607
    outer loop
      vertex 14.852 -11.0529 41.1644
      vertex 7.3628 -10.7836 40.8196
      vertex 6.62287 -10.9639 41.0504
    endloop
  endfacet
  facet normal -7.3692e-06 0.78803 0.615637
    outer loop
      vertex 14.852 -11.0529 41.1644
      vertex 8.08981 -10.5843 40.5645
      vertex 7.3628 -10.7836 40.8196
    endloop
  endfacet
  facet normal -2.47086e-05 0.787935 0.615758
    outer loop
      vertex 14.852 -11.0529 41.1644
      vertex 8.80262 -10.3664 40.2857
      vertex 8.08981 -10.5843 40.5645
    endloop
  endfacet
  facet normal -0 0.788027 0.615641
    outer loop
      vertex 9.14942 -10.249 40.1354
      vertex 14.852 -11.0529 41.1644
      vertex 16.3022 -10.249 40.1354
    endloop
  endfacet
  facet normal 1.40026e-05 0.788064 0.615593
    outer loop
      vertex 14.852 -11.0529 41.1644
      vertex 9.14942 -10.249 40.1354
      vertex 8.80262 -10.3664 40.2857
    endloop
  endfacet
  facet normal 0.653453 -0.466031 0.596501
    outer loop
      vertex 15.5907 -10.6603 40.6619
      vertex 14.852 -11.0529 41.1644
      vertex 15.5907 -18.5405 34.5053
    endloop
  endfacet
  facet normal 3.89382e-05 0.788004 0.61567
    outer loop
      vertex -12.1111 9.01313 15.481
      vertex -11.65 12.4231 11.1165
      vertex -12.3789 8.87079 15.6632
    endloop
  endfacet
  facet normal -2.01361e-05 0.788008 0.615666
    outer loop
      vertex -11.4874 9.31746 15.0915
      vertex -11.65 12.4231 11.1165
      vertex -12.1111 9.01313 15.481
    endloop
  endfacet
  facet normal -6.42251e-06 0.788008 0.615665
    outer loop
      vertex -10.8436 9.60545 14.7229
      vertex -11.65 12.4231 11.1165
      vertex -11.4874 9.31746 15.0915
    endloop
  endfacet
  facet normal 5.99241e-05 0.788015 0.615656
    outer loop
      vertex -10.1807 9.87658 14.3758
      vertex -11.65 12.4231 11.1165
      vertex -10.8436 9.60545 14.7229
    endloop
  endfacet
  facet normal -4.8472e-05 0.787991 0.615686
    outer loop
      vertex -9.5 10.1304 14.051
      vertex -11.65 12.4231 11.1165
      vertex -10.1807 9.87658 14.3758
    endloop
  endfacet
  facet normal 9.11736e-05 0.788041 0.615623
    outer loop
      vertex -8.80262 10.3664 13.7488
      vertex -11.65 12.4231 11.1165
      vertex -9.5 10.1304 14.051
    endloop
  endfacet
  facet normal -5.02288e-05 0.787967 0.615718
    outer loop
      vertex -8.08981 10.5843 13.47
      vertex -11.65 12.4231 11.1165
      vertex -8.80262 10.3664 13.7488
    endloop
  endfacet
  facet normal 7.62069e-06 0.788009 0.615664
    outer loop
      vertex -7.3628 10.7836 13.2149
      vertex -11.65 12.4231 11.1165
      vertex -8.08981 10.5843 13.47
    endloop
  endfacet
  facet normal 1.70737e-05 0.788019 0.615652
    outer loop
      vertex -6.62287 10.9639 12.9841
      vertex -11.65 12.4231 11.1165
      vertex -7.3628 10.7836 13.2149
    endloop
  endfacet
  facet normal 4.02965e-07 0.788012 0.61566
    outer loop
      vertex -3.40373 14.191 8.85358
      vertex -6.62287 10.9639 12.9841
      vertex -5.87132 11.125 12.7779
    endloop
  endfacet
  facet normal -6.51992e-05 0.788032 0.615634
    outer loop
      vertex -3.40373 14.191 8.85358
      vertex -5.87132 11.125 12.7779
      vertex -5.10948 11.2667 12.5966
    endloop
  endfacet
  facet normal -0.000150023 0.788051 0.61561
    outer loop
      vertex -3.40373 14.191 8.85358
      vertex -5.10948 11.2667 12.5966
      vertex -4.93231 11.2947 12.5608
    endloop
  endfacet
  facet normal 9.50034e-06 0.788009 0.615664
    outer loop
      vertex -6.62287 10.9639 12.9841
      vertex -3.40373 14.191 8.85358
      vertex -11.65 12.4231 11.1165
    endloop
  endfacet
  facet normal -0.000150486 0.78804 0.615624
    outer loop
      vertex -14.8902 -7.26592 36.3172
      vertex -16.3022 -10.249 40.1354
      vertex -14.7736 -7.35269 36.4283
    endloop
  endfacet
  facet normal 1.3103e-05 0.788011 0.615661
    outer loop
      vertex -15.3713 -6.87566 35.8177
      vertex -16.3022 -10.249 40.1354
      vertex -14.8902 -7.26592 36.3172
    endloop
  endfacet
  facet normal 0.000139882 0.787998 0.615678
    outer loop
      vertex -16.3022 -10.249 40.1354
      vertex -15.3713 -6.87566 35.8177
      vertex -15.5733 -6.69678 35.5888
    endloop
  endfacet
  facet normal -0.963148 -0.165597 0.211953
    outer loop
      vertex -22.3055 -4.14614 32.3241
      vertex -22.568 -3.56743 31.5834
      vertex -22.3055 -12.0262 26.1675
    endloop
  endfacet
  facet normal -0.518047 0.526607 -0.674027
    outer loop
      vertex -11.65 4.54295 4.95986
      vertex -12.4848 12.1118 11.5149
      vertex -11.65 12.4231 11.1165
    endloop
  endfacet
  facet normal 0 -0.787983 -0.615697
    outer loop
      vertex 16.2733 0.761024 9.8005
      vertex 18.8501 0.55162 10.0685
      vertex 16.5547 0.55162 10.0685
    endloop
  endfacet
  facet normal 3.41545e-06 -0.787967 -0.615717
    outer loop
      vertex 16.2679 0.765056 9.79534
      vertex 18.8501 0.55162 10.0685
      vertex 16.2733 0.761024 9.8005
    endloop
  endfacet
  facet normal 0.000107707 -0.787489 -0.616329
    outer loop
      vertex 16.2622 0.768945 9.79037
      vertex 18.8501 0.55162 10.0685
      vertex 16.2679 0.765056 9.79534
    endloop
  endfacet
  facet normal -8.60335e-06 -0.788014 -0.615658
    outer loop
      vertex 15.6656 1.17688 9.26824
      vertex 18.8501 0.55162 10.0685
      vertex 16.2622 0.768945 9.79037
    endloop
  endfacet
  facet normal -1.45494e-05 -0.788025 -0.615643
    outer loop
      vertex 15.0418 1.56907 8.76625
      vertex 18.8501 0.55162 10.0685
      vertex 15.6656 1.17688 9.26824
    endloop
  endfacet
  facet normal -0.00023968 -0.788345 -0.615234
    outer loop
      vertex 15.0358 1.57281 8.76146
      vertex 18.8501 0.55162 10.0685
      vertex 15.0418 1.56907 8.76625
    endloop
  endfacet
  facet normal 0.00127789 -0.786192 -0.617981
    outer loop
      vertex 15.0296 1.5764 8.75688
      vertex 18.8501 0.55162 10.0685
      vertex 15.0358 1.57281 8.76146
    endloop
  endfacet
  facet normal -1.90851e-05 -0.788029 -0.615638
    outer loop
      vertex 14.3797 1.95216 8.27592
      vertex 18.8501 0.55162 10.0685
      vertex 15.0296 1.5764 8.75688
    endloop
  endfacet
  facet normal -6.91671e-06 -0.788014 -0.615657
    outer loop
      vertex 13.7047 2.31085 7.81682
      vertex 18.8501 0.55162 10.0685
      vertex 14.3797 1.95216 8.27592
    endloop
  endfacet
  facet normal -0.000938717 -0.789046 -0.614334
    outer loop
      vertex 13.6983 2.31426 7.81245
      vertex 18.8501 0.55162 10.0685
      vertex 13.7047 2.31085 7.81682
    endloop
  endfacet
  facet normal 0.00275163 -0.784946 -0.619558
    outer loop
      vertex 13.6916 2.31752 7.80829
      vertex 18.8501 0.55162 10.0685
      vertex 13.6983 2.31426 7.81245
    endloop
  endfacet
  facet normal -3.85502e-05 -0.788048 -0.615613
    outer loop
      vertex 12.9929 2.65848 7.37187
      vertex 18.8501 0.55162 10.0685
      vertex 13.6916 2.31752 7.80829
    endloop
  endfacet
  facet normal 1.83323e-05 -0.788 -0.615675
    outer loop
      vertex 9.54024 4.90223 4.5
      vertex 12.9929 2.65848 7.37187
      vertex 12.2716 2.98113 6.95889
    endloop
  endfacet
  facet normal -0.00297215 -0.789606 -0.613607
    outer loop
      vertex 9.54024 4.90223 4.5
      vertex 12.2716 2.98113 6.95889
      vertex 12.2647 2.98421 6.95496
    endloop
  endfacet
  facet normal 2.20153e-05 -0.788 -0.615676
    outer loop
      vertex 9.54024 4.90223 4.5
      vertex 12.2647 2.98421 6.95496
      vertex 11.5221 3.28798 6.56614
    endloop
  endfacet
  facet normal -0.0020519 -0.788962 -0.614438
    outer loop
      vertex 9.54024 4.90223 4.5
      vertex 11.5221 3.28798 6.56614
      vertex 11.515 3.29088 6.56244
    endloop
  endfacet
  facet normal -9.59409e-06 -0.787991 -0.615687
    outer loop
      vertex 9.54024 4.90223 4.5
      vertex 7.49875 4.51879 4.99078
      vertex 7.49085 4.52072 4.98831
    endloop
  endfacet
  facet normal -2.81544e-06 -0.788006 -0.615668
    outer loop
      vertex 9.54024 4.90223 4.5
      vertex 7.48282 4.52244 4.98611
      vertex 6.64081 4.70297 4.75505
    endloop
  endfacet
  facet normal -1.30939e-06 -0.788005 -0.615668
    outer loop
      vertex 9.54024 4.90223 4.5
      vertex 6.63267 4.70448 4.75311
      vertex 5.77911 4.86314 4.55004
    endloop
  endfacet
  facet normal -0 -0.788079 -0.615574
    outer loop
      vertex 9.54024 4.90223 4.5
      vertex 5.77088 4.86444 4.54838
      vertex 5.53179 4.90223 4.5
    endloop
  endfacet
  facet normal -6.76379e-06 -0.788015 -0.615656
    outer loop
      vertex 12.9929 2.65848 7.37187
      vertex 9.54024 4.90223 4.5
      vertex 18.8501 0.55162 10.0685
    endloop
  endfacet
  facet normal 0.000208625 -0.787915 -0.615784
    outer loop
      vertex 11.5077 3.29359 6.55897
      vertex 9.54024 4.90223 4.5
      vertex 11.515 3.29088 6.56244
    endloop
  endfacet
  facet normal 7.37342e-06 -0.788008 -0.615665
    outer loop
      vertex 10.7451 3.57795 6.195
      vertex 9.54024 4.90223 4.5
      vertex 11.5077 3.29359 6.55897
    endloop
  endfacet
  facet normal -0.000644161 -0.788232 -0.615377
    outer loop
      vertex 10.7376 3.58047 6.19178
      vertex 9.54024 4.90223 4.5
      vertex 10.7451 3.57795 6.195
    endloop
  endfacet
  facet normal -1.63029e-06 -0.788012 -0.61566
    outer loop
      vertex 9.95628 3.84492 5.8533
      vertex 9.54024 4.90223 4.5
      vertex 10.7376 3.58047 6.19178
    endloop
  endfacet
  facet normal -0.000208921 -0.788043 -0.61562
    outer loop
      vertex 9.94866 3.84725 5.85032
      vertex 9.54024 4.90223 4.5
      vertex 9.95628 3.84492 5.8533
    endloop
  endfacet
  facet normal 2.61035e-06 -0.788012 -0.61566
    outer loop
      vertex 9.15004 4.09132 5.53792
      vertex 9.54024 4.90223 4.5
      vertex 9.94866 3.84725 5.85032
    endloop
  endfacet
  facet normal 0.000260218 -0.788059 -0.6156
    outer loop
      vertex 9.14227 4.09345 5.53519
      vertex 9.54024 4.90223 4.5
      vertex 9.15004 4.09132 5.53792
    endloop
  endfacet
  facet normal -1.4911e-06 -0.78801 -0.615662
    outer loop
      vertex 8.32775 4.31672 5.24942
      vertex 9.54024 4.90223 4.5
      vertex 9.14227 4.09345 5.53519
    endloop
  endfacet
  facet normal 8.48813e-07 -0.788012 -0.61566
    outer loop
      vertex 7.49875 4.51879 4.99078
      vertex 9.54024 4.90223 4.5
      vertex 8.32775 4.31672 5.24942
    endloop
  endfacet
  facet normal -5.3388e-05 -0.787902 -0.615801
    outer loop
      vertex 7.48282 4.52244 4.98611
      vertex 9.54024 4.90223 4.5
      vertex 7.49085 4.52072 4.98831
    endloop
  endfacet
  facet normal 0.00014739 -0.788833 -0.614607
    outer loop
      vertex 6.63267 4.70448 4.75311
      vertex 9.54024 4.90223 4.5
      vertex 6.64081 4.70297 4.75505
    endloop
  endfacet
  facet normal -1.92363e-05 -0.787351 -0.616505
    outer loop
      vertex 5.77088 4.86444 4.54838
      vertex 9.54024 4.90223 4.5
      vertex 5.77911 4.86314 4.55004
    endloop
  endfacet
  facet normal 0 -0.787983 -0.615697
    outer loop
      vertex -18.8501 0.55162 10.0685
      vertex -16.2733 0.761024 9.8005
      vertex -16.5547 0.55162 10.0685
    endloop
  endfacet
  facet normal -3.41545e-06 -0.787967 -0.615717
    outer loop
      vertex -18.8501 0.55162 10.0685
      vertex -16.2679 0.765056 9.79534
      vertex -16.2733 0.761024 9.8005
    endloop
  endfacet
  facet normal -0.000107707 -0.787489 -0.616329
    outer loop
      vertex -18.8501 0.55162 10.0685
      vertex -16.2622 0.768945 9.79037
      vertex -16.2679 0.765056 9.79534
    endloop
  endfacet
  facet normal 8.60335e-06 -0.788014 -0.615658
    outer loop
      vertex -18.8501 0.55162 10.0685
      vertex -15.6656 1.17688 9.26824
      vertex -16.2622 0.768945 9.79037
    endloop
  endfacet
  facet normal 1.45494e-05 -0.788025 -0.615643
    outer loop
      vertex -18.8501 0.55162 10.0685
      vertex -15.0418 1.56907 8.76625
      vertex -15.6656 1.17688 9.26824
    endloop
  endfacet
  facet normal 0.00023968 -0.788345 -0.615234
    outer loop
      vertex -18.8501 0.55162 10.0685
      vertex -15.0358 1.57281 8.76146
      vertex -15.0418 1.56907 8.76625
    endloop
  endfacet
  facet normal -0.00127789 -0.786192 -0.617981
    outer loop
      vertex -18.8501 0.55162 10.0685
      vertex -15.0296 1.5764 8.75688
      vertex -15.0358 1.57281 8.76146
    endloop
  endfacet
  facet normal 1.90851e-05 -0.788029 -0.615638
    outer loop
      vertex -18.8501 0.55162 10.0685
      vertex -14.3797 1.95216 8.27592
      vertex -15.0296 1.5764 8.75688
    endloop
  endfacet
  facet normal 6.91671e-06 -0.788014 -0.615657
    outer loop
      vertex -18.8501 0.55162 10.0685
      vertex -13.7047 2.31085 7.81682
      vertex -14.3797 1.95216 8.27592
    endloop
  endfacet
  facet normal 0.000938717 -0.789046 -0.614334
    outer loop
      vertex -18.8501 0.55162 10.0685
      vertex -13.6983 2.31426 7.81245
      vertex -13.7047 2.31085 7.81682
    endloop
  endfacet
  facet normal -0.00275163 -0.784946 -0.619558
    outer loop
      vertex -18.8501 0.55162 10.0685
      vertex -13.6916 2.31752 7.80829
      vertex -13.6983 2.31426 7.81245
    endloop
  endfacet
  facet normal 3.85502e-05 -0.788048 -0.615613
    outer loop
      vertex -18.8501 0.55162 10.0685
      vertex -12.9929 2.65848 7.37187
      vertex -13.6916 2.31752 7.80829
    endloop
  endfacet
  facet normal 6.76379e-06 -0.788015 -0.615656
    outer loop
      vertex -9.54024 4.90223 4.5
      vertex -12.9929 2.65848 7.37187
      vertex -18.8501 0.55162 10.0685
    endloop
  endfacet
  facet normal -1.83323e-05 -0.788 -0.615675
    outer loop
      vertex -12.9929 2.65848 7.37187
      vertex -9.54024 4.90223 4.5
      vertex -12.2716 2.98113 6.95889
    endloop
  endfacet
  facet normal 0.00297215 -0.789606 -0.613607
    outer loop
      vertex -12.2716 2.98113 6.95889
      vertex -9.54024 4.90223 4.5
      vertex -12.2647 2.98421 6.95496
    endloop
  endfacet
  facet normal -2.20153e-05 -0.788 -0.615676
    outer loop
      vertex -12.2647 2.98421 6.95496
      vertex -9.54024 4.90223 4.5
      vertex -11.5221 3.28798 6.56614
    endloop
  endfacet
  facet normal -8.48813e-07 -0.788012 -0.61566
    outer loop
      vertex -9.54024 4.90223 4.5
      vertex -7.49875 4.51879 4.99078
      vertex -8.32775 4.31672 5.24942
    endloop
  endfacet
  facet normal 5.3388e-05 -0.787902 -0.615801
    outer loop
      vertex -9.54024 4.90223 4.5
      vertex -7.48282 4.52244 4.98611
      vertex -7.49085 4.52072 4.98831
    endloop
  endfacet
  facet normal -0.00014739 -0.788833 -0.614607
    outer loop
      vertex -9.54024 4.90223 4.5
      vertex -6.63267 4.70448 4.75311
      vertex -6.64081 4.70297 4.75505
    endloop
  endfacet
  facet normal 0.0020519 -0.788962 -0.614438
    outer loop
      vertex -11.5221 3.28798 6.56614
      vertex -9.54024 4.90223 4.5
      vertex -11.515 3.29088 6.56244
    endloop
  endfacet
  facet normal -0.000208625 -0.787915 -0.615784
    outer loop
      vertex -9.54024 4.90223 4.5
      vertex -11.5077 3.29359 6.55897
      vertex -11.515 3.29088 6.56244
    endloop
  endfacet
  facet normal -7.37342e-06 -0.788008 -0.615665
    outer loop
      vertex -9.54024 4.90223 4.5
      vertex -10.7451 3.57795 6.195
      vertex -11.5077 3.29359 6.55897
    endloop
  endfacet
  facet normal 0.000644161 -0.788232 -0.615377
    outer loop
      vertex -9.54024 4.90223 4.5
      vertex -10.7376 3.58047 6.19178
      vertex -10.7451 3.57795 6.195
    endloop
  endfacet
  facet normal 1.63029e-06 -0.788012 -0.61566
    outer loop
      vertex -9.54024 4.90223 4.5
      vertex -9.95628 3.84492 5.8533
      vertex -10.7376 3.58047 6.19178
    endloop
  endfacet
  facet normal 0.000208921 -0.788043 -0.61562
    outer loop
      vertex -9.54024 4.90223 4.5
      vertex -9.94866 3.84725 5.85032
      vertex -9.95628 3.84492 5.8533
    endloop
  endfacet
  facet normal -2.61035e-06 -0.788012 -0.61566
    outer loop
      vertex -9.54024 4.90223 4.5
      vertex -9.15004 4.09132 5.53792
      vertex -9.94866 3.84725 5.85032
    endloop
  endfacet
  facet normal -0.000260218 -0.788059 -0.6156
    outer loop
      vertex -9.54024 4.90223 4.5
      vertex -9.14227 4.09345 5.53519
      vertex -9.15004 4.09132 5.53792
    endloop
  endfacet
  facet normal 1.4911e-06 -0.78801 -0.615662
    outer loop
      vertex -9.54024 4.90223 4.5
      vertex -8.32775 4.31672 5.24942
      vertex -9.14227 4.09345 5.53519
    endloop
  endfacet
  facet normal 9.59409e-06 -0.787991 -0.615687
    outer loop
      vertex -7.49875 4.51879 4.99078
      vertex -9.54024 4.90223 4.5
      vertex -7.49085 4.52072 4.98831
    endloop
  endfacet
  facet normal 2.81544e-06 -0.788006 -0.615668
    outer loop
      vertex -7.48282 4.52244 4.98611
      vertex -9.54024 4.90223 4.5
      vertex -6.64081 4.70297 4.75505
    endloop
  endfacet
  facet normal 1.30939e-06 -0.788005 -0.615668
    outer loop
      vertex -6.63267 4.70448 4.75311
      vertex -9.54024 4.90223 4.5
      vertex -5.77911 4.86314 4.55004
    endloop
  endfacet
  facet normal 1.92363e-05 -0.787351 -0.616505
    outer loop
      vertex -9.54024 4.90223 4.5
      vertex -5.77088 4.86444 4.54838
      vertex -5.77911 4.86314 4.55004
    endloop
  endfacet
  facet normal 0 -0.788079 -0.615574
    outer loop
      vertex -5.77088 4.86444 4.54838
      vertex -9.54024 4.90223 4.5
      vertex -5.53179 4.90223 4.5
    endloop
  endfacet
  facet normal 0.904845 -0.262112 0.335488
    outer loop
      vertex 21.2856 -5.8346 34.4852
      vertex 20.8701 -6.37825 35.1811
      vertex 21.2856 -13.7147 28.3286
    endloop
  endfacet
  facet normal 0.844334 -0.32988 0.422231
    outer loop
      vertex 19.93 -7.43105 36.5286
      vertex 19.4071 -15.8185 31.0213
      vertex 19.93 -15.3112 30.372
    endloop
  endfacet
  facet normal -0.74315 -0.411953 0.527279
    outer loop
      vertex -16.985 -9.81977 39.586
      vertex -17.638 -17.2534 32.8579
      vertex -16.985 -17.6999 33.4294
    endloop
  endfacet
  facet normal 0.00317374 -0.789097 -0.614261
    outer loop
      vertex 20.4179 -14.7908 29.706
      vertex 19.93 -15.3112 30.372
      vertex 20.8701 -14.2584 29.0244
    endloop
  endfacet
  facet normal 0.00075399 0.789157 0.614191
    outer loop
      vertex -8.12173 -13.4452 44.2264
      vertex -9.92066 -12.9797 43.6305
      vertex -9.02911 -13.224 43.9433
    endloop
  endfacet
  facet normal 0.904836 -0.262125 0.335502
    outer loop
      vertex 20.8701 -6.37825 35.1811
      vertex 20.8701 -14.2584 29.0244
      vertex 21.2856 -13.7147 28.3286
    endloop
  endfacet
  facet normal -0.904836 -0.262125 0.335502
    outer loop
      vertex -20.8701 -6.37825 35.1811
      vertex -21.2856 -13.7147 28.3286
      vertex -20.8701 -14.2584 29.0244
    endloop
  endfacet
  facet normal 0 0.787505 0.616308
    outer loop
      vertex 0.487958 14.3418 8.66064
      vertex -1.46302 14.3166 8.69284
      vertex 1.46302 14.3166 8.69284
    endloop
  endfacet
  facet normal 0 0.787505 0.616308
    outer loop
      vertex -1.46302 14.3166 8.69284
      vertex 0.487958 14.3418 8.66064
      vertex -0.487958 14.3418 8.66064
    endloop
  endfacet
  facet normal -0 -0.788011 -0.615661
    outer loop
      vertex -9.54024 4.90223 4.5
      vertex -15.5907 2.78024 7.21603
      vertex -9.89958 4.90223 4.5
    endloop
  endfacet
  facet normal -8.05833e-06 -0.788003 -0.615672
    outer loop
      vertex -15.5907 2.78024 7.21603
      vertex -9.54024 4.90223 4.5
      vertex -18.8501 0.55162 10.0685
    endloop
  endfacet
  facet normal 0 0.788008 0.615665
    outer loop
      vertex 20.4179 6.91071 18.172
      vertex 17.6954 4.92529 20.7132
      vertex 21.0331 4.92529 20.7132
    endloop
  endfacet
  facet normal -8.61177e-07 0.788009 0.615664
    outer loop
      vertex 17.6954 4.92529 20.7132
      vertex 20.4179 6.91071 18.172
      vertex 11.65 12.4231 11.1165
    endloop
  endfacet
  facet normal 0.00047719 0.787931 0.615763
    outer loop
      vertex -13.2936 8.35759 16.32
      vertex -11.65 12.4231 11.1165
      vertex -13.3639 8.3134 16.3766
    endloop
  endfacet
  facet normal 2.36926e-05 0.788 0.615675
    outer loop
      vertex -12.7135 8.69299 15.8907
      vertex -11.65 12.4231 11.1165
      vertex -13.2936 8.35759 16.32
    endloop
  endfacet
  facet normal -0.000146927 0.788019 0.615651
    outer loop
      vertex -11.65 12.4231 11.1165
      vertex -12.7135 8.69299 15.8907
      vertex -12.3789 8.87079 15.6632
    endloop
  endfacet
  facet normal -2.29218e-06 0.788009 0.615664
    outer loop
      vertex -15.5733 -6.69678 35.5888
      vertex -19.93 -7.43105 36.5286
      vertex -16.3022 -10.249 40.1354
    endloop
  endfacet
  facet normal -1.54622e-06 0.788007 0.615666
    outer loop
      vertex -15.8255 -6.47333 35.3028
      vertex -19.93 -7.43105 36.5286
      vertex -15.5733 -6.69678 35.5888
    endloop
  endfacet
  facet normal -1.05383e-05 0.788022 0.615648
    outer loop
      vertex -16.2519 -6.05966 34.7733
      vertex -19.93 -7.43105 36.5286
      vertex -15.8255 -6.47333 35.3028
    endloop
  endfacet
  facet normal -3.08833e-06 0.788014 0.615657
    outer loop
      vertex -16.6498 -5.63535 34.2302
      vertex -19.93 -7.43105 36.5286
      vertex -16.2519 -6.05966 34.7733
    endloop
  endfacet
  facet normal -2.50169e-05 0.788029 0.615638
    outer loop
      vertex -17.0185 -5.20115 33.6744
      vertex -19.93 -7.43105 36.5286
      vertex -16.6498 -5.63535 34.2302
    endloop
  endfacet
  facet normal 2.3672e-05 0.788005 0.615669
    outer loop
      vertex -17.3574 -4.75783 33.107
      vertex -19.93 -7.43105 36.5286
      vertex -17.0185 -5.20115 33.6744
    endloop
  endfacet
  facet normal 1.41302e-05 0.788009 0.615664
    outer loop
      vertex -17.6658 -4.30616 32.5289
      vertex -19.93 -7.43105 36.5286
      vertex -17.3574 -4.75783 33.107
    endloop
  endfacet
  facet normal -2.19959e-05 0.788019 0.615652
    outer loop
      vertex -17.9431 -3.84694 31.9411
      vertex -19.93 -7.43105 36.5286
      vertex -17.6658 -4.30616 32.5289
    endloop
  endfacet
  facet normal 2.52635e-05 0.788009 0.615664
    outer loop
      vertex -18.1891 -3.38097 31.3447
      vertex -19.93 -7.43105 36.5286
      vertex -17.9431 -3.84694 31.9411
    endloop
  endfacet
  facet normal 0.000695544 0.787899 0.615804
    outer loop
      vertex -19.93 -7.43105 36.5286
      vertex -18.1891 -3.38097 31.3447
      vertex -18.2161 -3.32139 31.2685
    endloop
  endfacet
  facet normal 0.587766 0.498088 -0.637526
    outer loop
      vertex 14.0872 11.4262 12.3925
      vertex 13.2976 3.89921 5.78382
      vertex 13.2976 11.7793 11.9404
    endloop
  endfacet
  facet normal -2.45027e-05 0.788069 0.615587
    outer loop
      vertex -9.02911 13.224 10.0913
      vertex -11.65 12.4231 11.1165
      vertex -3.40373 14.191 8.85358
    endloop
  endfacet
  facet normal -0.00317374 -0.789097 -0.614261
    outer loop
      vertex -20.4179 -14.7908 29.706
      vertex -20.8701 -14.2584 29.0244
      vertex -19.93 -15.3112 30.372
    endloop
  endfacet
  facet normal 0.684529 -0.448805 0.574452
    outer loop
      vertex 15.5907 -10.6603 40.6619
      vertex 15.5907 -18.5405 34.5053
      vertex 16.3022 -10.249 40.1354
    endloop
  endfacet
  facet normal 3.44984e-05 -0.787988 -0.61569
    outer loop
      vertex 18.8501 0.55162 10.0685
      vertex 16.985 1.93966 8.29192
      vertex 17.638 1.49315 8.86342
    endloop
  endfacet
  facet normal -0.000208194 0.788359 0.615215
    outer loop
      vertex 9.92066 -12.9797 43.6305
      vertex 7.2001 -13.6428 44.4793
      vertex 8.12173 -13.4452 44.2264
    endloop
  endfacet
  facet normal 0.770516 -0.392436 0.502295
    outer loop
      vertex 17.638 -9.37326 39.0145
      vertex 18.2601 -16.7904 32.2653
      vertex 18.2601 -8.91031 38.4219
    endloop
  endfacet
  facet normal 0.770529 -0.392424 0.502284
    outer loop
      vertex 18.2601 -16.7904 32.2653
      vertex 17.638 -9.37326 39.0145
      vertex 17.638 -17.2534 32.8579
    endloop
  endfacet
  facet normal 0.000283344 -0.787986 -0.615693
    outer loop
      vertex -23.1163 -9.678 23.1618
      vertex -23.2183 -9.08046 22.397
      vertex -22.9737 -10.2724 23.9226
    endloop
  endfacet
  facet normal 2.81284e-05 0.788046 0.615616
    outer loop
      vertex -23.1163 -1.79789 29.3185
      vertex -18.2161 -3.32139 31.2685
      vertex -18.4031 -2.90907 30.7407
    endloop
  endfacet
  facet normal -8.49428e-06 0.787988 0.615691
    outer loop
      vertex -23.1163 -1.79789 29.3185
      vertex -18.4031 -2.90907 30.7407
      vertex -18.5848 -2.43206 30.1302
    endloop
  endfacet
  facet normal 5.49169e-07 0.788012 0.61566
    outer loop
      vertex -23.1163 -1.79789 29.3185
      vertex -18.5848 -2.43206 30.1302
      vertex -18.7339 -1.95079 29.5142
    endloop
  endfacet
  facet normal -2.02025e-06 0.78801 0.615663
    outer loop
      vertex -18.2161 -3.32139 31.2685
      vertex -23.1163 -1.79789 29.3185
      vertex -19.93 -7.43105 36.5286
    endloop
  endfacet
  facet normal 9.84991e-07 0.788017 0.615654
    outer loop
      vertex -18.8502 -1.46609 28.8938
      vertex -23.1163 -1.79789 29.3185
      vertex -18.7339 -1.95079 29.5142
    endloop
  endfacet
  facet normal -8.95527e-07 0.788026 0.615642
    outer loop
      vertex -18.9334 -0.978827 28.2701
      vertex -23.1163 -1.79789 29.3185
      vertex -18.8502 -1.46609 28.8938
    endloop
  endfacet
  facet normal -2.08368e-07 0.788025 0.615644
    outer loop
      vertex -18.9833 -0.489843 27.6442
      vertex -23.1163 -1.79789 29.3185
      vertex -18.9334 -0.978827 28.2701
    endloop
  endfacet
  facet normal 3.89987e-05 0.787978 0.615704
    outer loop
      vertex -19 8.72764e-08 27.0173
      vertex -23.1163 -1.79789 29.3185
      vertex -18.9833 -0.489843 27.6442
    endloop
  endfacet
  facet normal -1.5675e-05 0.788025 0.615643
    outer loop
      vertex -18.9833 0.489843 26.3903
      vertex -23.1163 -1.79789 29.3185
      vertex -19 8.72764e-08 27.0173
    endloop
  endfacet
  facet normal -1.58643e-05 0.788025 0.615643
    outer loop
      vertex -18.9334 0.978827 25.7644
      vertex -23.1163 -1.79789 29.3185
      vertex -18.9833 0.489843 26.3903
    endloop
  endfacet
  facet normal 7.51966e-05 0.787973 0.61571
    outer loop
      vertex -18.8502 1.46609 25.1408
      vertex -23.1163 -1.79789 29.3185
      vertex -18.9334 0.978827 25.7644
    endloop
  endfacet
  facet normal -1.53175e-05 0.788018 0.615652
    outer loop
      vertex -18.7339 1.95079 24.5204
      vertex -23.1163 -1.79789 29.3185
      vertex -18.8502 1.46609 25.1408
    endloop
  endfacet
  facet normal -2.10212e-06 0.788012 0.61566
    outer loop
      vertex -18.5848 2.43206 23.9044
      vertex -23.1163 -1.79789 29.3185
      vertex -18.7339 1.95079 24.5204
    endloop
  endfacet
  facet normal -0.000100597 0.788052 0.615608
    outer loop
      vertex -18.4031 2.90907 23.2938
      vertex -23.1163 -1.79789 29.3185
      vertex -18.5848 2.43206 23.9044
    endloop
  endfacet
  facet normal 2.63547e-05 0.788004 0.61567
    outer loop
      vertex -18.1891 3.38097 22.6898
      vertex -23.1163 -1.79789 29.3185
      vertex -18.4031 2.90907 23.2938
    endloop
  endfacet
  facet normal 6.21966e-05 0.787991 0.615687
    outer loop
      vertex -17.9431 3.84694 22.0934
      vertex -23.1163 -1.79789 29.3185
      vertex -18.1891 3.38097 22.6898
    endloop
  endfacet
  facet normal -9.16614e-05 0.788045 0.615618
    outer loop
      vertex -17.6658 4.30616 21.5056
      vertex -23.1163 -1.79789 29.3185
      vertex -17.9431 3.84694 22.0934
    endloop
  endfacet
  facet normal 0.000107593 0.787977 0.615705
    outer loop
      vertex -17.3574 4.75783 20.9275
      vertex -23.1163 -1.79789 29.3185
      vertex -17.6658 4.30616 21.5056
    endloop
  endfacet
  facet normal 0.00033939 0.7879 0.615803
    outer loop
      vertex -17.0185 5.20115 20.3601
      vertex -23.1163 -1.79789 29.3185
      vertex -17.3574 4.75783 20.9275
    endloop
  endfacet
  facet normal -0.000618734 0.788183 0.615441
    outer loop
      vertex -11.65 12.4231 11.1165
      vertex -17.0185 5.20115 20.3601
      vertex -16.6498 5.63535 19.8044
    endloop
  endfacet
  facet normal 7.5321e-05 0.787987 0.615692
    outer loop
      vertex -17.0185 5.20115 20.3601
      vertex -11.65 12.4231 11.1165
      vertex -23.1163 -1.79789 29.3185
    endloop
  endfacet
  facet normal 6.81975e-05 0.787991 0.615687
    outer loop
      vertex -16.2519 6.05966 19.2613
      vertex -11.65 12.4231 11.1165
      vertex -16.6498 5.63535 19.8044
    endloop
  endfacet
  facet normal 0.000138444 0.787972 0.615712
    outer loop
      vertex -15.8255 6.47333 18.7318
      vertex -11.65 12.4231 11.1165
      vertex -16.2519 6.05966 19.2613
    endloop
  endfacet
  facet normal 0.000161329 0.787966 0.615719
    outer loop
      vertex -15.3713 6.87566 18.2168
      vertex -11.65 12.4231 11.1165
      vertex -15.8255 6.47333 18.7318
    endloop
  endfacet
  facet normal -8.50069e-06 0.788009 0.615664
    outer loop
      vertex -14.8902 7.26592 17.7173
      vertex -11.65 12.4231 11.1165
      vertex -15.3713 6.87566 18.2168
    endloop
  endfacet
  facet normal 3.59622e-05 0.787998 0.615678
    outer loop
      vertex -14.3829 7.64343 17.2341
      vertex -11.65 12.4231 11.1165
      vertex -14.8902 7.26592 17.7173
    endloop
  endfacet
  facet normal -6.08129e-05 0.788019 0.615651
    outer loop
      vertex -13.8504 8.00754 16.7681
      vertex -11.65 12.4231 11.1165
      vertex -14.3829 7.64343 17.2341
    endloop
  endfacet
  facet normal 3.89666e-05 0.788 0.615675
    outer loop
      vertex -11.65 12.4231 11.1165
      vertex -13.8504 8.00754 16.7681
      vertex -13.3639 8.3134 16.3766
    endloop
  endfacet
  facet normal -0.553435 -0.512779 0.656328
    outer loop
      vertex -13.2976 -11.7793 42.0941
      vertex -13.2976 -19.6594 35.9375
      vertex -12.4848 -12.1118 42.5197
    endloop
  endfacet
  facet normal -4.09834e-05 0.787924 0.615772
    outer loop
      vertex 6.26583 13.8165 9.33297
      vertex 3.40373 14.191 8.85358
      vertex 9.02911 13.224 10.0913
    endloop
  endfacet
  facet normal -7.14283e-05 -0.788005 -0.615669
    outer loop
      vertex 18.366 -1.01086 12.0684
      vertex 18.0453 -0.699795 11.6703
      vertex 18.8501 0.55162 10.0685
    endloop
  endfacet
  facet normal 8.01433e-05 -0.788016 -0.615655
    outer loop
      vertex 9.14227 -19.8537 36.1861
      vertex 9 -20.8414 37.4503
      vertex 9 -19.8927 36.236
    endloop
  endfacet
  facet normal 0.009561 -0.788497 -0.614964
    outer loop
      vertex 9.15004 -19.8515 36.1834
      vertex 9 -20.8414 37.4503
      vertex 9.14227 -19.8537 36.1861
    endloop
  endfacet
  facet normal -9.89445e-05 -0.787978 -0.615703
    outer loop
      vertex 9.94866 -19.6075 35.871
      vertex 9 -20.8414 37.4503
      vertex 9.15004 -19.8515 36.1834
    endloop
  endfacet
  facet normal 0.00762139 -0.7902 -0.612802
    outer loop
      vertex 9.95628 -19.6051 35.868
      vertex 9 -20.8414 37.4503
      vertex 9.94866 -19.6075 35.871
    endloop
  endfacet
  facet normal 1.0301e-05 -0.787996 -0.61568
    outer loop
      vertex 9 -20.8414 37.4503
      vertex 9.95628 -19.6051 35.868
      vertex 12.4848 -19.9919 36.3631
    endloop
  endfacet
  facet normal -1.735e-05 -0.788065 -0.615592
    outer loop
      vertex 10.7376 -19.3407 35.5295
      vertex 12.4848 -19.9919 36.3631
      vertex 9.95628 -19.6051 35.868
    endloop
  endfacet
  facet normal 1.06464e-05 -0.788036 -0.615629
    outer loop
      vertex 10.7451 -19.3382 35.5263
      vertex 12.4848 -19.9919 36.3631
      vertex 10.7376 -19.3407 35.5295
    endloop
  endfacet
  facet normal 2.4247e-05 -0.788023 -0.615646
    outer loop
      vertex 11.5077 -19.0538 35.1623
      vertex 12.4848 -19.9919 36.3631
      vertex 10.7451 -19.3382 35.5263
    endloop
  endfacet
  facet normal 0.00342446 -0.786674 -0.617359
    outer loop
      vertex 11.515 -19.0511 35.1589
      vertex 12.4848 -19.9919 36.3631
      vertex 11.5077 -19.0538 35.1623
    endloop
  endfacet
  facet normal 0.000728152 -0.787734 -0.616016
    outer loop
      vertex 11.5221 -19.0482 35.1552
      vertex 12.4848 -19.9919 36.3631
      vertex 11.515 -19.0511 35.1589
    endloop
  endfacet
  facet normal -2.78361e-05 -0.788026 -0.615642
    outer loop
      vertex 12.2647 -18.7444 34.7663
      vertex 12.4848 -19.9919 36.3631
      vertex 11.5221 -19.0482 35.1552
    endloop
  endfacet
  facet normal -0.00496853 -0.788347 -0.615211
    outer loop
      vertex 12.2716 -18.7414 34.7624
      vertex 12.4848 -19.9919 36.3631
      vertex 12.2647 -18.7444 34.7663
    endloop
  endfacet
  facet normal 0.000143531 -0.788026 -0.615642
    outer loop
      vertex 12.4848 -19.9919 36.3631
      vertex 12.2716 -18.7414 34.7624
      vertex 12.9689 -18.4294 34.3632
    endloop
  endfacet
  facet normal 0.714478 0.430754 -0.551336
    outer loop
      vertex 16.985 1.93966 8.29192
      vertex 16.3022 2.36894 7.74247
      vertex 16.3022 10.249 13.8991
    endloop
  endfacet
  facet normal 0.844358 0.329859 -0.422201
    outer loop
      vertex 19.93 7.43105 17.506
      vertex 19.4071 0.0582457 10.7
      vertex 19.4071 7.93835 16.8566
    endloop
  endfacet
  facet normal 0.844334 0.329884 -0.422227
    outer loop
      vertex 19.93 -0.449055 11.3493
      vertex 19.4071 0.0582457 10.7
      vertex 19.93 7.43105 17.506
    endloop
  endfacet
  facet normal 0.00150899 0.788005 0.615667
    outer loop
      vertex -23.2796 0.600702 26.2484
      vertex -23.3 0 27.0173
      vertex -23.2796 -0.600702 27.7861
    endloop
  endfacet
  facet normal -9.69405e-06 0.788006 0.615668
    outer loop
      vertex -23.2796 0.600702 26.2484
      vertex -23.2796 -0.600702 27.7861
      vertex -23.2183 1.20035 25.4809
    endloop
  endfacet
  facet normal -0.00147096 0.787609 0.616173
    outer loop
      vertex -20.8701 -6.37825 35.1811
      vertex -21.6638 -5.28071 33.7763
      vertex -21.2856 -5.8346 34.4852
    endloop
  endfacet
  facet normal 0.000851687 -0.787993 -0.615684
    outer loop
      vertex -23.2183 -9.08046 22.397
      vertex -23.3 -7.88011 20.8606
      vertex -23.2796 -7.2794 20.0918
    endloop
  endfacet
  facet normal 0 0.788006 0.615667
    outer loop
      vertex 0.487958 -14.3418 45.3739
      vertex 0.397905 -11.695 41.9862
      vertex -0.487958 -14.3418 45.3739
    endloop
  endfacet
  facet normal 4.76403e-05 0.788007 0.615666
    outer loop
      vertex 0.487958 -14.3418 45.3739
      vertex 1.19302 -11.6745 41.9599
      vertex 0.397905 -11.695 41.9862
    endloop
  endfacet
  facet normal -6.12254e-05 0.788018 0.615652
    outer loop
      vertex 0.487958 -14.3418 45.3739
      vertex 1.98604 -11.6335 41.9075
      vertex 1.19302 -11.6745 41.9599
    endloop
  endfacet
  facet normal 1.06567e-05 0.788003 0.615672
    outer loop
      vertex 0.487958 -14.3418 45.3739
      vertex 2.77558 -11.5721 41.8289
      vertex 1.98604 -11.6335 41.9075
    endloop
  endfacet
  facet normal 2.6073e-05 0.787998 0.615678
    outer loop
      vertex 0.487958 -14.3418 45.3739
      vertex 3.56024 -11.4904 41.7243
      vertex 2.77558 -11.5721 41.8289
    endloop
  endfacet
  facet normal -2.31465e-05 0.788018 0.615652
    outer loop
      vertex 0.487958 -14.3418 45.3739
      vertex 4.33867 -11.3885 41.5939
      vertex 3.56024 -11.4904 41.7243
    endloop
  endfacet
  facet normal 0.00010588 0.787954 0.615734
    outer loop
      vertex 0.487958 -14.3418 45.3739
      vertex 5.10948 -11.2667 41.4379
      vertex 4.33867 -11.3885 41.5939
    endloop
  endfacet
  facet normal -0.000190753 0.788123 0.615517
    outer loop
      vertex 0.487958 -14.3418 45.3739
      vertex 5.87132 -11.125 41.2567
      vertex 5.10948 -11.2667 41.4379
    endloop
  endfacet
  facet normal -0 0.788004 0.615671
    outer loop
      vertex 6.20763 -11.0529 41.1644
      vertex 0.487958 -14.3418 45.3739
      vertex 14.852 -11.0529 41.1644
    endloop
  endfacet
  facet normal 5.37164e-05 0.787968 0.615716
    outer loop
      vertex 0.487958 -14.3418 45.3739
      vertex 6.20763 -11.0529 41.1644
      vertex 5.87132 -11.125 41.2567
    endloop
  endfacet
  facet normal -0 0.788006 0.615667
    outer loop
      vertex -0.397905 -11.695 41.9862
      vertex -0.487958 -14.3418 45.3739
      vertex 0.397905 -11.695 41.9862
    endloop
  endfacet
  facet normal -4.76403e-05 0.788007 0.615666
    outer loop
      vertex -1.19302 -11.6745 41.9599
      vertex -0.487958 -14.3418 45.3739
      vertex -0.397905 -11.695 41.9862
    endloop
  endfacet
  facet normal 6.12254e-05 0.788018 0.615652
    outer loop
      vertex -1.98604 -11.6335 41.9075
      vertex -0.487958 -14.3418 45.3739
      vertex -1.19302 -11.6745 41.9599
    endloop
  endfacet
  facet normal -1.06567e-05 0.788003 0.615672
    outer loop
      vertex -2.77558 -11.5721 41.8289
      vertex -0.487958 -14.3418 45.3739
      vertex -1.98604 -11.6335 41.9075
    endloop
  endfacet
  facet normal -2.6073e-05 0.787998 0.615678
    outer loop
      vertex -3.56024 -11.4904 41.7243
      vertex -0.487958 -14.3418 45.3739
      vertex -2.77558 -11.5721 41.8289
    endloop
  endfacet
  facet normal 2.31465e-05 0.788018 0.615652
    outer loop
      vertex -4.33867 -11.3885 41.5939
      vertex -0.487958 -14.3418 45.3739
      vertex -3.56024 -11.4904 41.7243
    endloop
  endfacet
  facet normal -0.00010588 0.787954 0.615734
    outer loop
      vertex -5.10948 -11.2667 41.4379
      vertex -0.487958 -14.3418 45.3739
      vertex -4.33867 -11.3885 41.5939
    endloop
  endfacet
  facet normal 0.000190753 0.788123 0.615517
    outer loop
      vertex -5.87132 -11.125 41.2567
      vertex -0.487958 -14.3418 45.3739
      vertex -5.10948 -11.2667 41.4379
    endloop
  endfacet
  facet normal -5.37164e-05 0.787968 0.615716
    outer loop
      vertex -6.20763 -11.0529 41.1644
      vertex -0.487958 -14.3418 45.3739
      vertex -5.87132 -11.125 41.2567
    endloop
  endfacet
  facet normal 0 0.788004 0.615671
    outer loop
      vertex -0.487958 -14.3418 45.3739
      vertex -6.20763 -11.0529 41.1644
      vertex -14.852 -11.0529 41.1644
    endloop
  endfacet
  facet normal -0.587713 -0.498112 0.637556
    outer loop
      vertex -14.0872 -11.4262 41.6421
      vertex -14.0872 -19.3063 35.4855
      vertex -13.2976 -19.6594 35.9375
    endloop
  endfacet
  facet normal -1.96828e-05 -0.788006 -0.615667
    outer loop
      vertex 13.2976 -19.6594 35.9375
      vertex 12.4848 -19.9919 36.3631
      vertex 20.8701 -14.2584 29.0244
    endloop
  endfacet
  facet normal -8.21325e-05 0.78802 0.61565
    outer loop
      vertex -21.2856 5.8346 19.5493
      vertex -23.2796 -0.600702 27.7861
      vertex -23.1163 -1.79789 29.3185
    endloop
  endfacet
  facet normal -0.000809715 0.787317 0.616548
    outer loop
      vertex -12.4848 -12.1118 42.5197
      vertex -14.852 -11.0529 41.1644
      vertex -14.0872 -11.4262 41.6421
    endloop
  endfacet
  facet normal 4.39384e-05 0.78817 0.615457
    outer loop
      vertex 4.36598 14.0908 8.98183
      vertex 3.40373 14.191 8.85358
      vertex 6.26583 13.8165 9.33297
    endloop
  endfacet
  facet normal 2.45027e-05 0.788069 0.615587
    outer loop
      vertex 9.02911 13.224 10.0913
      vertex 3.40373 14.191 8.85358
      vertex 11.65 12.4231 11.1165
    endloop
  endfacet
  facet normal 0 0.788 0.615676
    outer loop
      vertex 21.8785 4.92529 20.7132
      vertex 21.6638 5.28071 20.2583
      vertex 21.8648 4.92529 20.7132
    endloop
  endfacet
  facet normal -0 0.788 0.615676
    outer loop
      vertex 21.8621 -4.92529 33.3214
      vertex 21.6638 -5.28071 33.7763
      vertex 21.8785 -4.92529 33.3214
    endloop
  endfacet
  facet normal 0.000220388 0.787953 0.615735
    outer loop
      vertex 21.6638 -5.28071 33.7763
      vertex 21.8621 -4.92529 33.3214
      vertex 20.8701 -6.37825 35.1811
    endloop
  endfacet
  facet normal 0.684529 -0.448805 0.574452
    outer loop
      vertex 16.3022 -10.249 40.1354
      vertex 15.5907 -18.5405 34.5053
      vertex 16.3022 -18.1292 33.9788
    endloop
  endfacet
  facet normal 0.00018557 -0.788042 -0.615622
    outer loop
      vertex 18.8501 0.55162 10.0685
      vertex 18.3861 -1.03082 12.094
      vertex 18.3819 -1.02629 12.0882
    endloop
  endfacet
  facet normal 0.463258 -0.479232 -0.745472
    outer loop
      vertex 18.366 -1.01086 12.0684
      vertex 18.3819 -1.02629 12.0882
      vertex 18.3773 -1.02187 12.0825
    endloop
  endfacet
  facet normal 0.000129807 -0.788005 -0.615669
    outer loop
      vertex 19.2489 -1.99731 13.331
      vertex 18.8501 0.55162 10.0685
      vertex 19.5586 -2.40252 13.8497
    endloop
  endfacet
  facet normal -0.000103641 -0.788019 -0.615651
    outer loop
      vertex 18.8359 -1.51084 12.7084
      vertex 18.8501 0.55162 10.0685
      vertex 19.2489 -1.99731 13.331
    endloop
  endfacet
  facet normal 0.0112537 -0.787998 -0.615575
    outer loop
      vertex 18.8319 -1.50621 12.7024
      vertex 18.8501 0.55162 10.0685
      vertex 18.8359 -1.51084 12.7084
    endloop
  endfacet
  facet normal -9.70325e-05 -0.78801 -0.615662
    outer loop
      vertex 18.3861 -1.03082 12.094
      vertex 18.8501 0.55162 10.0685
      vertex 18.8319 -1.50621 12.7024
    endloop
  endfacet
  facet normal 0.0014979 -0.788188 -0.615432
    outer loop
      vertex 18.8501 0.55162 10.0685
      vertex 18.3819 -1.02629 12.0882
      vertex 18.366 -1.01086 12.0684
    endloop
  endfacet
  facet normal -0.00311819 -0.787639 -0.616129
    outer loop
      vertex 12.9929 -18.4187 34.3494
      vertex 12.4848 -19.9919 36.3631
      vertex 12.9689 -18.4294 34.3632
    endloop
  endfacet
  facet normal 8.45855e-05 -0.788035 -0.61563
    outer loop
      vertex 13.6916 -18.0777 33.913
      vertex 12.4848 -19.9919 36.3631
      vertex 12.9929 -18.4187 34.3494
    endloop
  endfacet
  facet normal -0.000542763 -0.787885 -0.615822
    outer loop
      vertex 13.6983 -18.0745 33.9089
      vertex 12.4848 -19.9919 36.3631
      vertex 13.6916 -18.0777 33.913
    endloop
  endfacet
  facet normal -0.00699891 -0.786314 -0.617787
    outer loop
      vertex 13.7047 -18.0711 33.9045
      vertex 12.4848 -19.9919 36.3631
      vertex 13.6983 -18.0745 33.9089
    endloop
  endfacet
  facet normal 4.33902e-05 -0.788032 -0.615634
    outer loop
      vertex 14.3797 -17.7124 33.4454
      vertex 12.4848 -19.9919 36.3631
      vertex 13.7047 -18.0711 33.9045
    endloop
  endfacet
  facet normal 2.5735e-05 -0.788026 -0.615642
    outer loop
      vertex 15.0296 -17.3366 32.9644
      vertex 12.4848 -19.9919 36.3631
      vertex 14.3797 -17.7124 33.4454
    endloop
  endfacet
  facet normal 0.00176326 -0.788656 -0.614832
    outer loop
      vertex 15.0358 -17.333 32.9598
      vertex 12.4848 -19.9919 36.3631
      vertex 15.0296 -17.3366 32.9644
    endloop
  endfacet
  facet normal 0.00895214 -0.791229 -0.611454
    outer loop
      vertex 15.0418 -17.3293 32.9551
      vertex 12.4848 -19.9919 36.3631
      vertex 15.0358 -17.333 32.9598
    endloop
  endfacet
  facet normal -7.11018e-06 -0.788011 -0.615662
    outer loop
      vertex 15.6656 -16.9371 32.4531
      vertex 12.4848 -19.9919 36.3631
      vertex 15.0418 -17.3293 32.9551
    endloop
  endfacet
  facet normal -0.000384212 -0.787862 -0.615852
    outer loop
      vertex 16.2622 -16.5292 31.9309
      vertex 12.4848 -19.9919 36.3631
      vertex 15.6656 -16.9371 32.4531
    endloop
  endfacet
  facet normal 0.0378407 -0.802848 -0.594982
    outer loop
      vertex 16.2679 -16.5253 31.926
      vertex 12.4848 -19.9919 36.3631
      vertex 16.2622 -16.5292 31.9309
    endloop
  endfacet
  facet normal 0.0309396 -0.800265 -0.598848
    outer loop
      vertex 16.2733 -16.5212 31.9208
      vertex 12.4848 -19.9919 36.3631
      vertex 16.2679 -16.5253 31.926
    endloop
  endfacet
  facet normal -0.000645458 -0.787744 -0.616003
    outer loop
      vertex 16.8417 -16.0983 31.3794
      vertex 12.4848 -19.9919 36.3631
      vertex 16.2733 -16.5212 31.9208
    endloop
  endfacet
  facet normal -0.000642831 -0.787647 -0.616127
    outer loop
      vertex 21.7365 -12.8054 27.1647
      vertex 16.8417 -16.0983 31.3794
      vertex 17.3807 -15.661 30.8198
    endloop
  endfacet
  facet normal 0.0293345 -0.80434 -0.593444
    outer loop
      vertex 21.7365 -12.8054 27.1647
      vertex 17.3807 -15.661 30.8198
      vertex 17.3859 -15.6569 30.8145
    endloop
  endfacet
  facet normal 0.0134892 -0.796755 -0.604153
    outer loop
      vertex 21.7365 -12.8054 27.1647
      vertex 18.3773 -14.7383 29.6388
      vertex 18.3819 -14.7339 29.6331
    endloop
  endfacet
  facet normal -8.68344e-05 -0.787939 -0.615753
    outer loop
      vertex 21.7365 -12.8054 27.1647
      vertex 18.8359 -14.2494 29.0129
      vertex 19.2489 -13.7629 28.3903
    endloop
  endfacet
  facet normal 0.00283286 -0.792945 -0.609286
    outer loop
      vertex 21.7365 -12.8054 27.1647
      vertex 19.6286 -13.2662 27.7546
      vertex 19.6322 -13.2615 27.7485
    endloop
  endfacet
  facet normal 6.13861e-05 -0.788044 -0.615619
    outer loop
      vertex 16.8417 -16.0983 31.3794
      vertex 21.7365 -12.8054 27.1647
      vertex 12.4848 -19.9919 36.3631
    endloop
  endfacet
  facet normal -0.0013376 -0.78724 -0.616646
    outer loop
      vertex 17.3907 -15.6526 30.809
      vertex 21.7365 -12.8054 27.1647
      vertex 17.3859 -15.6569 30.8145
    endloop
  endfacet
  facet normal -1.93579e-05 -0.788004 -0.615671
    outer loop
      vertex 17.8996 -15.2018 30.232
      vertex 21.7365 -12.8054 27.1647
      vertex 17.3907 -15.6526 30.809
    endloop
  endfacet
  facet normal -0.000144865 -0.787927 -0.615768
    outer loop
      vertex 18.3773 -14.7383 29.6388
      vertex 21.7365 -12.8054 27.1647
      vertex 17.8996 -15.2018 30.232
    endloop
  endfacet
  facet normal 0.00675659 -0.792431 -0.609924
    outer loop
      vertex 18.3861 -14.7294 29.6273
      vertex 21.7365 -12.8054 27.1647
      vertex 18.3819 -14.7339 29.6331
    endloop
  endfacet
  facet normal -0.000132728 -0.787922 -0.615775
    outer loop
      vertex 18.8319 -14.254 29.0189
      vertex 21.7365 -12.8054 27.1647
      vertex 18.3861 -14.7294 29.6273
    endloop
  endfacet
  facet normal 0.0129308 -0.797684 -0.602937
    outer loop
      vertex 18.8359 -14.2494 29.0129
      vertex 21.7365 -12.8054 27.1647
      vertex 18.8319 -14.254 29.0189
    endloop
  endfacet
  facet normal -5.13804e-05 -0.787974 -0.615709
    outer loop
      vertex 19.6286 -13.2662 27.7546
      vertex 21.7365 -12.8054 27.1647
      vertex 19.2489 -13.7629 28.3903
    endloop
  endfacet
  facet normal -0 -0.78802 -0.615649
    outer loop
      vertex 21.7365 -12.8054 27.1647
      vertex 19.6322 -13.2615 27.7485
      vertex 19.9436 -12.8054 27.1647
    endloop
  endfacet
  facet normal -0.000139729 -0.787927 -0.615769
    outer loop
      vertex 14.0872 -19.3063 35.4855
      vertex 13.2976 -19.6594 35.9375
      vertex 16.3022 -18.1292 33.9788
    endloop
  endfacet
  facet normal 0.000134352 0.787844 0.615875
    outer loop
      vertex 12.4848 -12.1118 42.5197
      vertex 9.92066 -12.9797 43.6305
      vertex 10.7948 -12.7125 43.2885
    endloop
  endfacet
  facet normal 0.000191553 0.787901 0.615802
    outer loop
      vertex 17.638 -9.37326 39.0145
      vertex 16.3022 -10.249 40.1354
      vertex 16.985 -9.81977 39.586
    endloop
  endfacet
  facet normal 0.844334 -0.32988 0.422231
    outer loop
      vertex 19.4071 -7.93835 37.1779
      vertex 19.4071 -15.8185 31.0213
      vertex 19.93 -7.43105 36.5286
    endloop
  endfacet
  facet normal 0.000187071 -0.788099 -0.615548
    outer loop
      vertex 17.638 -17.2534 32.8579
      vertex 16.3022 -18.1292 33.9788
      vertex 18.2601 -16.7904 32.2653
    endloop
  endfacet
  facet normal 0.000146927 0.788019 0.615651
    outer loop
      vertex 12.7135 8.69299 15.8907
      vertex 11.65 12.4231 11.1165
      vertex 12.3789 8.87079 15.6632
    endloop
  endfacet
  facet normal -2.36926e-05 0.788 0.615675
    outer loop
      vertex 13.2936 8.35759 16.32
      vertex 11.65 12.4231 11.1165
      vertex 12.7135 8.69299 15.8907
    endloop
  endfacet
  facet normal -0.00047719 0.787931 0.615763
    outer loop
      vertex 11.65 12.4231 11.1165
      vertex 13.2936 8.35759 16.32
      vertex 13.3639 8.3134 16.3766
    endloop
  endfacet
  facet normal 2.29218e-06 0.788009 0.615664
    outer loop
      vertex 19.93 -7.43105 36.5286
      vertex 15.5733 -6.69678 35.5888
      vertex 16.3022 -10.249 40.1354
    endloop
  endfacet
  facet normal 1.54622e-06 0.788007 0.615666
    outer loop
      vertex 19.93 -7.43105 36.5286
      vertex 15.8255 -6.47333 35.3028
      vertex 15.5733 -6.69678 35.5888
    endloop
  endfacet
  facet normal 1.05383e-05 0.788022 0.615648
    outer loop
      vertex 19.93 -7.43105 36.5286
      vertex 16.2519 -6.05966 34.7733
      vertex 15.8255 -6.47333 35.3028
    endloop
  endfacet
  facet normal 3.08833e-06 0.788014 0.615657
    outer loop
      vertex 19.93 -7.43105 36.5286
      vertex 16.6498 -5.63535 34.2302
      vertex 16.2519 -6.05966 34.7733
    endloop
  endfacet
  facet normal -6.76963e-06 0.788007 0.615666
    outer loop
      vertex 18.885 -4.92529 33.3214
      vertex 16.6498 -5.63535 34.2302
      vertex 19.93 -7.43105 36.5286
    endloop
  endfacet
  facet normal -4.37678e-05 0.788051 0.61561
    outer loop
      vertex 16.6498 -5.63535 34.2302
      vertex 18.885 -4.92529 33.3214
      vertex 17.0185 -5.20115 33.6744
    endloop
  endfacet
  facet normal 0 0.787939 0.615753
    outer loop
      vertex 17.0185 -5.20115 33.6744
      vertex 18.885 -4.92529 33.3214
      vertex 17.2294 -4.92529 33.3214
    endloop
  endfacet
  facet normal 0.621202 -0.482459 0.617528
    outer loop
      vertex 14.0872 -11.4262 41.6421
      vertex 14.852 -18.9331 35.0078
      vertex 14.852 -11.0529 41.1644
    endloop
  endfacet
  facet normal 0.621163 -0.482482 0.61755
    outer loop
      vertex 14.852 -18.9331 35.0078
      vertex 14.0872 -11.4262 41.6421
      vertex 14.0872 -19.3063 35.4855
    endloop
  endfacet
  facet normal -0.994524 -0.0643431 0.0823557
    outer loop
      vertex -23.2183 -9.08046 22.397
      vertex -23.1163 -1.79789 29.3185
      vertex -23.2183 -1.20035 28.5536
    endloop
  endfacet
  facet normal -0.994523 -0.0643489 0.0823618
    outer loop
      vertex -23.1163 -1.79789 29.3185
      vertex -23.2183 -9.08046 22.397
      vertex -23.1163 -9.678 23.1618
    endloop
  endfacet
  facet normal -0.999781 0.0128702 -0.0164728
    outer loop
      vertex -23.2796 -7.2794 20.0918
      vertex -23.3 -7.88011 20.8606
      vertex -23.3 0 27.0173
    endloop
  endfacet
  facet normal -0.886174 -0.285268 0.365127
    outer loop
      vertex -20.4179 -6.91071 35.8626
      vertex -20.8701 -6.37825 35.1811
      vertex -20.4179 -14.7908 29.706
    endloop
  endfacet
  facet normal -0.368584 -0.572311 0.732534
    outer loop
      vertex -9.02911 -21.1042 37.7867
      vertex -9 -13.2311 43.9524
      vertex -9.02911 -13.224 43.9433
    endloop
  endfacet
  facet normal -0.364701 -0.573263 0.733732
    outer loop
      vertex -9 -13.2311 43.9524
      vertex -9.02911 -21.1042 37.7867
      vertex -9 -21.1112 37.7957
    endloop
  endfacet
  facet normal 0.174251 0.965085 0.195568
    outer loop
      vertex -9 -13.2311 43.9524
      vertex -8.12173 -13.4452 44.2264
      vertex -9.02911 -13.224 43.9433
    endloop
  endfacet
  facet normal -0.518047 -0.526612 0.674023
    outer loop
      vertex -11.65 -12.4231 42.9181
      vertex -12.4848 -12.1118 42.5197
      vertex -11.65 -20.3032 36.7614
    endloop
  endfacet
  facet normal 0.821137 0.351377 -0.449743
    outer loop
      vertex 19.4071 0.0582457 10.7
      vertex 18.8501 0.55162 10.0685
      vertex 18.8501 8.43173 16.2251
    endloop
  endfacet
  facet normal 0.937294 0.214582 -0.274655
    outer loop
      vertex 21.8785 -2.95482 14.5566
      vertex 21.6638 -2.59939 14.1016
      vertex 21.8785 2.01857 18.4422
    endloop
  endfacet
  facet normal 0.0001556 -0.787949 -0.615741
    outer loop
      vertex 20.4179 -0.969393 12.0153
      vertex 18.8501 0.55162 10.0685
      vertex 19.4071 0.0582457 10.7
    endloop
  endfacet
  facet normal -0.998025 -0.0386717 0.0494977
    outer loop
      vertex -23.2796 -0.600702 27.7861
      vertex -23.2796 -8.48081 21.6295
      vertex -23.2183 -9.08046 22.397
    endloop
  endfacet
  facet normal -0.000311344 -0.787985 -0.615694
    outer loop
      vertex -22.004 -12.5977 26.8989
      vertex -21.3206 -9.53835 22.9831
      vertex -21.2954 -9.64353 23.1177
    endloop
  endfacet
  facet normal 0.000113254 -0.788021 -0.615648
    outer loop
      vertex -22.004 -12.5977 26.8989
      vertex -21.4138 -8.99242 22.2843
      vertex -21.3206 -9.53835 22.9831
    endloop
  endfacet
  facet normal -0.0196524 -0.786641 -0.617098
    outer loop
      vertex -22.004 -12.5977 26.8989
      vertex -21.4147 -8.98722 22.2777
      vertex -21.4138 -8.99242 22.2843
    endloop
  endfacet
  facet normal -6.9932e-06 -0.78801 -0.615662
    outer loop
      vertex -22.9737 -5.48782 17.7987
      vertex -21.4147 -8.98722 22.2777
      vertex -22.004 -12.5977 26.8989
    endloop
  endfacet
  facet normal 3.82333e-05 -0.788002 -0.615672
    outer loop
      vertex -21.4147 -8.98722 22.2777
      vertex -22.9737 -5.48782 17.7987
      vertex -21.4707 -8.43937 21.5765
    endloop
  endfacet
  facet normal -0.00533035 -0.789026 -0.614336
    outer loop
      vertex -21.4707 -8.43937 21.5765
      vertex -22.9737 -5.48782 17.7987
      vertex -21.4712 -8.43415 21.5698
    endloop
  endfacet
  facet normal -0.000143556 -0.788036 -0.615629
    outer loop
      vertex -21.4712 -8.43415 21.5698
      vertex -22.9737 -5.48782 17.7987
      vertex -21.4899 -7.88534 20.8673
    endloop
  endfacet
  facet normal 0.019213 -0.783329 -0.621311
    outer loop
      vertex -21.4899 -7.88534 20.8673
      vertex -22.9737 -5.48782 17.7987
      vertex -21.4901 -7.88011 20.8607
    endloop
  endfacet
  facet normal -0.00105198 -0.788258 -0.615344
    outer loop
      vertex -21.4901 -7.88011 20.8607
      vertex -22.9737 -5.48782 17.7987
      vertex -21.4899 -7.87488 20.854
    endloop
  endfacet
  facet normal -0.000780383 -0.788246 -0.61536
    outer loop
      vertex -22.9737 -5.48782 17.7987
      vertex -21.4707 -7.32084 20.1448
      vertex -21.4712 -7.32607 20.1515
    endloop
  endfacet
  facet normal -3.22767e-05 -0.788025 -0.615643
    outer loop
      vertex -22.9737 -5.48782 17.7987
      vertex -21.1904 -5.67883 18.0431
      vertex -21.3206 -6.22187 18.7382
    endloop
  endfacet
  facet normal -9.35008e-05 -0.788033 -0.615633
    outer loop
      vertex -21.4899 -7.87488 20.854
      vertex -22.9737 -5.48782 17.7987
      vertex -21.4712 -7.32607 20.1515
    endloop
  endfacet
  facet normal -1.74184e-05 -0.788009 -0.615664
    outer loop
      vertex -21.4707 -7.32084 20.1448
      vertex -22.9737 -5.48782 17.7987
      vertex -21.4147 -6.773 19.4436
    endloop
  endfacet
  facet normal 0.00585413 -0.785288 -0.619103
    outer loop
      vertex -22.9737 -5.48782 17.7987
      vertex -21.4138 -6.76779 19.437
      vertex -21.4147 -6.773 19.4436
    endloop
  endfacet
  facet normal -3.95047e-05 -0.788031 -0.615635
    outer loop
      vertex -22.9737 -5.48782 17.7987
      vertex -21.3206 -6.22187 18.7382
      vertex -21.4138 -6.76779 19.437
    endloop
  endfacet
  facet normal 0.000347329 -0.78668 -0.617361
    outer loop
      vertex -21.1904 -5.67883 18.0431
      vertex -22.9737 -5.48782 17.7987
      vertex -21.1892 -5.67365 18.0365
    endloop
  endfacet
  facet normal -0.000271626 -0.788934 -0.614478
    outer loop
      vertex -22.9737 -5.48782 17.7987
      vertex -21.1876 -5.66851 18.0299
      vertex -21.1892 -5.67365 18.0365
    endloop
  endfacet
  facet normal -1.92959e-05 -0.787989 -0.615689
    outer loop
      vertex -22.9737 -5.48782 17.7987
      vertex -21.0205 -5.12931 17.3398
      vertex -21.1876 -5.66851 18.0299
    endloop
  endfacet
  facet normal -1.84461e-05 -0.787991 -0.615687
    outer loop
      vertex -22.9737 -5.48782 17.7987
      vertex -20.8169 -4.59488 16.6558
      vertex -21.0205 -5.12931 17.3398
    endloop
  endfacet
  facet normal 0.005044 -0.792594 -0.609729
    outer loop
      vertex -22.9737 -5.48782 17.7987
      vertex -20.8149 -4.58979 16.6492
      vertex -20.8169 -4.59488 16.6558
    endloop
  endfacet
  facet normal -0.00400145 -0.784364 -0.620288
    outer loop
      vertex -22.9737 -5.48782 17.7987
      vertex -20.8127 -4.58474 16.6428
      vertex -20.8149 -4.58979 16.6492
    endloop
  endfacet
  facet normal -6.71143e-06 -0.788007 -0.615666
    outer loop
      vertex -22.9737 -5.48782 17.7987
      vertex -20.5729 -4.05604 15.9661
      vertex -20.8127 -4.58474 16.6428
    endloop
  endfacet
  facet normal 0.00275989 -0.789759 -0.61341
    outer loop
      vertex -22.9737 -5.48782 17.7987
      vertex -20.5703 -4.05106 15.9597
      vertex -20.5729 -4.05604 15.9661
    endloop
  endfacet
  facet normal -1.81443e-05 -0.788004 -0.61567
    outer loop
      vertex -22.9737 -5.48782 17.7987
      vertex -20.2947 -3.529 15.2915
      vertex -20.5703 -4.05106 15.9597
    endloop
  endfacet
  facet normal 7.94771e-05 -0.788055 -0.615605
    outer loop
      vertex -22.9737 -5.48782 17.7987
      vertex -19.984 -3.01449 14.6329
      vertex -20.2947 -3.529 15.2915
    endloop
  endfacet
  facet normal -0.0153575 -0.780838 -0.624545
    outer loop
      vertex -22.9737 -5.48782 17.7987
      vertex -19.981 -3.00959 14.6267
      vertex -19.984 -3.01449 14.6329
    endloop
  endfacet
  facet normal 0.00743574 -0.791381 -0.611277
    outer loop
      vertex -22.9737 -5.48782 17.7987
      vertex -19.9777 -3.00477 14.6205
      vertex -19.981 -3.00959 14.6267
    endloop
  endfacet
  facet normal -5.886e-06 -0.788012 -0.61566
    outer loop
      vertex -18.8501 0.55162 10.0685
      vertex -19.9777 -3.00477 14.6205
      vertex -22.9737 -5.48782 17.7987
    endloop
  endfacet
  facet normal 1.89686e-05 -0.788015 -0.615656
    outer loop
      vertex -19.9777 -3.00477 14.6205
      vertex -18.8501 0.55162 10.0685
      vertex -19.6322 -2.49873 13.9728
    endloop
  endfacet
  facet normal -0.00854183 -0.787153 -0.616698
    outer loop
      vertex -19.6322 -2.49873 13.9728
      vertex -18.8501 0.55162 10.0685
      vertex -19.6286 -2.49399 13.9667
    endloop
  endfacet
  facet normal 0.00100571 -0.788108 -0.615537
    outer loop
      vertex -19.6286 -2.49399 13.9667
      vertex -18.8501 0.55162 10.0685
      vertex -19.5586 -2.40252 13.8497
    endloop
  endfacet
  facet normal 0.00158832 0.786763 0.617253
    outer loop
      vertex -14.0872 11.4262 12.3925
      vertex -15.5907 10.6603 13.3726
      vertex -13.2976 11.7793 11.9404
    endloop
  endfacet
  facet normal -6.68669e-05 0.788019 0.615651
    outer loop
      vertex -21.2856 5.8346 19.5493
      vertex -23.1163 -1.79789 29.3185
      vertex -20.4179 6.91071 18.172
    endloop
  endfacet
  facet normal 1.80602e-05 0.788014 0.615657
    outer loop
      vertex -19.93 -7.43105 36.5286
      vertex -23.1163 -1.79789 29.3185
      vertex -22.7908 -2.98247 30.8347
    endloop
  endfacet
  facet normal -0.00136811 -0.78835 -0.615225
    outer loop
      vertex -21.6638 -13.1608 27.6197
      vertex -22.004 -12.5977 26.8989
      vertex -20.8701 -14.2584 29.0244
    endloop
  endfacet
  facet normal 7.6285e-06 0.788006 0.615668
    outer loop
      vertex -22.3055 -4.14614 32.3241
      vertex -22.7908 -2.98247 30.8347
      vertex -22.568 -3.56743 31.5834
    endloop
  endfacet
  facet normal -0.714443 -0.430773 0.551367
    outer loop
      vertex -16.985 -9.81977 39.586
      vertex -16.985 -17.6999 33.4294
      vertex -16.3022 -10.249 40.1354
    endloop
  endfacet
  facet normal 4.09834e-05 0.787924 0.615772
    outer loop
      vertex -6.26583 13.8165 9.33297
      vertex -9.02911 13.224 10.0913
      vertex -3.40373 14.191 8.85358
    endloop
  endfacet
  facet normal -0.0418746 0.615121 -0.78732
    outer loop
      vertex -0.802428 8.99498 4.5
      vertex -1.46302 8.95001 4.5
      vertex -1.46302 14.3166 8.69284
    endloop
  endfacet
  facet normal 0.248688 0.596318 -0.763255
    outer loop
      vertex 5.32057 8.02477 4.5
      vertex 6.26583 13.8165 9.33297
      vertex 5.54616 7.93069 4.5
    endloop
  endfacet
  facet normal 0.248676 0.596322 -0.763257
    outer loop
      vertex 6.26583 13.8165 9.33297
      vertex 5.32057 8.02477 4.5
      vertex 5.32057 13.9659 9.14172
    endloop
  endfacet
  facet normal -0.0836806 0.613502 -0.785247
    outer loop
      vertex -1.46302 8.95001 4.5
      vertex -2.13231 8.85872 4.5
      vertex -1.46302 14.3166 8.69284
    endloop
  endfacet
  facet normal 0.0418746 0.615121 -0.78732
    outer loop
      vertex 1.46302 8.95001 4.5
      vertex 0.802428 8.99498 4.5
      vertex 1.46302 14.3166 8.69284
    endloop
  endfacet
  facet normal -0.000644148 0.788467 0.615077
    outer loop
      vertex 16.3022 -10.249 40.1354
      vertex 14.852 -11.0529 41.1644
      vertex 15.5907 -10.6603 40.6619
    endloop
  endfacet
  facet normal 0 0.615659 -0.788013
    outer loop
      vertex -0.487958 9.01639 4.5
      vertex 0.487958 14.3418 8.66064
      vertex 0.487958 9.01639 4.5
    endloop
  endfacet
  facet normal 0 0.615659 -0.788013
    outer loop
      vertex 0.487958 14.3418 8.66064
      vertex -0.487958 9.01639 4.5
      vertex -0.487958 14.3418 8.66064
    endloop
  endfacet
  facet normal 0 0.787972 0.615711
    outer loop
      vertex 1.46302 14.3166 8.69284
      vertex -3.40373 14.191 8.85358
      vertex 3.40373 14.191 8.85358
    endloop
  endfacet
  facet normal 0 0.787972 0.615711
    outer loop
      vertex -3.40373 14.191 8.85358
      vertex 1.46302 14.3166 8.69284
      vertex -1.46302 14.3166 8.69284
    endloop
  endfacet
  facet normal 0 0.788009 0.615663
    outer loop
      vertex 0.397905 11.695 12.0483
      vertex 3.40373 14.191 8.85358
      vertex -0.397905 11.695 12.0483
    endloop
  endfacet
  facet normal -4.60443e-05 0.78803 0.615636
    outer loop
      vertex 1.19302 11.6745 12.0746
      vertex 3.40373 14.191 8.85358
      vertex 0.397905 11.695 12.0483
    endloop
  endfacet
  facet normal -1.6062e-05 0.78802 0.615649
    outer loop
      vertex 1.98604 11.6335 12.1271
      vertex 3.40373 14.191 8.85358
      vertex 1.19302 11.6745 12.0746
    endloop
  endfacet
  facet normal -7.41601e-06 0.788019 0.615651
    outer loop
      vertex 2.77558 11.5721 12.2057
      vertex 3.40373 14.191 8.85358
      vertex 1.98604 11.6335 12.1271
    endloop
  endfacet
  facet normal -2.00912e-05 0.78802 0.61565
    outer loop
      vertex 3.56024 11.4904 12.3103
      vertex 3.40373 14.191 8.85358
      vertex 2.77558 11.5721 12.2057
    endloop
  endfacet
  facet normal 0.000103751 0.788023 0.615646
    outer loop
      vertex 4.33867 11.3885 12.4406
      vertex 3.40373 14.191 8.85358
      vertex 3.56024 11.4904 12.3103
    endloop
  endfacet
  facet normal -0.000155496 0.78799 0.615688
    outer loop
      vertex 3.40373 14.191 8.85358
      vertex 4.33867 11.3885 12.4406
      vertex 4.93231 11.2947 12.5608
    endloop
  endfacet
  facet normal -0 0.788009 0.615663
    outer loop
      vertex -3.40373 14.191 8.85358
      vertex -0.397905 11.695 12.0483
      vertex 3.40373 14.191 8.85358
    endloop
  endfacet
  facet normal 4.60443e-05 0.78803 0.615636
    outer loop
      vertex -0.397905 11.695 12.0483
      vertex -3.40373 14.191 8.85358
      vertex -1.19302 11.6745 12.0746
    endloop
  endfacet
  facet normal 1.6062e-05 0.78802 0.615649
    outer loop
      vertex -1.19302 11.6745 12.0746
      vertex -3.40373 14.191 8.85358
      vertex -1.98604 11.6335 12.1271
    endloop
  endfacet
  facet normal 7.41601e-06 0.788019 0.615651
    outer loop
      vertex -1.98604 11.6335 12.1271
      vertex -3.40373 14.191 8.85358
      vertex -2.77558 11.5721 12.2057
    endloop
  endfacet
  facet normal 2.00912e-05 0.78802 0.61565
    outer loop
      vertex -2.77558 11.5721 12.2057
      vertex -3.40373 14.191 8.85358
      vertex -3.56024 11.4904 12.3103
    endloop
  endfacet
  facet normal -0.000103751 0.788023 0.615646
    outer loop
      vertex -3.56024 11.4904 12.3103
      vertex -3.40373 14.191 8.85358
      vertex -4.33867 11.3885 12.4406
    endloop
  endfacet
  facet normal 0.000155496 0.78799 0.615688
    outer loop
      vertex -4.33867 11.3885 12.4406
      vertex -3.40373 14.191 8.85358
      vertex -4.93231 11.2947 12.5608
    endloop
  endfacet
  facet normal 0 0.788009 0.615664
    outer loop
      vertex -9.5 -10.1304 39.9836
      vertex -16.3022 -10.249 40.1354
      vertex -9.14942 -10.249 40.1354
    endloop
  endfacet
  facet normal -1.11186e-06 0.788033 0.615633
    outer loop
      vertex -10.1807 -9.87658 39.6587
      vertex -16.3022 -10.249 40.1354
      vertex -9.5 -10.1304 39.9836
    endloop
  endfacet
  facet normal 5.79036e-06 0.78799 0.615688
    outer loop
      vertex -10.8436 -9.60545 39.3117
      vertex -16.3022 -10.249 40.1354
      vertex -10.1807 -9.87658 39.6587
    endloop
  endfacet
  facet normal 1.498e-06 0.788004 0.615671
    outer loop
      vertex -11.4874 -9.31746 38.9431
      vertex -16.3022 -10.249 40.1354
      vertex -10.8436 -9.60545 39.3117
    endloop
  endfacet
  facet normal -2.26609e-05 0.788051 0.61561
    outer loop
      vertex -12.1111 -9.01313 38.5535
      vertex -16.3022 -10.249 40.1354
      vertex -11.4874 -9.31746 38.9431
    endloop
  endfacet
  facet normal 2.76019e-05 0.787986 0.615693
    outer loop
      vertex -12.7135 -8.69299 38.1438
      vertex -16.3022 -10.249 40.1354
      vertex -12.1111 -9.01313 38.5535
    endloop
  endfacet
  facet normal -3.63995e-06 0.788014 0.615658
    outer loop
      vertex -13.2936 -8.35759 37.7145
      vertex -16.3022 -10.249 40.1354
      vertex -12.7135 -8.69299 38.1438
    endloop
  endfacet
  facet normal -3.06243e-05 0.78803 0.615637
    outer loop
      vertex -13.8504 -8.00754 37.2664
      vertex -16.3022 -10.249 40.1354
      vertex -13.2936 -8.35759 37.7145
    endloop
  endfacet
  facet normal 3.28241e-05 0.788004 0.615671
    outer loop
      vertex -14.3829 -7.64343 36.8004
      vertex -16.3022 -10.249 40.1354
      vertex -13.8504 -8.00754 37.2664
    endloop
  endfacet
  facet normal 3.33237e-05 0.788003 0.615671
    outer loop
      vertex -16.3022 -10.249 40.1354
      vertex -14.3829 -7.64343 36.8004
      vertex -14.7736 -7.35269 36.4283
    endloop
  endfacet
  facet normal 0 0.788009 0.615664
    outer loop
      vertex 16.3022 -10.249 40.1354
      vertex 9.5 -10.1304 39.9836
      vertex 9.14942 -10.249 40.1354
    endloop
  endfacet
  facet normal 1.11186e-06 0.788033 0.615633
    outer loop
      vertex 16.3022 -10.249 40.1354
      vertex 10.1807 -9.87658 39.6587
      vertex 9.5 -10.1304 39.9836
    endloop
  endfacet
  facet normal -5.79036e-06 0.78799 0.615688
    outer loop
      vertex 16.3022 -10.249 40.1354
      vertex 10.8436 -9.60545 39.3117
      vertex 10.1807 -9.87658 39.6587
    endloop
  endfacet
  facet normal -1.498e-06 0.788004 0.615671
    outer loop
      vertex 16.3022 -10.249 40.1354
      vertex 11.4874 -9.31746 38.9431
      vertex 10.8436 -9.60545 39.3117
    endloop
  endfacet
  facet normal 2.26609e-05 0.788051 0.61561
    outer loop
      vertex 16.3022 -10.249 40.1354
      vertex 12.1111 -9.01313 38.5535
      vertex 11.4874 -9.31746 38.9431
    endloop
  endfacet
  facet normal -2.76019e-05 0.787986 0.615693
    outer loop
      vertex 16.3022 -10.249 40.1354
      vertex 12.7135 -8.69299 38.1438
      vertex 12.1111 -9.01313 38.5535
    endloop
  endfacet
  facet normal 3.63995e-06 0.788014 0.615658
    outer loop
      vertex 16.3022 -10.249 40.1354
      vertex 13.2936 -8.35759 37.7145
      vertex 12.7135 -8.69299 38.1438
    endloop
  endfacet
  facet normal 3.06243e-05 0.78803 0.615637
    outer loop
      vertex 16.3022 -10.249 40.1354
      vertex 13.8504 -8.00754 37.2664
      vertex 13.2936 -8.35759 37.7145
    endloop
  endfacet
  facet normal -3.28241e-05 0.788004 0.615671
    outer loop
      vertex 16.3022 -10.249 40.1354
      vertex 14.3829 -7.64343 36.8004
      vertex 13.8504 -8.00754 37.2664
    endloop
  endfacet
  facet normal -3.33237e-05 0.788003 0.615671
    outer loop
      vertex 14.3829 -7.64343 36.8004
      vertex 16.3022 -10.249 40.1354
      vertex 14.7736 -7.35269 36.4283
    endloop
  endfacet
  facet normal 0.00103233 -0.788453 -0.615094
    outer loop
      vertex 18.8501 -16.3118 31.6528
      vertex 18.2601 -16.7904 32.2653
      vertex 19.93 -15.3112 30.372
    endloop
  endfacet
  facet normal 0.74315 -0.411953 0.527279
    outer loop
      vertex 16.985 -9.81977 39.586
      vertex 16.985 -17.6999 33.4294
      vertex 17.638 -17.2534 32.8579
    endloop
  endfacet
  facet normal 0 0.788024 0.615645
    outer loop
      vertex 17.6954 4.92529 20.7132
      vertex 17.0185 5.20115 20.3601
      vertex 17.2294 4.92529 20.7132
    endloop
  endfacet
  facet normal -6.60508e-05 0.787962 0.615724
    outer loop
      vertex 17.6954 4.92529 20.7132
      vertex 16.6498 5.63535 19.8044
      vertex 17.0185 5.20115 20.3601
    endloop
  endfacet
  facet normal 7.89289e-05 0.788043 0.61562
    outer loop
      vertex 17.6954 4.92529 20.7132
      vertex 16.2519 6.05966 19.2613
      vertex 16.6498 5.63535 19.8044
    endloop
  endfacet
  facet normal 0.000224871 0.788114 0.61553
    outer loop
      vertex 17.6954 4.92529 20.7132
      vertex 15.8255 6.47333 18.7318
      vertex 16.2519 6.05966 19.2613
    endloop
  endfacet
  facet normal -1.12612e-05 0.788005 0.615668
    outer loop
      vertex 11.65 12.4231 11.1165
      vertex 15.8255 6.47333 18.7318
      vertex 17.6954 4.92529 20.7132
    endloop
  endfacet
  facet normal -3.89666e-05 0.788 0.615675
    outer loop
      vertex 13.8504 8.00754 16.7681
      vertex 11.65 12.4231 11.1165
      vertex 13.3639 8.3134 16.3766
    endloop
  endfacet
  facet normal 6.08129e-05 0.788019 0.615651
    outer loop
      vertex 14.3829 7.64343 17.2341
      vertex 11.65 12.4231 11.1165
      vertex 13.8504 8.00754 16.7681
    endloop
  endfacet
  facet normal -3.59622e-05 0.787998 0.615678
    outer loop
      vertex 14.8902 7.26592 17.7173
      vertex 11.65 12.4231 11.1165
      vertex 14.3829 7.64343 17.2341
    endloop
  endfacet
  facet normal 8.50069e-06 0.788009 0.615664
    outer loop
      vertex 15.3713 6.87566 18.2168
      vertex 11.65 12.4231 11.1165
      vertex 14.8902 7.26592 17.7173
    endloop
  endfacet
  facet normal -0.000161329 0.787966 0.615719
    outer loop
      vertex 15.8255 6.47333 18.7318
      vertex 11.65 12.4231 11.1165
      vertex 15.3713 6.87566 18.2168
    endloop
  endfacet
  facet normal 0 0.788008 0.615665
    outer loop
      vertex 21.3473 -4.92529 33.3214
      vertex 18.885 -4.92529 33.3214
      vertex 19.93 -7.43105 36.5286
    endloop
  endfacet
  facet normal 0.00147096 0.787609 0.616173
    outer loop
      vertex 21.6638 -5.28071 33.7763
      vertex 20.8701 -6.37825 35.1811
      vertex 21.2856 -5.8346 34.4852
    endloop
  endfacet
  facet normal -0.000103739 -0.787954 -0.615734
    outer loop
      vertex 16.3022 -18.1292 33.9788
      vertex 13.2976 -19.6594 35.9375
      vertex 19.93 -15.3112 30.372
    endloop
  endfacet
  facet normal -1.86235e-05 0.788083 0.615569
    outer loop
      vertex 5.32057 -13.9659 44.8928
      vertex 0.487958 -14.3418 45.3739
      vertex 2.43551 -14.2663 45.2773
    endloop
  endfacet
  facet normal 0.000313357 -0.78825 -0.615355
    outer loop
      vertex 15.5907 -18.5405 34.5053
      vertex 14.0872 -19.3063 35.4855
      vertex 16.3022 -18.1292 33.9788
    endloop
  endfacet
  facet normal 0.481738 -0.539518 0.690542
    outer loop
      vertex 11.65 -12.4231 42.9181
      vertex 10.7948 -20.5926 37.1319
      vertex 11.65 -20.3032 36.7614
    endloop
  endfacet
  facet normal 0.406696 -0.562445 0.719898
    outer loop
      vertex 9.02911 -13.224 43.9433
      vertex 9.92066 -20.8598 37.4739
      vertex 9.92066 -12.9797 43.6305
    endloop
  endfacet
  facet normal 0.406748 -0.562427 0.719883
    outer loop
      vertex 9.92066 -20.8598 37.4739
      vertex 9.02911 -13.224 43.9433
      vertex 9.02911 -21.1042 37.7867
    endloop
  endfacet
  facet normal 0.743153 -0.411951 0.527277
    outer loop
      vertex 17.638 -9.37326 39.0145
      vertex 16.985 -9.81977 39.586
      vertex 17.638 -17.2534 32.8579
    endloop
  endfacet
  facet normal 0.000948643 -0.788539 -0.614984
    outer loop
      vertex 16.985 -17.6999 33.4294
      vertex 16.3022 -18.1292 33.9788
      vertex 17.638 -17.2534 32.8579
    endloop
  endfacet
  facet normal -0.951084 -0.190197 0.243443
    outer loop
      vertex -22.004 -4.71756 33.0555
      vertex -22.3055 -12.0262 26.1675
      vertex -22.004 -12.5977 26.8989
    endloop
  endfacet
  facet normal 0.00014924 0.788261 0.615342
    outer loop
      vertex 8.12173 13.4452 9.80816
      vertex 6.26583 13.8165 9.33297
      vertex 9.02911 13.224 10.0913
    endloop
  endfacet
  facet normal 0 -0.788012 -0.615659
    outer loop
      vertex 11.65 4.54295 4.95986
      vertex 10.4744 4.90223 4.5
      vertex 10.5337 4.90223 4.5
    endloop
  endfacet
  facet normal 0.000185829 0.788145 0.615489
    outer loop
      vertex 13.2976 11.7793 11.9404
      vertex 11.65 12.4231 11.1165
      vertex 16.985 9.81977 14.4485
    endloop
  endfacet
  facet normal 0.368133 0.57243 -0.732668
    outer loop
      vertex 8.12173 6.6511 4.5
      vertex 9.02911 13.224 10.0913
      vertex 9.02911 6.06756 4.5
    endloop
  endfacet
  facet normal 0.368164 0.57242 -0.73266
    outer loop
      vertex 9.02911 13.224 10.0913
      vertex 8.12173 6.6511 4.5
      vertex 8.12173 13.4452 9.80816
    endloop
  endfacet
  facet normal 0.000209572 0.788162 0.615468
    outer loop
      vertex 15.5907 10.6603 13.3726
      vertex 13.2976 11.7793 11.9404
      vertex 16.985 9.81977 14.4485
    endloop
  endfacet
  facet normal 0.653453 0.466035 -0.596498
    outer loop
      vertex 15.5907 2.78024 7.21603
      vertex 14.852 11.0529 12.8701
      vertex 15.5907 10.6603 13.3726
    endloop
  endfacet
  facet normal 0.000130178 -0.788039 -0.615625
    outer loop
      vertex -21.6638 -2.59939 14.1016
      vertex -22.9737 -5.48782 17.7987
      vertex -22.3055 -3.73397 15.5538
    endloop
  endfacet
  facet normal -0.982281 0.115384 -0.147685
    outer loop
      vertex -22.7908 -4.89763 17.0433
      vertex -22.9737 -5.48782 17.7987
      vertex -22.9737 2.39228 23.9553
    endloop
  endfacet
  facet normal 7.14283e-05 -0.788005 -0.615669
    outer loop
      vertex -18.366 -1.01086 12.0684
      vertex -18.8501 0.55162 10.0685
      vertex -18.0453 -0.699795 11.6703
    endloop
  endfacet
  facet normal -1.0301e-05 -0.787996 -0.61568
    outer loop
      vertex -9.95628 -19.6051 35.868
      vertex -9 -20.8414 37.4503
      vertex -12.4848 -19.9919 36.3631
    endloop
  endfacet
  facet normal -8.01433e-05 -0.788016 -0.615655
    outer loop
      vertex -9 -20.8414 37.4503
      vertex -9.14227 -19.8537 36.1861
      vertex -9 -19.8927 36.236
    endloop
  endfacet
  facet normal -0.009561 -0.788497 -0.614964
    outer loop
      vertex -9 -20.8414 37.4503
      vertex -9.15004 -19.8515 36.1834
      vertex -9.14227 -19.8537 36.1861
    endloop
  endfacet
  facet normal 9.89445e-05 -0.787978 -0.615703
    outer loop
      vertex -9 -20.8414 37.4503
      vertex -9.94866 -19.6075 35.871
      vertex -9.15004 -19.8515 36.1834
    endloop
  endfacet
  facet normal -0.00762139 -0.7902 -0.612802
    outer loop
      vertex -9 -20.8414 37.4503
      vertex -9.95628 -19.6051 35.868
      vertex -9.94866 -19.6075 35.871
    endloop
  endfacet
  facet normal 1.735e-05 -0.788065 -0.615592
    outer loop
      vertex -12.4848 -19.9919 36.3631
      vertex -10.7376 -19.3407 35.5295
      vertex -9.95628 -19.6051 35.868
    endloop
  endfacet
  facet normal -1.06464e-05 -0.788036 -0.615629
    outer loop
      vertex -12.4848 -19.9919 36.3631
      vertex -10.7451 -19.3382 35.5263
      vertex -10.7376 -19.3407 35.5295
    endloop
  endfacet
  facet normal -2.4247e-05 -0.788023 -0.615646
    outer loop
      vertex -12.4848 -19.9919 36.3631
      vertex -11.5077 -19.0538 35.1623
      vertex -10.7451 -19.3382 35.5263
    endloop
  endfacet
  facet normal -0.00342446 -0.786674 -0.617359
    outer loop
      vertex -12.4848 -19.9919 36.3631
      vertex -11.515 -19.0511 35.1589
      vertex -11.5077 -19.0538 35.1623
    endloop
  endfacet
  facet normal -0.000728152 -0.787734 -0.616016
    outer loop
      vertex -12.4848 -19.9919 36.3631
      vertex -11.5221 -19.0482 35.1552
      vertex -11.515 -19.0511 35.1589
    endloop
  endfacet
  facet normal 2.78361e-05 -0.788026 -0.615642
    outer loop
      vertex -12.4848 -19.9919 36.3631
      vertex -12.2647 -18.7444 34.7663
      vertex -11.5221 -19.0482 35.1552
    endloop
  endfacet
  facet normal 0.00496853 -0.788347 -0.615211
    outer loop
      vertex -12.4848 -19.9919 36.3631
      vertex -12.2716 -18.7414 34.7624
      vertex -12.2647 -18.7444 34.7663
    endloop
  endfacet
  facet normal -0.000143531 -0.788026 -0.615642
    outer loop
      vertex -12.2716 -18.7414 34.7624
      vertex -12.4848 -19.9919 36.3631
      vertex -12.9689 -18.4294 34.3632
    endloop
  endfacet
  facet normal -0.406696 -0.562445 0.719898
    outer loop
      vertex -9.92066 -20.8598 37.4739
      vertex -9.02911 -13.224 43.9433
      vertex -9.92066 -12.9797 43.6305
    endloop
  endfacet
  facet normal -0.406748 -0.562427 0.719883
    outer loop
      vertex -9.02911 -13.224 43.9433
      vertex -9.92066 -20.8598 37.4739
      vertex -9.02911 -21.1042 37.7867
    endloop
  endfacet
  facet normal 1.86235e-05 0.788083 0.615569
    outer loop
      vertex -0.487958 -14.3418 45.3739
      vertex -5.32057 -13.9659 44.8928
      vertex -2.43551 -14.2663 45.2773
    endloop
  endfacet
  facet normal 0.93729 -0.214592 0.27466
    outer loop
      vertex 21.8785 -7.83202 31.0504
      vertex 21.6638 -13.1608 27.6197
      vertex 21.8785 -12.8054 27.1647
    endloop
  endfacet
  facet normal 0.000295989 -0.78786 -0.615854
    outer loop
      vertex 18.8501 0.55162 10.0685
      vertex 17.638 1.49315 8.86342
      vertex 18.2601 1.0302 9.45597
    endloop
  endfacet
  facet normal 4.78198e-05 0.788038 0.615627
    outer loop
      vertex 16.985 9.81977 14.4485
      vertex 11.65 12.4231 11.1165
      vertex 20.4179 6.91071 18.172
    endloop
  endfacet
  facet normal 0.886174 0.285271 -0.365125
    outer loop
      vertex 20.8701 6.37825 18.8535
      vertex 20.4179 -0.969393 12.0153
      vertex 20.4179 6.91071 18.172
    endloop
  endfacet
  facet normal 0 0.78802 0.61565
    outer loop
      vertex 21.2856 5.8346 19.5493
      vertex 21.0331 4.92529 20.7132
      vertex 21.5037 4.92529 20.7132
    endloop
  endfacet
  facet normal 5.3262e-05 0.788014 0.615657
    outer loop
      vertex 21.0331 4.92529 20.7132
      vertex 21.2856 5.8346 19.5493
      vertex 20.4179 6.91071 18.172
    endloop
  endfacet
  facet normal 0.904832 0.262129 -0.335511
    outer loop
      vertex 21.2856 -2.04551 13.3927
      vertex 20.8701 -1.50185 12.6969
      vertex 21.2856 5.8346 19.5493
    endloop
  endfacet
  facet normal -1.0498e-05 -0.788014 -0.615658
    outer loop
      vertex 21.6638 -2.59939 14.1016
      vertex 18.8501 0.55162 10.0685
      vertex 20.4179 -0.969393 12.0153
    endloop
  endfacet
  facet normal 8.01047e-06 -0.788009 -0.615663
    outer loop
      vertex -22.004 -12.5977 26.8989
      vertex -23.2796 -7.2794 20.0918
      vertex -23.2183 -6.67976 19.3243
    endloop
  endfacet
  facet normal -0.973594 0.140548 -0.17989
    outer loop
      vertex -22.568 -4.31267 16.2945
      vertex -22.7908 -4.89763 17.0433
      vertex -22.568 3.56743 22.4512
    endloop
  endfacet
  facet normal -0.989266 -0.089966 0.11515
    outer loop
      vertex -23.1163 -9.678 23.1618
      vertex -22.9737 -2.39228 30.0792
      vertex -23.1163 -1.79789 29.3185
    endloop
  endfacet
  facet normal -0.989268 -0.0899573 0.115141
    outer loop
      vertex -22.9737 -2.39228 30.0792
      vertex -23.1163 -9.678 23.1618
      vertex -22.9737 -10.2724 23.9226
    endloop
  endfacet
  facet normal -0.00147581 0.787947 0.615741
    outer loop
      vertex -23.1163 -1.79789 29.3185
      vertex -23.2796 -0.600702 27.7861
      vertex -23.2183 -1.20035 28.5536
    endloop
  endfacet
  facet normal -0.998025 -0.0386718 0.0494977
    outer loop
      vertex -23.2183 -1.20035 28.5536
      vertex -23.2796 -0.600702 27.7861
      vertex -23.2183 -9.08046 22.397
    endloop
  endfacet
  facet normal -0.000842074 -0.788036 -0.615628
    outer loop
      vertex -23.2796 -8.48081 21.6295
      vertex -23.3 -7.88011 20.8606
      vertex -23.2183 -9.08046 22.397
    endloop
  endfacet
  facet normal -3.4738e-05 -0.787988 -0.615691
    outer loop
      vertex -15.5907 2.78024 7.21603
      vertex -18.8501 0.55162 10.0685
      vertex -16.985 1.93966 8.29192
    endloop
  endfacet
  facet normal -4.78198e-05 0.788038 0.615627
    outer loop
      vertex -16.985 9.81977 14.4485
      vertex -20.4179 6.91071 18.172
      vertex -11.65 12.4231 11.1165
    endloop
  endfacet
  facet normal -0.000122168 -0.787896 -0.615808
    outer loop
      vertex -11.65 4.54295 4.95986
      vertex -14.0872 3.54604 6.23584
      vertex -13.2976 3.89921 5.78382
    endloop
  endfacet
  facet normal 0.00117843 0.787589 0.6162
    outer loop
      vertex -19.93 7.43105 17.506
      vertex -20.4179 6.91071 18.172
      vertex -19.4071 7.93835 16.8566
    endloop
  endfacet
  facet normal -0.821137 0.351377 -0.449743
    outer loop
      vertex -18.8501 0.55162 10.0685
      vertex -19.4071 0.0582457 10.7
      vertex -18.8501 8.43173 16.2251
    endloop
  endfacet
  facet normal 1.0498e-05 -0.788014 -0.615658
    outer loop
      vertex -18.8501 0.55162 10.0685
      vertex -21.6638 -2.59939 14.1016
      vertex -20.4179 -0.969393 12.0153
    endloop
  endfacet
  facet normal 8.69635e-05 0.788035 0.61563
    outer loop
      vertex -19.93 -7.43105 36.5286
      vertex -22.004 -4.71756 33.0555
      vertex -20.8701 -6.37825 35.1811
    endloop
  endfacet
  facet normal -0.000295487 0.787958 0.615729
    outer loop
      vertex -22.004 -4.71756 33.0555
      vertex -22.7908 -2.98247 30.8347
      vertex -22.3055 -4.14614 32.3241
    endloop
  endfacet
  facet normal -0.93727 -0.214621 0.274704
    outer loop
      vertex -22.004 -4.71756 33.0555
      vertex -22.004 -12.5977 26.8989
      vertex -21.6638 -13.1608 27.6197
    endloop
  endfacet
  facet normal -0.000134352 0.787844 0.615875
    outer loop
      vertex -9.92066 -12.9797 43.6305
      vertex -12.4848 -12.1118 42.5197
      vertex -10.7948 -12.7125 43.2885
    endloop
  endfacet
  facet normal 3.59382e-06 0.78801 0.615663
    outer loop
      vertex -0.487958 -14.3418 45.3739
      vertex -14.852 -11.0529 41.1644
      vertex -5.32057 -13.9659 44.8928
    endloop
  endfacet
  facet normal -2.21471e-05 0.787999 0.615677
    outer loop
      vertex -16.3022 -10.249 40.1354
      vertex -19.93 -7.43105 36.5286
      vertex -17.638 -9.37326 39.0145
    endloop
  endfacet
  facet normal 0.00150879 -0.787413 -0.616423
    outer loop
      vertex -19.4071 -15.8185 31.0213
      vertex -19.93 -15.3112 30.372
      vertex -18.8501 -16.3118 31.6528
    endloop
  endfacet
  facet normal -0.207906 0.60221 -0.770791
    outer loop
      vertex -4.36598 8.35434 4.5
      vertex -5.07943 8.10803 4.5
      vertex -4.36598 14.0908 8.98183
    endloop
  endfacet
  facet normal -0.041879 0.615119 -0.787321
    outer loop
      vertex -0.802428 8.99498 4.5
      vertex -0.487958 14.3418 8.66064
      vertex -0.487958 9.01639 4.5
    endloop
  endfacet
  facet normal -0.0418976 0.615119 -0.78732
    outer loop
      vertex -0.487958 14.3418 8.66064
      vertex -0.802428 8.99498 4.5
      vertex -1.46302 14.3166 8.69284
    endloop
  endfacet
  facet normal 1.10577e-05 0.788026 0.615642
    outer loop
      vertex -5.32057 13.9659 9.14172
      vertex -6.26583 13.8165 9.33297
      vertex -4.36598 14.0908 8.98183
    endloop
  endfacet
  facet normal -0.125317 0.61081 -0.781797
    outer loop
      vertex -3.40373 14.191 8.85358
      vertex -3.11567 8.6778 4.5
      vertex -3.40373 8.6187 4.5
    endloop
  endfacet
  facet normal -0.125326 0.610809 -0.781796
    outer loop
      vertex -3.11567 8.6778 4.5
      vertex -3.40373 14.191 8.85358
      vertex -2.43551 14.2663 8.7572
    endloop
  endfacet
  facet normal -4.02962e-05 0.788208 0.615409
    outer loop
      vertex -2.43551 14.2663 8.7572
      vertex -3.40373 14.191 8.85358
      vertex -1.46302 14.3166 8.69284
    endloop
  endfacet
  facet normal -3.89382e-05 0.788004 0.61567
    outer loop
      vertex 11.65 12.4231 11.1165
      vertex 12.1111 9.01313 15.481
      vertex 12.3789 8.87079 15.6632
    endloop
  endfacet
  facet normal 2.01361e-05 0.788008 0.615666
    outer loop
      vertex 11.65 12.4231 11.1165
      vertex 11.4874 9.31746 15.0915
      vertex 12.1111 9.01313 15.481
    endloop
  endfacet
  facet normal 6.42251e-06 0.788008 0.615665
    outer loop
      vertex 11.65 12.4231 11.1165
      vertex 10.8436 9.60545 14.7229
      vertex 11.4874 9.31746 15.0915
    endloop
  endfacet
  facet normal -5.99241e-05 0.788015 0.615656
    outer loop
      vertex 11.65 12.4231 11.1165
      vertex 10.1807 9.87658 14.3758
      vertex 10.8436 9.60545 14.7229
    endloop
  endfacet
  facet normal 4.8472e-05 0.787991 0.615686
    outer loop
      vertex 11.65 12.4231 11.1165
      vertex 9.5 10.1304 14.051
      vertex 10.1807 9.87658 14.3758
    endloop
  endfacet
  facet normal -9.11736e-05 0.788041 0.615623
    outer loop
      vertex 11.65 12.4231 11.1165
      vertex 8.80262 10.3664 13.7488
      vertex 9.5 10.1304 14.051
    endloop
  endfacet
  facet normal 5.02288e-05 0.787967 0.615718
    outer loop
      vertex 11.65 12.4231 11.1165
      vertex 8.08981 10.5843 13.47
      vertex 8.80262 10.3664 13.7488
    endloop
  endfacet
  facet normal -7.62069e-06 0.788009 0.615664
    outer loop
      vertex 11.65 12.4231 11.1165
      vertex 7.3628 10.7836 13.2149
      vertex 8.08981 10.5843 13.47
    endloop
  endfacet
  facet normal -1.70737e-05 0.788019 0.615652
    outer loop
      vertex 11.65 12.4231 11.1165
      vertex 6.62287 10.9639 12.9841
      vertex 7.3628 10.7836 13.2149
    endloop
  endfacet
  facet normal -9.50034e-06 0.788009 0.615664
    outer loop
      vertex 3.40373 14.191 8.85358
      vertex 6.62287 10.9639 12.9841
      vertex 11.65 12.4231 11.1165
    endloop
  endfacet
  facet normal -4.02965e-07 0.788012 0.61566
    outer loop
      vertex 6.62287 10.9639 12.9841
      vertex 3.40373 14.191 8.85358
      vertex 5.87132 11.125 12.7779
    endloop
  endfacet
  facet normal 6.51992e-05 0.788032 0.615634
    outer loop
      vertex 5.87132 11.125 12.7779
      vertex 3.40373 14.191 8.85358
      vertex 5.10948 11.2667 12.5966
    endloop
  endfacet
  facet normal 0.000150023 0.788051 0.61561
    outer loop
      vertex 5.10948 11.2667 12.5966
      vertex 3.40373 14.191 8.85358
      vertex 4.93231 11.2947 12.5608
    endloop
  endfacet
  facet normal 0.000150486 0.78804 0.615624
    outer loop
      vertex 16.3022 -10.249 40.1354
      vertex 14.8902 -7.26592 36.3172
      vertex 14.7736 -7.35269 36.4283
    endloop
  endfacet
  facet normal -1.3103e-05 0.788011 0.615661
    outer loop
      vertex 16.3022 -10.249 40.1354
      vertex 15.3713 -6.87566 35.8177
      vertex 14.8902 -7.26592 36.3172
    endloop
  endfacet
  facet normal -0.000139882 0.787998 0.615678
    outer loop
      vertex 15.3713 -6.87566 35.8177
      vertex 16.3022 -10.249 40.1354
      vertex 15.5733 -6.69678 35.5888
    endloop
  endfacet
  facet normal 0.041879 0.615119 -0.787321
    outer loop
      vertex 0.487958 14.3418 8.66064
      vertex 0.802428 8.99498 4.5
      vertex 0.487958 9.01639 4.5
    endloop
  endfacet
  facet normal 0.0418976 0.615119 -0.78732
    outer loop
      vertex 0.802428 8.99498 4.5
      vertex 0.487958 14.3418 8.66064
      vertex 1.46302 14.3166 8.69284
    endloop
  endfacet
  facet normal -0.00150879 -0.787413 -0.616423
    outer loop
      vertex 19.4071 -15.8185 31.0213
      vertex 18.8501 -16.3118 31.6528
      vertex 19.93 -15.3112 30.372
    endloop
  endfacet
  facet normal 0.00013127 -0.788069 -0.615587
    outer loop
      vertex 18.2601 -16.7904 32.2653
      vertex 16.3022 -18.1292 33.9788
      vertex 19.93 -15.3112 30.372
    endloop
  endfacet
  facet normal 5.86767e-05 -0.788048 -0.615614
    outer loop
      vertex 19.93 -15.3112 30.372
      vertex 13.2976 -19.6594 35.9375
      vertex 20.8701 -14.2584 29.0244
    endloop
  endfacet
  facet normal 0 -0.788027 -0.615641
    outer loop
      vertex 19.6322 -2.49873 13.9728
      vertex 21.2442 -2.95482 14.5566
      vertex 19.9436 -2.95482 14.5566
    endloop
  endfacet
  facet normal -0.00152638 -0.790066 -0.61302
    outer loop
      vertex 19.6286 -2.49399 13.9667
      vertex 21.2442 -2.95482 14.5566
      vertex 19.6322 -2.49873 13.9728
    endloop
  endfacet
  facet normal 0.000218854 -0.787753 -0.615992
    outer loop
      vertex 19.5586 -2.40252 13.8497
      vertex 21.2442 -2.95482 14.5566
      vertex 19.6286 -2.49399 13.9667
    endloop
  endfacet
  facet normal -1.00897e-05 -0.788017 -0.615653
    outer loop
      vertex 21.2442 -2.95482 14.5566
      vertex 19.5586 -2.40252 13.8497
      vertex 18.8501 0.55162 10.0685
    endloop
  endfacet
  facet normal 0.000214058 0.787759 0.615984
    outer loop
      vertex 12.4848 -12.1118 42.5197
      vertex 10.7948 -12.7125 43.2885
      vertex 11.65 -12.4231 42.9181
    endloop
  endfacet
  facet normal 0.553435 -0.512779 0.656328
    outer loop
      vertex 13.2976 -11.7793 42.0941
      vertex 12.4848 -12.1118 42.5197
      vertex 13.2976 -19.6594 35.9375
    endloop
  endfacet
  facet normal 0.866061 -0.307792 0.393958
    outer loop
      vertex 19.93 -7.43105 36.5286
      vertex 19.93 -15.3112 30.372
      vertex 20.4179 -14.7908 29.706
    endloop
  endfacet
  facet normal -0 0.78801 0.615662
    outer loop
      vertex 21.8452 -4.92529 33.3214
      vertex 20.8701 -6.37825 35.1811
      vertex 21.8621 -4.92529 33.3214
    endloop
  endfacet
  facet normal -5.18144e-05 0.788023 0.615645
    outer loop
      vertex 20.8701 -6.37825 35.1811
      vertex 21.8452 -4.92529 33.3214
      vertex 19.93 -7.43105 36.5286
    endloop
  endfacet
  facet normal 0.714443 -0.430773 0.551367
    outer loop
      vertex 16.985 -9.81977 39.586
      vertex 16.3022 -10.249 40.1354
      vertex 16.985 -17.6999 33.4294
    endloop
  endfacet
  facet normal 0.714465 -0.430757 0.551352
    outer loop
      vertex 16.3022 -10.249 40.1354
      vertex 16.3022 -18.1292 33.9788
      vertex 16.985 -17.6999 33.4294
    endloop
  endfacet
  facet normal 7.20353e-06 -0.788013 -0.615659
    outer loop
      vertex 18.8501 0.55162 10.0685
      vertex 17.3907 -0.107638 10.9123
      vertex 17.3859 -0.103341 10.9068
    endloop
  endfacet
  facet normal -2.24988e-05 -0.788 -0.615676
    outer loop
      vertex 18.8501 0.55162 10.0685
      vertex 17.3807 -0.0991729 10.9015
      vertex 16.8417 0.338066 10.3419
    endloop
  endfacet
  facet normal 1.41152e-05 -0.788026 -0.615642
    outer loop
      vertex 17.8996 -0.558392 11.4893
      vertex 18.8501 0.55162 10.0685
      vertex 18.0453 -0.699795 11.6703
    endloop
  endfacet
  facet normal 2.82869e-05 -0.78803 -0.615636
    outer loop
      vertex 17.3907 -0.107638 10.9123
      vertex 18.8501 0.55162 10.0685
      vertex 17.8996 -0.558392 11.4893
    endloop
  endfacet
  facet normal -0.00148171 -0.786748 -0.617272
    outer loop
      vertex 17.3807 -0.0991729 10.9015
      vertex 18.8501 0.55162 10.0685
      vertex 17.3859 -0.103341 10.9068
    endloop
  endfacet
  facet normal -0 -0.78808 -0.615573
    outer loop
      vertex 18.8501 0.55162 10.0685
      vertex 16.8417 0.338066 10.3419
      vertex 16.5547 0.55162 10.0685
    endloop
  endfacet
  facet normal -2.82869e-05 -0.78803 -0.615636
    outer loop
      vertex -18.8501 0.55162 10.0685
      vertex -17.3907 -0.107638 10.9123
      vertex -17.8996 -0.558392 11.4893
    endloop
  endfacet
  facet normal 0.00148171 -0.786748 -0.617272
    outer loop
      vertex -18.8501 0.55162 10.0685
      vertex -17.3807 -0.0991729 10.9015
      vertex -17.3859 -0.103341 10.9068
    endloop
  endfacet
  facet normal -1.41152e-05 -0.788026 -0.615642
    outer loop
      vertex -18.8501 0.55162 10.0685
      vertex -17.8996 -0.558392 11.4893
      vertex -18.0453 -0.699795 11.6703
    endloop
  endfacet
  facet normal -7.20353e-06 -0.788013 -0.615659
    outer loop
      vertex -17.3907 -0.107638 10.9123
      vertex -18.8501 0.55162 10.0685
      vertex -17.3859 -0.103341 10.9068
    endloop
  endfacet
  facet normal 2.24988e-05 -0.788 -0.615676
    outer loop
      vertex -17.3807 -0.0991729 10.9015
      vertex -18.8501 0.55162 10.0685
      vertex -16.8417 0.338066 10.3419
    endloop
  endfacet
  facet normal 0 -0.78808 -0.615573
    outer loop
      vertex -16.8417 0.338066 10.3419
      vertex -18.8501 0.55162 10.0685
      vertex -16.5547 0.55162 10.0685
    endloop
  endfacet
  facet normal 6.36993e-05 -0.787919 -0.615779
    outer loop
      vertex -10.7948 -20.5926 37.1319
      vertex -12.4848 -19.9919 36.3631
      vertex -9.02911 -21.1042 37.7867
    endloop
  endfacet
  facet normal -0.000214058 0.787759 0.615984
    outer loop
      vertex -10.7948 -12.7125 43.2885
      vertex -12.4848 -12.1118 42.5197
      vertex -11.65 -12.4231 42.9181
    endloop
  endfacet
  facet normal 0.553435 -0.512779 0.656328
    outer loop
      vertex 12.4848 -12.1118 42.5197
      vertex 12.4848 -19.9919 36.3631
      vertex 13.2976 -19.6594 35.9375
    endloop
  endfacet
  facet normal -0.00321895 -0.780865 -0.624692
    outer loop
      vertex 9.02911 -21.1042 37.7867
      vertex 9 -21.11 37.7941
      vertex 9 -21.1096 37.7936
    endloop
  endfacet
  facet normal -8.28608e-05 0.788317 0.61527
    outer loop
      vertex 5.32057 -13.9659 44.8928
      vertex 2.43551 -14.2663 45.2773
      vertex 4.36598 -14.0908 45.0527
    endloop
  endfacet
  facet normal 0.207928 0.602206 -0.770788
    outer loop
      vertex 5.07943 8.10803 4.5
      vertex 5.32057 13.9659 9.14172
      vertex 5.32057 8.02477 4.5
    endloop
  endfacet
  facet normal 0.207899 0.60221 -0.770792
    outer loop
      vertex 5.32057 13.9659 9.14172
      vertex 5.07943 8.10803 4.5
      vertex 4.36598 14.0908 8.98183
    endloop
  endfacet
  facet normal -1.10577e-05 0.788026 0.615642
    outer loop
      vertex 5.32057 13.9659 9.14172
      vertex 4.36598 14.0908 8.98183
      vertex 6.26583 13.8165 9.33297
    endloop
  endfacet
  facet normal 0.481755 0.539507 -0.690539
    outer loop
      vertex 11.65 4.54295 4.95986
      vertex 10.7948 4.83241 4.58938
      vertex 11.65 12.4231 11.1165
    endloop
  endfacet
  facet normal 0.328868 0.581417 -0.744177
    outer loop
      vertex 7.98927 6.72602 4.5
      vertex 7.2001 7.1724 4.5
      vertex 7.2001 13.6428 9.55525
    endloop
  endfacet
  facet normal 0.000122168 -0.787896 -0.615808
    outer loop
      vertex 14.0872 3.54604 6.23584
      vertex 11.65 4.54295 4.95986
      vertex 13.2976 3.89921 5.78382
    endloop
  endfacet
  facet normal -0.0002472 0.787725 0.616027
    outer loop
      vertex 12.4848 12.1118 11.5149
      vertex 11.65 12.4231 11.1165
      vertex 13.2976 11.7793 11.9404
    endloop
  endfacet
  facet normal 0.518047 0.526607 -0.674027
    outer loop
      vertex 12.4848 12.1118 11.5149
      vertex 11.65 4.54295 4.95986
      vertex 11.65 12.4231 11.1165
    endloop
  endfacet
  facet normal -0.00158832 0.786763 0.617253
    outer loop
      vertex 14.0872 11.4262 12.3925
      vertex 13.2976 11.7793 11.9404
      vertex 15.5907 10.6603 13.3726
    endloop
  endfacet
  facet normal -9.28027e-06 -0.788021 -0.615648
    outer loop
      vertex 9.89958 4.90223 4.5
      vertex 14.0872 3.54604 6.23584
      vertex 15.5907 2.78024 7.21603
    endloop
  endfacet
  facet normal 0 -0.78801 -0.615662
    outer loop
      vertex 14.0872 3.54604 6.23584
      vertex 9.89958 4.90223 4.5
      vertex 10.0803 4.90223 4.5
    endloop
  endfacet
  facet normal -0.000536142 0.787693 0.616068
    outer loop
      vertex 16.3022 10.249 13.8991
      vertex 15.5907 10.6603 13.3726
      vertex 16.985 9.81977 14.4485
    endloop
  endfacet
  facet normal 0.743153 0.411951 -0.527276
    outer loop
      vertex 17.638 1.49315 8.86342
      vertex 16.985 1.93966 8.29192
      vertex 16.985 9.81977 14.4485
    endloop
  endfacet
  facet normal 0.000223257 0.787966 0.615718
    outer loop
      vertex -22.3055 4.14614 21.7105
      vertex -22.568 3.56743 22.4512
      vertex -21.6638 5.28071 20.2583
    endloop
  endfacet
  facet normal -0.000255488 -0.788028 -0.61564
    outer loop
      vertex -9.02911 -21.1042 37.7867
      vertex -9 -20.8414 37.4503
      vertex -9 -21.1096 37.7936
    endloop
  endfacet
  facet normal -3.64192e-05 -0.788037 -0.615628
    outer loop
      vertex -9 -20.8414 37.4503
      vertex -9.02911 -21.1042 37.7867
      vertex -12.4848 -19.9919 36.3631
    endloop
  endfacet
  facet normal -0.866061 -0.307792 0.393958
    outer loop
      vertex -19.93 -7.43105 36.5286
      vertex -20.4179 -14.7908 29.706
      vertex -19.93 -15.3112 30.372
    endloop
  endfacet
  facet normal 3.3102e-05 0.788026 0.615642
    outer loop
      vertex -17.638 -9.37326 39.0145
      vertex -19.4071 -7.93835 37.1779
      vertex -18.8501 -8.43173 37.8094
    endloop
  endfacet
  facet normal 8.06733e-05 0.788689 0.614792
    outer loop
      vertex -0.487958 -14.3418 45.3739
      vertex -2.43551 -14.2663 45.2773
      vertex -1.46302 -14.3166 45.3417
    endloop
  endfacet
  facet normal 4.50293e-06 0.787985 0.615694
    outer loop
      vertex -5.32057 -13.9659 44.8928
      vertex -7.2001 -13.6428 44.4793
      vertex -6.26583 -13.8165 44.7016
    endloop
  endfacet
  facet normal 0.000513166 0.788224 0.615388
    outer loop
      vertex 18.8501 8.43173 16.2251
      vertex 18.2601 8.91031 15.6126
      vertex 20.4179 6.91071 18.172
    endloop
  endfacet
  facet normal 0.714443 0.430773 -0.551367
    outer loop
      vertex 16.985 1.93966 8.29192
      vertex 16.3022 10.249 13.8991
      vertex 16.985 9.81977 14.4485
    endloop
  endfacet
  facet normal 0.886191 0.285248 -0.365101
    outer loop
      vertex 20.8701 -1.50185 12.6969
      vertex 20.4179 -0.969393 12.0153
      vertex 20.8701 6.37825 18.8535
    endloop
  endfacet
  facet normal 0 -0.788057 -0.615602
    outer loop
      vertex 21.2442 -2.95482 14.5566
      vertex 21.6638 -2.59939 14.1016
      vertex 21.825 -2.95482 14.5566
    endloop
  endfacet
  facet normal -5.96001e-05 -0.78803 -0.615636
    outer loop
      vertex 21.6638 -2.59939 14.1016
      vertex 21.2442 -2.95482 14.5566
      vertex 18.8501 0.55162 10.0685
    endloop
  endfacet
  facet normal 0.866051 0.307806 -0.393968
    outer loop
      vertex 20.4179 -0.969393 12.0153
      vertex 19.93 7.43105 17.506
      vertex 20.4179 6.91071 18.172
    endloop
  endfacet
  facet normal 0.653453 0.466035 -0.596498
    outer loop
      vertex 15.5907 2.78024 7.21603
      vertex 14.852 3.17284 6.71353
      vertex 14.852 11.0529 12.8701
    endloop
  endfacet
  facet normal 8.05833e-06 -0.788003 -0.615672
    outer loop
      vertex 9.54024 4.90223 4.5
      vertex 15.5907 2.78024 7.21603
      vertex 18.8501 0.55162 10.0685
    endloop
  endfacet
  facet normal 0 -0.788011 -0.615661
    outer loop
      vertex 15.5907 2.78024 7.21603
      vertex 9.54024 4.90223 4.5
      vertex 9.89958 4.90223 4.5
    endloop
  endfacet
  facet normal 0 0.78802 0.61565
    outer loop
      vertex 21.5674 4.92529 20.7132
      vertex 21.2856 5.8346 19.5493
      vertex 21.5037 4.92529 20.7132
    endloop
  endfacet
  facet normal 0.770516 0.392434 -0.502296
    outer loop
      vertex 18.2601 8.91031 15.6126
      vertex 17.638 1.49315 8.86342
      vertex 17.638 9.37326 15.02
    endloop
  endfacet
  facet normal 0.770499 0.392448 -0.50231
    outer loop
      vertex 17.638 1.49315 8.86342
      vertex 18.2601 8.91031 15.6126
      vertex 18.2601 1.0302 9.45597
    endloop
  endfacet
  facet normal 0.821138 0.351376 -0.449742
    outer loop
      vertex 19.4071 0.0582457 10.7
      vertex 18.8501 8.43173 16.2251
      vertex 19.4071 7.93835 16.8566
    endloop
  endfacet
  facet normal 0.937277 0.214612 -0.274689
    outer loop
      vertex 21.8785 2.01857 18.4422
      vertex 21.6638 5.28071 20.2583
      vertex 21.8785 4.92529 20.7132
    endloop
  endfacet
  facet normal 0.937279 0.21461 -0.274684
    outer loop
      vertex 21.6638 5.28071 20.2583
      vertex 21.8785 2.01857 18.4422
      vertex 21.6638 -2.59939 14.1016
    endloop
  endfacet
  facet normal 0.921851 0.238596 -0.30539
    outer loop
      vertex 21.6638 -2.59939 14.1016
      vertex 21.2856 -2.04551 13.3927
      vertex 21.2856 5.8346 19.5493
    endloop
  endfacet
  facet normal 0.000337723 -0.787963 -0.615723
    outer loop
      vertex -22.7908 -10.8626 24.678
      vertex -22.9737 -10.2724 23.9226
      vertex -22.004 -12.5977 26.8989
    endloop
  endfacet
  facet normal 9.78924e-05 -0.788 -0.615675
    outer loop
      vertex -22.9737 -10.2724 23.9226
      vertex -23.2183 -9.08046 22.397
      vertex -22.004 -12.5977 26.8989
    endloop
  endfacet
  facet normal 3.26568e-05 0.788005 0.615669
    outer loop
      vertex -23.2183 1.20035 25.4809
      vertex -23.2796 -0.600702 27.7861
      vertex -22.568 3.56743 22.4512
    endloop
  endfacet
  facet normal 1.26455e-05 -0.788009 -0.615664
    outer loop
      vertex -22.004 -12.5977 26.8989
      vertex -23.2183 -6.67976 19.3243
      vertex -22.9737 -5.48782 17.7987
    endloop
  endfacet
  facet normal -0.770516 0.392434 -0.502296
    outer loop
      vertex -17.638 1.49315 8.86342
      vertex -18.2601 8.91031 15.6126
      vertex -17.638 9.37326 15.02
    endloop
  endfacet
  facet normal -0.770499 0.392448 -0.50231
    outer loop
      vertex -18.2601 8.91031 15.6126
      vertex -17.638 1.49315 8.86342
      vertex -18.2601 1.0302 9.45597
    endloop
  endfacet
  facet normal -0.000185829 0.788145 0.615489
    outer loop
      vertex -13.2976 11.7793 11.9404
      vertex -16.985 9.81977 14.4485
      vertex -11.65 12.4231 11.1165
    endloop
  endfacet
  facet normal -0 -0.788012 -0.615659
    outer loop
      vertex -10.0803 4.90223 4.5
      vertex -11.65 4.54295 4.95986
      vertex -10.4098 4.90223 4.5
    endloop
  endfacet
  facet normal -4.41126e-06 -0.788005 -0.615669
    outer loop
      vertex -11.65 4.54295 4.95986
      vertex -10.0803 4.90223 4.5
      vertex -14.0872 3.54604 6.23584
    endloop
  endfacet
  facet normal -0.55342 0.512789 -0.656334
    outer loop
      vertex -12.4848 4.2317 5.35824
      vertex -13.2976 3.89921 5.78382
      vertex -12.4848 12.1118 11.5149
    endloop
  endfacet
  facet normal 6.54591e-05 0.787987 0.615691
    outer loop
      vertex -18.2601 8.91031 15.6126
      vertex -20.4179 6.91071 18.172
      vertex -16.985 9.81977 14.4485
    endloop
  endfacet
  facet normal -0.000649524 0.788367 0.615205
    outer loop
      vertex -17.638 9.37326 15.02
      vertex -18.2601 8.91031 15.6126
      vertex -16.985 9.81977 14.4485
    endloop
  endfacet
  facet normal -0.886191 0.285248 -0.365101
    outer loop
      vertex -20.4179 -0.969393 12.0153
      vertex -20.8701 -1.50185 12.6969
      vertex -20.8701 6.37825 18.8535
    endloop
  endfacet
  facet normal -0.904832 0.262129 -0.335511
    outer loop
      vertex -20.8701 -1.50185 12.6969
      vertex -21.2856 -2.04551 13.3927
      vertex -21.2856 5.8346 19.5493
    endloop
  endfacet
  facet normal -0.0001556 -0.787949 -0.615741
    outer loop
      vertex -18.8501 0.55162 10.0685
      vertex -20.4179 -0.969393 12.0153
      vertex -19.4071 0.0582457 10.7
    endloop
  endfacet
  facet normal -0.866051 0.307806 -0.393968
    outer loop
      vertex -19.93 7.43105 17.506
      vertex -20.4179 -0.969393 12.0153
      vertex -20.4179 6.91071 18.172
    endloop
  endfacet
  facet normal -5.2608e-05 0.787999 0.615676
    outer loop
      vertex -20.8701 -6.37825 35.1811
      vertex -22.004 -4.71756 33.0555
      vertex -21.6638 -5.28071 33.7763
    endloop
  endfacet
  facet normal -0.937274 -0.214615 0.274695
    outer loop
      vertex -21.6638 -5.28071 33.7763
      vertex -22.004 -4.71756 33.0555
      vertex -21.6638 -13.1608 27.6197
    endloop
  endfacet
  facet normal -0.951079 -0.190208 0.243454
    outer loop
      vertex -22.3055 -4.14614 32.3241
      vertex -22.3055 -12.0262 26.1675
      vertex -22.004 -4.71756 33.0555
    endloop
  endfacet
  facet normal -9.45918e-06 0.788007 0.615666
    outer loop
      vertex -19.93 -7.43105 36.5286
      vertex -22.7908 -2.98247 30.8347
      vertex -22.004 -4.71756 33.0555
    endloop
  endfacet
  facet normal -0.00122956 -0.788221 -0.615392
    outer loop
      vertex -22.3055 -12.0262 26.1675
      vertex -22.568 -11.4475 25.4268
      vertex -22.004 -12.5977 26.8989
    endloop
  endfacet
  facet normal -0.963147 -0.165598 0.211955
    outer loop
      vertex -22.568 -3.56743 31.5834
      vertex -22.568 -11.4475 25.4268
      vertex -22.3055 -12.0262 26.1675
    endloop
  endfacet
  facet normal -0.621202 -0.482459 0.617528
    outer loop
      vertex -14.852 -18.9331 35.0078
      vertex -14.0872 -11.4262 41.6421
      vertex -14.852 -11.0529 41.1644
    endloop
  endfacet
  facet normal -0.621163 -0.482482 0.61755
    outer loop
      vertex -14.0872 -11.4262 41.6421
      vertex -14.852 -18.9331 35.0078
      vertex -14.0872 -19.3063 35.4855
    endloop
  endfacet
  facet normal -0.97359 -0.140559 0.179905
    outer loop
      vertex -22.7908 -2.98247 30.8347
      vertex -22.7908 -10.8626 24.678
      vertex -22.568 -3.56743 31.5834
    endloop
  endfacet
  facet normal -0.000948643 -0.788539 -0.614984
    outer loop
      vertex -16.985 -17.6999 33.4294
      vertex -17.638 -17.2534 32.8579
      vertex -16.3022 -18.1292 33.9788
    endloop
  endfacet
  facet normal -0.821138 -0.351375 0.449743
    outer loop
      vertex -19.4071 -15.8185 31.0213
      vertex -18.8501 -8.43173 37.8094
      vertex -19.4071 -7.93835 37.1779
    endloop
  endfacet
  facet normal -0.821121 -0.351392 0.44976
    outer loop
      vertex -18.8501 -8.43173 37.8094
      vertex -19.4071 -15.8185 31.0213
      vertex -18.8501 -16.3118 31.6528
    endloop
  endfacet
  facet normal -0.125339 0.610809 -0.781794
    outer loop
      vertex -2.43551 8.81737 4.5
      vertex -3.11567 8.6778 4.5
      vertex -2.43551 14.2663 8.7572
    endloop
  endfacet
  facet normal -0.083669 0.613505 -0.785246
    outer loop
      vertex -2.43551 14.2663 8.7572
      vertex -2.13231 8.85872 4.5
      vertex -2.43551 8.81737 4.5
    endloop
  endfacet
  facet normal -0.0837001 0.613503 -0.785244
    outer loop
      vertex -2.13231 8.85872 4.5
      vertex -2.43551 14.2663 8.7572
      vertex -1.46302 14.3166 8.69284
    endloop
  endfacet
  facet normal 0.00124453 0.787402 0.616439
    outer loop
      vertex 18.8501 -8.43173 37.8094
      vertex 17.638 -9.37326 39.0145
      vertex 18.2601 -8.91031 38.4219
    endloop
  endfacet
  facet normal -3.3102e-05 0.788026 0.615642
    outer loop
      vertex 19.4071 -7.93835 37.1779
      vertex 17.638 -9.37326 39.0145
      vertex 18.8501 -8.43173 37.8094
    endloop
  endfacet
  facet normal 2.21471e-05 0.787999 0.615677
    outer loop
      vertex 19.93 -7.43105 36.5286
      vertex 16.3022 -10.249 40.1354
      vertex 17.638 -9.37326 39.0145
    endloop
  endfacet
  facet normal 8.41745e-05 0.787971 0.615712
    outer loop
      vertex 19.93 -7.43105 36.5286
      vertex 17.638 -9.37326 39.0145
      vertex 19.4071 -7.93835 37.1779
    endloop
  endfacet
  facet normal 0.821138 -0.351375 0.449743
    outer loop
      vertex 18.8501 -8.43173 37.8094
      vertex 19.4071 -15.8185 31.0213
      vertex 19.4071 -7.93835 37.1779
    endloop
  endfacet
  facet normal 0.821121 -0.351392 0.44976
    outer loop
      vertex 19.4071 -15.8185 31.0213
      vertex 18.8501 -8.43173 37.8094
      vertex 18.8501 -16.3118 31.6528
    endloop
  endfacet
  facet normal 0.796531 -0.372228 0.476429
    outer loop
      vertex 18.2601 -8.91031 38.4219
      vertex 18.8501 -16.3118 31.6528
      vertex 18.8501 -8.43173 37.8094
    endloop
  endfacet
  facet normal 0.796536 -0.372224 0.476424
    outer loop
      vertex 18.8501 -16.3118 31.6528
      vertex 18.2601 -8.91031 38.4219
      vertex 18.2601 -16.7904 32.2653
    endloop
  endfacet
  facet normal 0.921852 -0.238595 0.305387
    outer loop
      vertex 21.6638 -5.28071 33.7763
      vertex 21.2856 -5.8346 34.4852
      vertex 21.6638 -13.1608 27.6197
    endloop
  endfacet
  facet normal 0.937277 -0.214612 0.274689
    outer loop
      vertex 21.6638 -5.28071 33.7763
      vertex 21.8785 -7.83202 31.0504
      vertex 21.8785 -4.92529 33.3214
    endloop
  endfacet
  facet normal 0.937279 -0.214607 0.274685
    outer loop
      vertex 21.8785 -7.83202 31.0504
      vertex 21.6638 -5.28071 33.7763
      vertex 21.6638 -13.1608 27.6197
    endloop
  endfacet
  facet normal 0.000635362 -0.78815 -0.615483
    outer loop
      vertex 21.2856 -13.7147 28.3286
      vertex 20.8701 -14.2584 29.0244
      vertex 21.6638 -13.1608 27.6197
    endloop
  endfacet
  facet normal 0.921853 -0.238593 0.305386
    outer loop
      vertex 21.2856 -5.8346 34.4852
      vertex 21.2856 -13.7147 28.3286
      vertex 21.6638 -13.1608 27.6197
    endloop
  endfacet
  facet normal -4.617e-05 -0.787991 -0.615686
    outer loop
      vertex 21.7365 -12.8054 27.1647
      vertex 20.8701 -14.2584 29.0244
      vertex 12.4848 -19.9919 36.3631
    endloop
  endfacet
  facet normal 0 -0.788002 -0.615673
    outer loop
      vertex 20.8701 -14.2584 29.0244
      vertex 21.7365 -12.8054 27.1647
      vertex 21.8621 -12.8054 27.1647
    endloop
  endfacet
  facet normal 0.587713 -0.498112 0.637556
    outer loop
      vertex 13.2976 -11.7793 42.0941
      vertex 13.2976 -19.6594 35.9375
      vertex 14.0872 -11.4262 41.6421
    endloop
  endfacet
  facet normal -3.61081e-05 0.788035 0.615631
    outer loop
      vertex 14.852 -11.0529 41.1644
      vertex 9.92066 -12.9797 43.6305
      vertex 12.4848 -12.1118 42.5197
    endloop
  endfacet
  facet normal 0.886183 -0.285259 0.365112
    outer loop
      vertex 20.8701 -6.37825 35.1811
      vertex 20.4179 -14.7908 29.706
      vertex 20.8701 -14.2584 29.0244
    endloop
  endfacet
  facet normal 0.866051 -0.307803 0.39397
    outer loop
      vertex 20.4179 -6.91071 35.8626
      vertex 19.93 -7.43105 36.5286
      vertex 20.4179 -14.7908 29.706
    endloop
  endfacet
  facet normal 0.000189568 0.788882 0.614544
    outer loop
      vertex -2.43551 -14.2663 45.2773
      vertex -3.46984 -14.1841 45.1721
      vertex -3.35492 -14.1948 45.1858
    endloop
  endfacet
  facet normal -1.2941e-05 0.787917 0.615781
    outer loop
      vertex -3.46984 -14.1841 45.1721
      vertex -2.43551 -14.2663 45.2773
      vertex -4.36598 -14.0908 45.0527
    endloop
  endfacet
  facet normal 8.28608e-05 0.788317 0.61527
    outer loop
      vertex -2.43551 -14.2663 45.2773
      vertex -5.32057 -13.9659 44.8928
      vertex -4.36598 -14.0908 45.0527
    endloop
  endfacet
  facet normal 6.8405e-05 -0.787979 -0.615702
    outer loop
      vertex -20.8701 -14.2584 29.0244
      vertex -22.004 -12.5977 26.8989
      vertex -12.4848 -19.9919 36.3631
    endloop
  endfacet
  facet normal 0.00321895 -0.780865 -0.624692
    outer loop
      vertex -9 -21.11 37.7941
      vertex -9.02911 -21.1042 37.7867
      vertex -9 -21.1096 37.7936
    endloop
  endfacet
  facet normal -0.00687033 -0.799981 -0.599986
    outer loop
      vertex -9 -21.1112 37.7957
      vertex -9.02911 -21.1042 37.7867
      vertex -9 -21.11 37.7941
    endloop
  endfacet
  facet normal 3.61081e-05 0.788035 0.615631
    outer loop
      vertex -9.92066 -12.9797 43.6305
      vertex -14.852 -11.0529 41.1644
      vertex -12.4848 -12.1118 42.5197
    endloop
  endfacet
  facet normal 0.000139729 -0.787927 -0.615769
    outer loop
      vertex -14.0872 -19.3063 35.4855
      vertex -16.3022 -18.1292 33.9788
      vertex -13.2976 -19.6594 35.9375
    endloop
  endfacet
  facet normal 0.00172194 -0.786146 -0.618038
    outer loop
      vertex -11.65 -20.3032 36.7614
      vertex -12.4848 -19.9919 36.3631
      vertex -10.7948 -20.5926 37.1319
    endloop
  endfacet
  facet normal 0.587713 -0.498112 0.637556
    outer loop
      vertex 14.0872 -11.4262 41.6421
      vertex 13.2976 -19.6594 35.9375
      vertex 14.0872 -19.3063 35.4855
    endloop
  endfacet
  facet normal 0.368584 -0.572311 0.732534
    outer loop
      vertex 9 -13.2311 43.9524
      vertex 9.02911 -21.1042 37.7867
      vertex 9.02911 -13.224 43.9433
    endloop
  endfacet
  facet normal 0.364701 -0.573263 0.733732
    outer loop
      vertex 9.02911 -21.1042 37.7867
      vertex 9 -13.2311 43.9524
      vertex 9 -21.1112 37.7957
    endloop
  endfacet
  facet normal -0.174251 0.965085 0.195568
    outer loop
      vertex 9.02911 -13.224 43.9433
      vertex 8.12173 -13.4452 44.2264
      vertex 9 -13.2311 43.9524
    endloop
  endfacet
  facet normal -0.00075399 0.789157 0.614191
    outer loop
      vertex 9.92066 -12.9797 43.6305
      vertex 8.12173 -13.4452 44.2264
      vertex 9.02911 -13.224 43.9433
    endloop
  endfacet
  facet normal 0.518047 -0.526612 0.674023
    outer loop
      vertex 11.65 -12.4231 42.9181
      vertex 11.65 -20.3032 36.7614
      vertex 12.4848 -12.1118 42.5197
    endloop
  endfacet
  facet normal 0.000255488 -0.788028 -0.61564
    outer loop
      vertex 9 -20.8414 37.4503
      vertex 9.02911 -21.1042 37.7867
      vertex 9 -21.1096 37.7936
    endloop
  endfacet
  facet normal 3.64192e-05 -0.788037 -0.615628
    outer loop
      vertex 9.02911 -21.1042 37.7867
      vertex 9 -20.8414 37.4503
      vertex 12.4848 -19.9919 36.3631
    endloop
  endfacet
  facet normal -8.06733e-05 0.788689 0.614792
    outer loop
      vertex 2.43551 -14.2663 45.2773
      vertex 0.487958 -14.3418 45.3739
      vertex 1.46302 -14.3166 45.3417
    endloop
  endfacet
  facet normal 2.02896e-05 0.78798 0.615701
    outer loop
      vertex 14.852 -11.0529 41.1644
      vertex 5.32057 -13.9659 44.8928
      vertex 9.92066 -12.9797 43.6305
    endloop
  endfacet
  facet normal -3.59382e-06 0.78801 0.615663
    outer loop
      vertex 14.852 -11.0529 41.1644
      vertex 0.487958 -14.3418 45.3739
      vertex 5.32057 -13.9659 44.8928
    endloop
  endfacet
  facet normal 0.0836806 0.613502 -0.785247
    outer loop
      vertex 2.13231 8.85872 4.5
      vertex 1.46302 8.95001 4.5
      vertex 1.46302 14.3166 8.69284
    endloop
  endfacet
  facet normal 0.328854 0.581421 -0.744181
    outer loop
      vertex 7.98927 6.72602 4.5
      vertex 8.12173 13.4452 9.80816
      vertex 8.12173 6.6511 4.5
    endloop
  endfacet
  facet normal 0.328871 0.581417 -0.744176
    outer loop
      vertex 8.12173 13.4452 9.80816
      vertex 7.98927 6.72602 4.5
      vertex 7.2001 13.6428 9.55525
    endloop
  endfacet
  facet normal 0.000199156 0.788355 0.61522
    outer loop
      vertex 7.2001 13.6428 9.55525
      vertex 6.26583 13.8165 9.33297
      vertex 8.12173 13.4452 9.80816
    endloop
  endfacet
  facet normal -0.00135232 0.786242 0.617917
    outer loop
      vertex 9.92066 12.9797 10.4041
      vertex 9.02911 13.224 10.0913
      vertex 10.7948 12.7125 10.746
    endloop
  endfacet
  facet normal 0.000339254 0.788459 0.615087
    outer loop
      vertex 10.7948 12.7125 10.746
      vertex 9.02911 13.224 10.0913
      vertex 11.65 12.4231 11.1165
    endloop
  endfacet
  facet normal 0.00194135 0.789389 0.61389
    outer loop
      vertex 14.852 11.0529 12.8701
      vertex 14.0872 11.4262 12.3925
      vertex 15.5907 10.6603 13.3726
    endloop
  endfacet
  facet normal 4.41126e-06 -0.788005 -0.615669
    outer loop
      vertex 10.0803 4.90223 4.5
      vertex 11.65 4.54295 4.95986
      vertex 14.0872 3.54604 6.23584
    endloop
  endfacet
  facet normal 0 -0.788012 -0.615659
    outer loop
      vertex 11.65 4.54295 4.95986
      vertex 10.0803 4.90223 4.5
      vertex 10.4098 4.90223 4.5
    endloop
  endfacet
  facet normal -0.963148 0.165598 -0.211953
    outer loop
      vertex -22.3055 -3.73397 15.5538
      vertex -22.568 3.56743 22.4512
      vertex -22.3055 4.14614 21.7105
    endloop
  endfacet
  facet normal -0.963147 0.165599 -0.211954
    outer loop
      vertex -22.568 3.56743 22.4512
      vertex -22.3055 -3.73397 15.5538
      vertex -22.568 -4.31267 16.2945
    endloop
  endfacet
  facet normal 2.91682e-05 -0.788018 -0.615652
    outer loop
      vertex -21.6638 -2.59939 14.1016
      vertex -22.3055 -3.73397 15.5538
      vertex -22.004 -3.16254 14.8224
    endloop
  endfacet
  facet normal -8.45265e-05 0.788017 0.615653
    outer loop
      vertex -22.9737 2.39228 23.9553
      vertex -23.2183 1.20035 25.4809
      vertex -22.568 3.56743 22.4512
    endloop
  endfacet
  facet normal -0.982281 0.115384 -0.147685
    outer loop
      vertex -22.7908 -4.89763 17.0433
      vertex -22.9737 2.39228 23.9553
      vertex -22.7908 2.98247 23.1999
    endloop
  endfacet
  facet normal -0.886174 0.285271 -0.365125
    outer loop
      vertex -20.4179 -0.969393 12.0153
      vertex -20.8701 6.37825 18.8535
      vertex -20.4179 6.91071 18.172
    endloop
  endfacet
  facet normal -0.921851 0.238596 -0.30539
    outer loop
      vertex -21.2856 -2.04551 13.3927
      vertex -21.6638 -2.59939 14.1016
      vertex -21.2856 5.8346 19.5493
    endloop
  endfacet
  facet normal -0.844334 -0.32988 0.422231
    outer loop
      vertex -19.93 -7.43105 36.5286
      vertex -19.93 -15.3112 30.372
      vertex -19.4071 -15.8185 31.0213
    endloop
  endfacet
  facet normal -0.886183 -0.285259 0.365112
    outer loop
      vertex -20.8701 -6.37825 35.1811
      vertex -20.8701 -14.2584 29.0244
      vertex -20.4179 -14.7908 29.706
    endloop
  endfacet
  facet normal -0.866051 -0.307803 0.39397
    outer loop
      vertex -20.4179 -6.91071 35.8626
      vertex -20.4179 -14.7908 29.706
      vertex -19.93 -7.43105 36.5286
    endloop
  endfacet
  facet normal -0.000167201 0.787949 0.61574
    outer loop
      vertex -19.93 -7.43105 36.5286
      vertex -20.8701 -6.37825 35.1811
      vertex -20.4179 -6.91071 35.8626
    endloop
  endfacet
  facet normal -0.553435 -0.512779 0.656328
    outer loop
      vertex -12.4848 -12.1118 42.5197
      vertex -13.2976 -19.6594 35.9375
      vertex -12.4848 -19.9919 36.3631
    endloop
  endfacet
  facet normal 9.70325e-05 -0.78801 -0.615662
    outer loop
      vertex -18.8501 0.55162 10.0685
      vertex -18.3861 -1.03082 12.094
      vertex -18.8319 -1.50621 12.7024
    endloop
  endfacet
  facet normal -0.463258 -0.479232 -0.745472
    outer loop
      vertex -18.3819 -1.02629 12.0882
      vertex -18.366 -1.01086 12.0684
      vertex -18.3773 -1.02187 12.0825
    endloop
  endfacet
  facet normal -0.0014979 -0.788188 -0.615432
    outer loop
      vertex -18.3819 -1.02629 12.0882
      vertex -18.8501 0.55162 10.0685
      vertex -18.366 -1.01086 12.0684
    endloop
  endfacet
  facet normal -0.00018557 -0.788042 -0.615622
    outer loop
      vertex -18.3861 -1.03082 12.094
      vertex -18.8501 0.55162 10.0685
      vertex -18.3819 -1.02629 12.0882
    endloop
  endfacet
  facet normal -0.0112537 -0.787998 -0.615575
    outer loop
      vertex -18.8359 -1.51084 12.7084
      vertex -18.8501 0.55162 10.0685
      vertex -18.8319 -1.50621 12.7024
    endloop
  endfacet
  facet normal 0.000103641 -0.788019 -0.615651
    outer loop
      vertex -19.2489 -1.99731 13.331
      vertex -18.8501 0.55162 10.0685
      vertex -18.8359 -1.51084 12.7084
    endloop
  endfacet
  facet normal -0.000129807 -0.788005 -0.615669
    outer loop
      vertex -18.8501 0.55162 10.0685
      vertex -19.2489 -1.99731 13.331
      vertex -19.5586 -2.40252 13.8497
    endloop
  endfacet
  facet normal 0.00311819 -0.787639 -0.616129
    outer loop
      vertex -12.4848 -19.9919 36.3631
      vertex -12.9929 -18.4187 34.3494
      vertex -12.9689 -18.4294 34.3632
    endloop
  endfacet
  facet normal -8.45855e-05 -0.788035 -0.61563
    outer loop
      vertex -12.4848 -19.9919 36.3631
      vertex -13.6916 -18.0777 33.913
      vertex -12.9929 -18.4187 34.3494
    endloop
  endfacet
  facet normal 0.000542763 -0.787885 -0.615822
    outer loop
      vertex -12.4848 -19.9919 36.3631
      vertex -13.6983 -18.0745 33.9089
      vertex -13.6916 -18.0777 33.913
    endloop
  endfacet
  facet normal 0.00699891 -0.786314 -0.617787
    outer loop
      vertex -12.4848 -19.9919 36.3631
      vertex -13.7047 -18.0711 33.9045
      vertex -13.6983 -18.0745 33.9089
    endloop
  endfacet
  facet normal -4.33902e-05 -0.788032 -0.615634
    outer loop
      vertex -12.4848 -19.9919 36.3631
      vertex -14.3797 -17.7124 33.4454
      vertex -13.7047 -18.0711 33.9045
    endloop
  endfacet
  facet normal -2.5735e-05 -0.788026 -0.615642
    outer loop
      vertex -12.4848 -19.9919 36.3631
      vertex -15.0296 -17.3366 32.9644
      vertex -14.3797 -17.7124 33.4454
    endloop
  endfacet
  facet normal -0.00176326 -0.788656 -0.614832
    outer loop
      vertex -12.4848 -19.9919 36.3631
      vertex -15.0358 -17.333 32.9598
      vertex -15.0296 -17.3366 32.9644
    endloop
  endfacet
  facet normal -0.00895214 -0.791229 -0.611454
    outer loop
      vertex -12.4848 -19.9919 36.3631
      vertex -15.0418 -17.3293 32.9551
      vertex -15.0358 -17.333 32.9598
    endloop
  endfacet
  facet normal 7.11018e-06 -0.788011 -0.615662
    outer loop
      vertex -12.4848 -19.9919 36.3631
      vertex -15.6656 -16.9371 32.4531
      vertex -15.0418 -17.3293 32.9551
    endloop
  endfacet
  facet normal 0.000384212 -0.787862 -0.615852
    outer loop
      vertex -12.4848 -19.9919 36.3631
      vertex -16.2622 -16.5292 31.9309
      vertex -15.6656 -16.9371 32.4531
    endloop
  endfacet
  facet normal -0.0378407 -0.802848 -0.594982
    outer loop
      vertex -12.4848 -19.9919 36.3631
      vertex -16.2679 -16.5253 31.926
      vertex -16.2622 -16.5292 31.9309
    endloop
  endfacet
  facet normal -0.0309396 -0.800265 -0.598848
    outer loop
      vertex -12.4848 -19.9919 36.3631
      vertex -16.2733 -16.5212 31.9208
      vertex -16.2679 -16.5253 31.926
    endloop
  endfacet
  facet normal 0.000645458 -0.787744 -0.616003
    outer loop
      vertex -12.4848 -19.9919 36.3631
      vertex -16.8417 -16.0983 31.3794
      vertex -16.2733 -16.5212 31.9208
    endloop
  endfacet
  facet normal -8.44931e-05 -0.788054 -0.615606
    outer loop
      vertex -22.004 -12.5977 26.8989
      vertex -16.8417 -16.0983 31.3794
      vertex -12.4848 -19.9919 36.3631
    endloop
  endfacet
  facet normal 0.000643122 -0.787647 -0.616127
    outer loop
      vertex -16.8417 -16.0983 31.3794
      vertex -22.004 -12.5977 26.8989
      vertex -17.3807 -15.661 30.8198
    endloop
  endfacet
  facet normal 0.000130679 -0.787933 -0.615761
    outer loop
      vertex -22.004 -12.5977 26.8989
      vertex -18.3773 -14.7383 29.6388
      vertex -17.8996 -15.2018 30.232
    endloop
  endfacet
  facet normal -0.0140509 -0.798029 -0.602455
    outer loop
      vertex -22.004 -12.5977 26.8989
      vertex -18.8359 -14.2494 29.0129
      vertex -18.8319 -14.254 29.0189
    endloop
  endfacet
  facet normal 4.03851e-05 -0.787977 -0.615705
    outer loop
      vertex -22.004 -12.5977 26.8989
      vertex -19.6286 -13.2662 27.7546
      vertex -19.2489 -13.7629 28.3903
    endloop
  endfacet
  facet normal -0.0312696 -0.805185 -0.592199
    outer loop
      vertex -17.3807 -15.661 30.8198
      vertex -22.004 -12.5977 26.8989
      vertex -17.3859 -15.6569 30.8145
    endloop
  endfacet
  facet normal 0.00136833 -0.787227 -0.616662
    outer loop
      vertex -22.004 -12.5977 26.8989
      vertex -17.3907 -15.6526 30.809
      vertex -17.3859 -15.6569 30.8145
    endloop
  endfacet
  facet normal -4.94836e-06 -0.788014 -0.615657
    outer loop
      vertex -22.004 -12.5977 26.8989
      vertex -17.8996 -15.2018 30.232
      vertex -17.3907 -15.6526 30.809
    endloop
  endfacet
  facet normal -0.0144095 -0.797099 -0.603676
    outer loop
      vertex -18.3773 -14.7383 29.6388
      vertex -22.004 -12.5977 26.8989
      vertex -18.3819 -14.7339 29.6331
    endloop
  endfacet
  facet normal -0.00716135 -0.79257 -0.609739
    outer loop
      vertex -22.004 -12.5977 26.8989
      vertex -18.3861 -14.7294 29.6273
      vertex -18.3819 -14.7339 29.6331
    endloop
  endfacet
  facet normal 0.000124076 -0.787925 -0.615771
    outer loop
      vertex -22.004 -12.5977 26.8989
      vertex -18.8319 -14.254 29.0189
      vertex -18.3861 -14.7294 29.6273
    endloop
  endfacet
  facet normal 8.06879e-05 -0.787941 -0.615751
    outer loop
      vertex -18.8359 -14.2494 29.0129
      vertex -22.004 -12.5977 26.8989
      vertex -19.2489 -13.7629 28.3903
    endloop
  endfacet
  facet normal -0.0038976 -0.793246 -0.608889
    outer loop
      vertex -19.6286 -13.2662 27.7546
      vertex -22.004 -12.5977 26.8989
      vertex -19.6322 -13.2615 27.7485
    endloop
  endfacet
  facet normal -2.89552e-05 -0.788041 -0.615623
    outer loop
      vertex -22.004 -12.5977 26.8989
      vertex -19.9777 -12.7555 27.1008
      vertex -19.6322 -13.2615 27.7485
    endloop
  endfacet
  facet normal 0.000721948 -0.784372 -0.620291
    outer loop
      vertex -22.004 -12.5977 26.8989
      vertex -19.981 -12.7506 27.0946
      vertex -19.9777 -12.7555 27.1008
    endloop
  endfacet
  facet normal 0.000718419 -0.784389 -0.620268
    outer loop
      vertex -22.004 -12.5977 26.8989
      vertex -19.984 -12.7457 27.0884
      vertex -19.981 -12.7506 27.0946
    endloop
  endfacet
  facet normal 1.54634e-05 -0.788039 -0.615625
    outer loop
      vertex -22.004 -12.5977 26.8989
      vertex -20.2947 -12.2312 26.4298
      vertex -19.984 -12.7457 27.0884
    endloop
  endfacet
  facet normal 1.5557e-05 -0.788039 -0.615625
    outer loop
      vertex -22.004 -12.5977 26.8989
      vertex -20.5703 -11.7092 25.7616
      vertex -20.2947 -12.2312 26.4298
    endloop
  endfacet
  facet normal -6.49508e-06 -0.788026 -0.615642
    outer loop
      vertex -22.004 -12.5977 26.8989
      vertex -20.5729 -11.7042 25.7552
      vertex -20.5703 -11.7092 25.7616
    endloop
  endfacet
  facet normal -2.71024e-05 -0.788013 -0.615658
    outer loop
      vertex -22.004 -12.5977 26.8989
      vertex -20.8127 -11.1755 25.0785
      vertex -20.5729 -11.7042 25.7552
    endloop
  endfacet
  facet normal -0.0122679 -0.784052 -0.620574
    outer loop
      vertex -22.004 -12.5977 26.8989
      vertex -20.8149 -11.1704 25.0721
      vertex -20.8127 -11.1755 25.0785
    endloop
  endfacet
  facet normal 0.00711096 -0.790221 -0.61278
    outer loop
      vertex -22.004 -12.5977 26.8989
      vertex -20.8169 -11.1653 25.0655
      vertex -20.8149 -11.1704 25.0721
    endloop
  endfacet
  facet normal -4.89325e-06 -0.788011 -0.615661
    outer loop
      vertex -22.004 -12.5977 26.8989
      vertex -21.0205 -10.6309 24.3815
      vertex -20.8169 -11.1653 25.0655
    endloop
  endfacet
  facet normal -6.69466e-05 -0.787999 -0.615676
    outer loop
      vertex -22.004 -12.5977 26.8989
      vertex -21.1876 -10.0917 23.6914
      vertex -21.0205 -10.6309 24.3815
    endloop
  endfacet
  facet normal 0.0136115 -0.789612 -0.613455
    outer loop
      vertex -22.004 -12.5977 26.8989
      vertex -21.1892 -10.0866 23.6848
      vertex -21.1876 -10.0917 23.6914
    endloop
  endfacet
  facet normal -0.0119286 -0.786489 -0.617489
    outer loop
      vertex -22.004 -12.5977 26.8989
      vertex -21.1904 -10.0814 23.6782
      vertex -21.1892 -10.0866 23.6848
    endloop
  endfacet
  facet normal 0.000137167 -0.788026 -0.615642
    outer loop
      vertex -21.1904 -10.0814 23.6782
      vertex -22.004 -12.5977 26.8989
      vertex -21.2954 -9.64353 23.1177
    endloop
  endfacet
  facet normal 3.44978e-05 -0.787988 -0.61569
    outer loop
      vertex 16.985 1.93966 8.29192
      vertex 15.5907 2.78024 7.21603
      vertex 16.3022 2.36894 7.74247
    endloop
  endfacet
  facet normal 3.4738e-05 -0.787988 -0.615691
    outer loop
      vertex 18.8501 0.55162 10.0685
      vertex 15.5907 2.78024 7.21603
      vertex 16.985 1.93966 8.29192
    endloop
  endfacet
  facet normal 0.921864 0.238579 -0.305363
    outer loop
      vertex 21.6638 -2.59939 14.1016
      vertex 21.2856 5.8346 19.5493
      vertex 21.6638 5.28071 20.2583
    endloop
  endfacet
  facet normal 0 -0.788057 -0.615602
    outer loop
      vertex 21.825 -2.95482 14.5566
      vertex 21.6638 -2.59939 14.1016
      vertex 21.8648 -2.95482 14.5566
    endloop
  endfacet
  facet normal 0.289031 0.589386 -0.754377
    outer loop
      vertex 6.26583 7.63056 4.5
      vertex 7.2001 13.6428 9.55525
      vertex 7.2001 7.1724 4.5
    endloop
  endfacet
  facet normal 0.289057 0.589379 -0.754373
    outer loop
      vertex 7.2001 13.6428 9.55525
      vertex 6.26583 7.63056 4.5
      vertex 6.26583 13.8165 9.33297
    endloop
  endfacet
  facet normal 0.000312326 0.788145 0.615489
    outer loop
      vertex 19.4071 7.93835 16.8566
      vertex 18.8501 8.43173 16.2251
      vertex 20.4179 6.91071 18.172
    endloop
  endfacet
  facet normal -0.00117843 0.787589 0.6162
    outer loop
      vertex 19.93 7.43105 17.506
      vertex 19.4071 7.93835 16.8566
      vertex 20.4179 6.91071 18.172
    endloop
  endfacet
  facet normal 0.796531 0.372228 -0.476429
    outer loop
      vertex 18.8501 8.43173 16.2251
      vertex 18.2601 1.0302 9.45597
      vertex 18.2601 8.91031 15.6126
    endloop
  endfacet
  facet normal 0.79654 0.372219 -0.476421
    outer loop
      vertex 18.8501 0.55162 10.0685
      vertex 18.2601 1.0302 9.45597
      vertex 18.8501 8.43173 16.2251
    endloop
  endfacet
  facet normal -0.000295539 0.787908 0.615793
    outer loop
      vertex 20.8701 6.37825 18.8535
      vertex 20.4179 6.91071 18.172
      vertex 21.2856 5.8346 19.5493
    endloop
  endfacet
  facet normal 0.904831 0.262131 -0.335513
    outer loop
      vertex 21.2856 5.8346 19.5493
      vertex 20.8701 -1.50185 12.6969
      vertex 20.8701 6.37825 18.8535
    endloop
  endfacet
  facet normal 0 0.788 0.615676
    outer loop
      vertex 21.6638 5.28071 20.2583
      vertex 21.5674 4.92529 20.7132
      vertex 21.7614 4.92529 20.7132
    endloop
  endfacet
  facet normal -9.25028e-05 0.788009 0.615663
    outer loop
      vertex 21.5674 4.92529 20.7132
      vertex 21.6638 5.28071 20.2583
      vertex 21.2856 5.8346 19.5493
    endloop
  endfacet
  facet normal 0 0.788 0.615676
    outer loop
      vertex 21.8514 4.92529 20.7132
      vertex 21.6638 5.28071 20.2583
      vertex 21.7614 4.92529 20.7132
    endloop
  endfacet
  facet normal -0.998025 0.0386718 -0.0494977
    outer loop
      vertex -23.2183 -6.67976 19.3243
      vertex -23.2796 0.600702 26.2484
      vertex -23.2183 1.20035 25.4809
    endloop
  endfacet
  facet normal -0.998025 0.038672 -0.049498
    outer loop
      vertex -23.2796 0.600702 26.2484
      vertex -23.2183 -6.67976 19.3243
      vertex -23.2796 -7.2794 20.0918
    endloop
  endfacet
  facet normal 7.81889e-05 -0.788003 -0.615671
    outer loop
      vertex -23.2183 -9.08046 22.397
      vertex -23.2796 -7.2794 20.0918
      vertex -22.004 -12.5977 26.8989
    endloop
  endfacet
  facet normal -0.289031 0.589386 -0.754377
    outer loop
      vertex -7.2001 13.6428 9.55525
      vertex -6.26583 7.63056 4.5
      vertex -7.2001 7.1724 4.5
    endloop
  endfacet
  facet normal -0.289057 0.589379 -0.754373
    outer loop
      vertex -6.26583 7.63056 4.5
      vertex -7.2001 13.6428 9.55525
      vertex -6.26583 13.8165 9.33297
    endloop
  endfacet
  facet normal -0.328868 0.581417 -0.744177
    outer loop
      vertex -7.2001 7.1724 4.5
      vertex -7.98927 6.72602 4.5
      vertex -7.2001 13.6428 9.55525
    endloop
  endfacet
  facet normal -0.653453 0.466035 -0.596498
    outer loop
      vertex -14.852 3.17284 6.71353
      vertex -15.5907 2.78024 7.21603
      vertex -14.852 11.0529 12.8701
    endloop
  endfacet
  facet normal -0 -0.78801 -0.615662
    outer loop
      vertex -9.89958 4.90223 4.5
      vertex -14.0872 3.54604 6.23584
      vertex -10.0803 4.90223 4.5
    endloop
  endfacet
  facet normal 9.28027e-06 -0.788021 -0.615648
    outer loop
      vertex -14.0872 3.54604 6.23584
      vertex -9.89958 4.90223 4.5
      vertex -15.5907 2.78024 7.21603
    endloop
  endfacet
  facet normal 0.0002472 0.787725 0.616027
    outer loop
      vertex -12.4848 12.1118 11.5149
      vertex -13.2976 11.7793 11.9404
      vertex -11.65 12.4231 11.1165
    endloop
  endfacet
  facet normal -0.553379 0.512801 -0.656358
    outer loop
      vertex -12.4848 12.1118 11.5149
      vertex -13.2976 3.89921 5.78382
      vertex -13.2976 11.7793 11.9404
    endloop
  endfacet
  facet normal -0.000513166 0.788224 0.615388
    outer loop
      vertex -18.8501 8.43173 16.2251
      vertex -20.4179 6.91071 18.172
      vertex -18.2601 8.91031 15.6126
    endloop
  endfacet
  facet normal -0.000295989 -0.78786 -0.615854
    outer loop
      vertex -17.638 1.49315 8.86342
      vertex -18.8501 0.55162 10.0685
      vertex -18.2601 1.0302 9.45597
    endloop
  endfacet
  facet normal 0.000170421 -0.78807 -0.615585
    outer loop
      vertex -19.4071 0.0582457 10.7
      vertex -20.4179 -0.969393 12.0153
      vertex -19.93 -0.449055 11.3493
    endloop
  endfacet
  facet normal -0.844358 0.329859 -0.422201
    outer loop
      vertex -19.4071 0.0582457 10.7
      vertex -19.93 7.43105 17.506
      vertex -19.4071 7.93835 16.8566
    endloop
  endfacet
  facet normal -0.921852 -0.238595 0.305387
    outer loop
      vertex -21.6638 -5.28071 33.7763
      vertex -21.6638 -13.1608 27.6197
      vertex -21.2856 -5.8346 34.4852
    endloop
  endfacet
  facet normal -0.904845 -0.262112 0.335488
    outer loop
      vertex -21.2856 -5.8346 34.4852
      vertex -21.2856 -13.7147 28.3286
      vertex -20.8701 -6.37825 35.1811
    endloop
  endfacet
  facet normal 0.000644148 0.788467 0.615077
    outer loop
      vertex -14.852 -11.0529 41.1644
      vertex -16.3022 -10.249 40.1354
      vertex -15.5907 -10.6603 40.6619
    endloop
  endfacet
  facet normal -0.653453 -0.466031 0.596501
    outer loop
      vertex -15.5907 -10.6603 40.6619
      vertex -15.5907 -18.5405 34.5053
      vertex -14.852 -11.0529 41.1644
    endloop
  endfacet
  facet normal -0.982284 -0.115374 0.147673
    outer loop
      vertex -22.9737 -10.2724 23.9226
      vertex -22.7908 -2.98247 30.8347
      vertex -22.9737 -2.39228 30.0792
    endloop
  endfacet
  facet normal -0.982281 -0.115384 0.147683
    outer loop
      vertex -22.7908 -2.98247 30.8347
      vertex -22.9737 -10.2724 23.9226
      vertex -22.7908 -10.8626 24.678
    endloop
  endfacet
  facet normal -0.00261206 0.787737 0.616006
    outer loop
      vertex -22.7908 -2.98247 30.8347
      vertex -23.1163 -1.79789 29.3185
      vertex -22.9737 -2.39228 30.0792
    endloop
  endfacet
  facet normal -0.00199281 -0.788361 -0.615209
    outer loop
      vertex -22.568 -11.4475 25.4268
      vertex -22.7908 -10.8626 24.678
      vertex -22.004 -12.5977 26.8989
    endloop
  endfacet
  facet normal -0.973592 -0.140552 0.179898
    outer loop
      vertex -22.568 -3.56743 31.5834
      vertex -22.7908 -10.8626 24.678
      vertex -22.568 -11.4475 25.4268
    endloop
  endfacet
  facet normal -0.743153 -0.411951 0.527277
    outer loop
      vertex -17.638 -9.37326 39.0145
      vertex -17.638 -17.2534 32.8579
      vertex -16.985 -9.81977 39.586
    endloop
  endfacet
  facet normal -0.000191553 0.787901 0.615802
    outer loop
      vertex -16.3022 -10.249 40.1354
      vertex -17.638 -9.37326 39.0145
      vertex -16.985 -9.81977 39.586
    endloop
  endfacet
  facet normal -0.00124453 0.787402 0.616439
    outer loop
      vertex -17.638 -9.37326 39.0145
      vertex -18.8501 -8.43173 37.8094
      vertex -18.2601 -8.91031 38.4219
    endloop
  endfacet
  facet normal -0.796531 -0.372228 0.476429
    outer loop
      vertex -18.8501 -16.3118 31.6528
      vertex -18.2601 -8.91031 38.4219
      vertex -18.8501 -8.43173 37.8094
    endloop
  endfacet
  facet normal -0.796536 -0.372224 0.476424
    outer loop
      vertex -18.2601 -8.91031 38.4219
      vertex -18.8501 -16.3118 31.6528
      vertex -18.2601 -16.7904 32.2653
    endloop
  endfacet
  facet normal -0 0.788008 0.615665
    outer loop
      vertex 21.3473 -4.92529 33.3214
      vertex 19.93 -7.43105 36.5286
      vertex 21.5414 -4.92529 33.3214
    endloop
  endfacet
  facet normal -0 0.788008 0.615665
    outer loop
      vertex 21.5414 -4.92529 33.3214
      vertex 19.93 -7.43105 36.5286
      vertex 21.8452 -4.92529 33.3214
    endloop
  endfacet
  facet normal 0.000809715 0.787317 0.616548
    outer loop
      vertex 14.852 -11.0529 41.1644
      vertex 12.4848 -12.1118 42.5197
      vertex 14.0872 -11.4262 41.6421
    endloop
  endfacet
  facet normal -0.00026769 0.788272 0.615327
    outer loop
      vertex 14.0872 -11.4262 41.6421
      vertex 12.4848 -12.1118 42.5197
      vertex 13.2976 -11.7793 42.0941
    endloop
  endfacet
  facet normal 0.886174 -0.285268 0.365127
    outer loop
      vertex 20.4179 -6.91071 35.8626
      vertex 20.4179 -14.7908 29.706
      vertex 20.8701 -6.37825 35.1811
    endloop
  endfacet
  facet normal 0.000167201 0.787949 0.61574
    outer loop
      vertex 20.8701 -6.37825 35.1811
      vertex 19.93 -7.43105 36.5286
      vertex 20.4179 -6.91071 35.8626
    endloop
  endfacet
  facet normal -0.444699 -0.551435 0.705806
    outer loop
      vertex -10.7948 -20.5926 37.1319
      vertex -9.92066 -12.9797 43.6305
      vertex -10.7948 -12.7125 43.2885
    endloop
  endfacet
  facet normal -0.444699 -0.551435 0.705806
    outer loop
      vertex -9.92066 -12.9797 43.6305
      vertex -10.7948 -20.5926 37.1319
      vertex -9.92066 -20.8598 37.4739
    endloop
  endfacet
  facet normal -0.000116173 -0.788154 -0.615478
    outer loop
      vertex -9.92066 -20.8598 37.4739
      vertex -10.7948 -20.5926 37.1319
      vertex -9.02911 -21.1042 37.7867
    endloop
  endfacet
  facet normal 0.000208194 0.788359 0.615215
    outer loop
      vertex -7.2001 -13.6428 44.4793
      vertex -9.92066 -12.9797 43.6305
      vertex -8.12173 -13.4452 44.2264
    endloop
  endfacet
  facet normal 9.28772e-05 0.78818 0.615445
    outer loop
      vertex -5.32057 -13.9659 44.8928
      vertex -9.92066 -12.9797 43.6305
      vertex -7.2001 -13.6428 44.4793
    endloop
  endfacet
  facet normal -0.481738 -0.539518 0.690542
    outer loop
      vertex -11.65 -12.4231 42.9181
      vertex -11.65 -20.3032 36.7614
      vertex -10.7948 -20.5926 37.1319
    endloop
  endfacet
  facet normal -0.481676 -0.539534 0.690573
    outer loop
      vertex -10.7948 -12.7125 43.2885
      vertex -11.65 -12.4231 42.9181
      vertex -10.7948 -20.5926 37.1319
    endloop
  endfacet
  facet normal 0.00026769 0.788272 0.615327
    outer loop
      vertex -12.4848 -12.1118 42.5197
      vertex -14.0872 -11.4262 41.6421
      vertex -13.2976 -11.7793 42.0941
    endloop
  endfacet
  facet normal -0.517987 -0.526629 0.674055
    outer loop
      vertex -12.4848 -12.1118 42.5197
      vertex -12.4848 -19.9919 36.3631
      vertex -11.65 -20.3032 36.7614
    endloop
  endfacet
  facet normal -0.000301233 -0.787793 -0.61594
    outer loop
      vertex 14.852 -18.9331 35.0078
      vertex 14.0872 -19.3063 35.4855
      vertex 15.5907 -18.5405 34.5053
    endloop
  endfacet
  facet normal 0.653453 -0.466031 0.596501
    outer loop
      vertex 14.852 -11.0529 41.1644
      vertex 14.852 -18.9331 35.0078
      vertex 15.5907 -18.5405 34.5053
    endloop
  endfacet
  facet normal -0.000189568 0.788882 0.614544
    outer loop
      vertex 3.46984 -14.1841 45.1721
      vertex 2.43551 -14.2663 45.2773
      vertex 3.35492 -14.1948 45.1858
    endloop
  endfacet
  facet normal 1.2941e-05 0.787917 0.615781
    outer loop
      vertex 2.43551 -14.2663 45.2773
      vertex 3.46984 -14.1841 45.1721
      vertex 4.36598 -14.0908 45.0527
    endloop
  endfacet
  facet normal -4.50293e-06 0.787985 0.615694
    outer loop
      vertex 7.2001 -13.6428 44.4793
      vertex 5.32057 -13.9659 44.8928
      vertex 6.26583 -13.8165 44.7016
    endloop
  endfacet
  facet normal -9.28772e-05 0.78818 0.615445
    outer loop
      vertex 9.92066 -12.9797 43.6305
      vertex 5.32057 -13.9659 44.8928
      vertex 7.2001 -13.6428 44.4793
    endloop
  endfacet
  facet normal 0.083669 0.613505 -0.785246
    outer loop
      vertex 2.13231 8.85872 4.5
      vertex 2.43551 14.2663 8.7572
      vertex 2.43551 8.81737 4.5
    endloop
  endfacet
  facet normal 0.0837001 0.613503 -0.785244
    outer loop
      vertex 2.43551 14.2663 8.7572
      vertex 2.13231 8.85872 4.5
      vertex 1.46302 14.3166 8.69284
    endloop
  endfacet
  facet normal 4.02962e-05 0.788208 0.615409
    outer loop
      vertex 2.43551 14.2663 8.7572
      vertex 1.46302 14.3166 8.69284
      vertex 3.40373 14.191 8.85358
    endloop
  endfacet
  facet normal 0.000392032 -0.788077 -0.615576
    outer loop
      vertex -22.3055 -3.73397 15.5538
      vertex -22.9737 -5.48782 17.7987
      vertex -22.568 -4.31267 16.2945
    endloop
  endfacet
  facet normal -0.00139455 -0.787843 -0.615875
    outer loop
      vertex -22.568 -4.31267 16.2945
      vertex -22.9737 -5.48782 17.7987
      vertex -22.7908 -4.89763 17.0433
    endloop
  endfacet
  facet normal -0.937274 0.214617 -0.274693
    outer loop
      vertex -21.6638 -2.59939 14.1016
      vertex -22.004 -3.16254 14.8224
      vertex -22.004 4.71756 20.9791
    endloop
  endfacet
  facet normal 0.000474905 0.787974 0.615709
    outer loop
      vertex -23.1163 1.79789 24.7161
      vertex -23.2183 1.20035 25.4809
      vertex -22.9737 2.39228 23.9553
    endloop
  endfacet
  facet normal -0.994523 0.0643483 -0.0823622
    outer loop
      vertex -23.1163 -6.08221 18.5595
      vertex -23.2183 1.20035 25.4809
      vertex -23.1163 1.79789 24.7161
    endloop
  endfacet
  facet normal -8.87107e-05 0.788018 0.615653
    outer loop
      vertex -22.7908 2.98247 23.1999
      vertex -22.9737 2.39228 23.9553
      vertex -22.568 3.56743 22.4512
    endloop
  endfacet
  facet normal -0.97359 0.140557 -0.179906
    outer loop
      vertex -22.568 3.56743 22.4512
      vertex -22.7908 -4.89763 17.0433
      vertex -22.7908 2.98247 23.1999
    endloop
  endfacet
  facet normal -0.904831 0.262131 -0.335513
    outer loop
      vertex -20.8701 -1.50185 12.6969
      vertex -21.2856 5.8346 19.5493
      vertex -20.8701 6.37825 18.8535
    endloop
  endfacet
  facet normal 0.000295539 0.787908 0.615793
    outer loop
      vertex -20.8701 6.37825 18.8535
      vertex -21.2856 5.8346 19.5493
      vertex -20.4179 6.91071 18.172
    endloop
  endfacet
  facet normal -0.00188057 -0.787441 -0.616387
    outer loop
      vertex -20.4179 -0.969393 12.0153
      vertex -21.2856 -2.04551 13.3927
      vertex -20.8701 -1.50185 12.6969
    endloop
  endfacet
  facet normal -0.000459867 -0.787877 -0.615832
    outer loop
      vertex -20.4179 -0.969393 12.0153
      vertex -21.6638 -2.59939 14.1016
      vertex -21.2856 -2.04551 13.3927
    endloop
  endfacet
  facet normal -0.000187071 -0.788099 -0.615548
    outer loop
      vertex -17.638 -17.2534 32.8579
      vertex -18.2601 -16.7904 32.2653
      vertex -16.3022 -18.1292 33.9788
    endloop
  endfacet
  facet normal -0.00103233 -0.788453 -0.615094
    outer loop
      vertex -18.8501 -16.3118 31.6528
      vertex -19.93 -15.3112 30.372
      vertex -18.2601 -16.7904 32.2653
    endloop
  endfacet
  facet normal 0.684529 0.448808 -0.574449
    outer loop
      vertex 16.3022 10.249 13.8991
      vertex 15.5907 2.78024 7.21603
      vertex 15.5907 10.6603 13.3726
    endloop
  endfacet
  facet normal 0.684503 0.448826 -0.574466
    outer loop
      vertex 16.3022 2.36894 7.74247
      vertex 15.5907 2.78024 7.21603
      vertex 16.3022 10.249 13.8991
    endloop
  endfacet
  facet normal -0.000170421 -0.78807 -0.615585
    outer loop
      vertex 20.4179 -0.969393 12.0153
      vertex 19.4071 0.0582457 10.7
      vertex 19.93 -0.449055 11.3493
    endloop
  endfacet
  facet normal 0.866051 0.307806 -0.393968
    outer loop
      vertex 20.4179 -0.969393 12.0153
      vertex 19.93 -0.449055 11.3493
      vertex 19.93 7.43105 17.506
    endloop
  endfacet
  facet normal 0.125339 0.610809 -0.781794
    outer loop
      vertex 3.11567 8.6778 4.5
      vertex 2.43551 8.81737 4.5
      vertex 2.43551 14.2663 8.7572
    endloop
  endfacet
  facet normal 0.125317 0.61081 -0.781797
    outer loop
      vertex 3.11567 8.6778 4.5
      vertex 3.40373 14.191 8.85358
      vertex 3.40373 8.6187 4.5
    endloop
  endfacet
  facet normal 0.125326 0.610809 -0.781796
    outer loop
      vertex 3.40373 14.191 8.85358
      vertex 3.11567 8.6778 4.5
      vertex 2.43551 14.2663 8.7572
    endloop
  endfacet
  facet normal 0.248688 0.596318 -0.763255
    outer loop
      vertex 6.26583 7.63056 4.5
      vertex 5.54616 7.93069 4.5
      vertex 6.26583 13.8165 9.33297
    endloop
  endfacet
  facet normal 0.000649524 0.788367 0.615205
    outer loop
      vertex 17.638 9.37326 15.02
      vertex 16.985 9.81977 14.4485
      vertex 18.2601 8.91031 15.6126
    endloop
  endfacet
  facet normal -6.54591e-05 0.787987 0.615691
    outer loop
      vertex 18.2601 8.91031 15.6126
      vertex 16.985 9.81977 14.4485
      vertex 20.4179 6.91071 18.172
    endloop
  endfacet
  facet normal -0.999782 0.0128691 -0.0164717
    outer loop
      vertex -23.2796 -7.2794 20.0918
      vertex -23.3 0 27.0173
      vertex -23.2796 0.600702 26.2484
    endloop
  endfacet
  facet normal -0.00014924 0.788261 0.615342
    outer loop
      vertex -8.12173 13.4452 9.80816
      vertex -9.02911 13.224 10.0913
      vertex -6.26583 13.8165 9.33297
    endloop
  endfacet
  facet normal -0.248688 0.596318 -0.763255
    outer loop
      vertex -6.26583 13.8165 9.33297
      vertex -5.32057 8.02477 4.5
      vertex -5.54616 7.93069 4.5
    endloop
  endfacet
  facet normal -0.248676 0.596322 -0.763257
    outer loop
      vertex -5.32057 8.02477 4.5
      vertex -6.26583 13.8165 9.33297
      vertex -5.32057 13.9659 9.14172
    endloop
  endfacet
  facet normal -0.207928 0.602206 -0.770788
    outer loop
      vertex -5.32057 13.9659 9.14172
      vertex -5.07943 8.10803 4.5
      vertex -5.32057 8.02477 4.5
    endloop
  endfacet
  facet normal -0.207899 0.60221 -0.770792
    outer loop
      vertex -5.07943 8.10803 4.5
      vertex -5.32057 13.9659 9.14172
      vertex -4.36598 14.0908 8.98183
    endloop
  endfacet
  facet normal -0.743153 0.411951 -0.527276
    outer loop
      vertex -16.985 1.93966 8.29192
      vertex -17.638 1.49315 8.86342
      vertex -16.985 9.81977 14.4485
    endloop
  endfacet
  facet normal -3.44984e-05 -0.787988 -0.61569
    outer loop
      vertex -16.985 1.93966 8.29192
      vertex -18.8501 0.55162 10.0685
      vertex -17.638 1.49315 8.86342
    endloop
  endfacet
  facet normal -0.00194135 0.789389 0.61389
    outer loop
      vertex -14.852 11.0529 12.8701
      vertex -15.5907 10.6603 13.3726
      vertex -14.0872 11.4262 12.3925
    endloop
  endfacet
  facet normal -0.653453 0.466035 -0.596498
    outer loop
      vertex -14.852 11.0529 12.8701
      vertex -15.5907 2.78024 7.21603
      vertex -15.5907 10.6603 13.3726
    endloop
  endfacet
  facet normal -0 -0.788012 -0.615659
    outer loop
      vertex -10.4098 4.90223 4.5
      vertex -11.65 4.54295 4.95986
      vertex -10.4744 4.90223 4.5
    endloop
  endfacet
  facet normal -0.481755 0.539507 -0.690539
    outer loop
      vertex -10.7948 4.83241 4.58938
      vertex -11.65 4.54295 4.95986
      vertex -11.65 12.4231 11.1165
    endloop
  endfacet
  facet normal -0.518012 0.526623 -0.674041
    outer loop
      vertex -11.65 4.54295 4.95986
      vertex -12.4848 4.2317 5.35824
      vertex -12.4848 12.1118 11.5149
    endloop
  endfacet
  facet normal 0.000110409 -0.788122 -0.61552
    outer loop
      vertex -11.65 4.54295 4.95986
      vertex -13.2976 3.89921 5.78382
      vertex -12.4848 4.2317 5.35824
    endloop
  endfacet
  facet normal -0.821138 0.351376 -0.449742
    outer loop
      vertex -18.8501 8.43173 16.2251
      vertex -19.4071 0.0582457 10.7
      vertex -19.4071 7.93835 16.8566
    endloop
  endfacet
  facet normal -0.000312326 0.788145 0.615489
    outer loop
      vertex -19.4071 7.93835 16.8566
      vertex -20.4179 6.91071 18.172
      vertex -18.8501 8.43173 16.2251
    endloop
  endfacet
  facet normal -0.866051 0.307806 -0.393968
    outer loop
      vertex -19.93 -0.449055 11.3493
      vertex -20.4179 -0.969393 12.0153
      vertex -19.93 7.43105 17.506
    endloop
  endfacet
  facet normal -0.844334 0.329884 -0.422227
    outer loop
      vertex -19.4071 0.0582457 10.7
      vertex -19.93 -0.449055 11.3493
      vertex -19.93 7.43105 17.506
    endloop
  endfacet
  facet normal -0.921853 -0.238593 0.305386
    outer loop
      vertex -21.2856 -5.8346 34.4852
      vertex -21.6638 -13.1608 27.6197
      vertex -21.2856 -13.7147 28.3286
    endloop
  endfacet
  facet normal -0.000635362 -0.78815 -0.615483
    outer loop
      vertex -21.2856 -13.7147 28.3286
      vertex -21.6638 -13.1608 27.6197
      vertex -20.8701 -14.2584 29.0244
    endloop
  endfacet
  facet normal -8.41745e-05 0.787971 0.615712
    outer loop
      vertex -17.638 -9.37326 39.0145
      vertex -19.93 -7.43105 36.5286
      vertex -19.4071 -7.93835 37.1779
    endloop
  endfacet
  facet normal -0.844334 -0.32988 0.422231
    outer loop
      vertex -19.4071 -7.93835 37.1779
      vertex -19.93 -7.43105 36.5286
      vertex -19.4071 -15.8185 31.0213
    endloop
  endfacet
  facet normal -0.770516 -0.392436 0.502295
    outer loop
      vertex -18.2601 -16.7904 32.2653
      vertex -17.638 -9.37326 39.0145
      vertex -18.2601 -8.91031 38.4219
    endloop
  endfacet
  facet normal -0.770529 -0.392424 0.502284
    outer loop
      vertex -17.638 -9.37326 39.0145
      vertex -18.2601 -16.7904 32.2653
      vertex -17.638 -17.2534 32.8579
    endloop
  endfacet
  facet normal -6.36993e-05 -0.787919 -0.615779
    outer loop
      vertex 10.7948 -20.5926 37.1319
      vertex 9.02911 -21.1042 37.7867
      vertex 12.4848 -19.9919 36.3631
    endloop
  endfacet
  facet normal 0.00687033 -0.799981 -0.599986
    outer loop
      vertex 9.02911 -21.1042 37.7867
      vertex 9 -21.1112 37.7957
      vertex 9 -21.11 37.7941
    endloop
  endfacet
  facet normal -0.951079 0.190209 -0.243453
    outer loop
      vertex -22.004 -3.16254 14.8224
      vertex -22.3055 4.14614 21.7105
      vertex -22.004 4.71756 20.9791
    endloop
  endfacet
  facet normal -0.95108 0.190208 -0.243451
    outer loop
      vertex -22.3055 4.14614 21.7105
      vertex -22.004 -3.16254 14.8224
      vertex -22.3055 -3.73397 15.5538
    endloop
  endfacet
  facet normal 2.87812e-05 0.788005 0.615669
    outer loop
      vertex -22.568 3.56743 22.4512
      vertex -23.2796 -0.600702 27.7861
      vertex -21.6638 5.28071 20.2583
    endloop
  endfacet
  facet normal 0.000161157 0.787991 0.615686
    outer loop
      vertex -21.6638 5.28071 20.2583
      vertex -23.2796 -0.600702 27.7861
      vertex -21.2856 5.8346 19.5493
    endloop
  endfacet
  facet normal -0.921864 0.238579 -0.305363
    outer loop
      vertex -21.2856 5.8346 19.5493
      vertex -21.6638 -2.59939 14.1016
      vertex -21.6638 5.28071 20.2583
    endloop
  endfacet
  facet normal -0.989267 0.089958 -0.115141
    outer loop
      vertex -22.9737 2.39228 23.9553
      vertex -23.1163 -6.08221 18.5595
      vertex -23.1163 1.79789 24.7161
    endloop
  endfacet
  facet normal -0.989267 0.089958 -0.115141
    outer loop
      vertex -22.9737 -5.48782 17.7987
      vertex -23.1163 -6.08221 18.5595
      vertex -22.9737 2.39228 23.9553
    endloop
  endfacet
  facet normal -0.000313357 -0.78825 -0.615355
    outer loop
      vertex -15.5907 -18.5405 34.5053
      vertex -16.3022 -18.1292 33.9788
      vertex -14.0872 -19.3063 35.4855
    endloop
  endfacet
  facet normal 1.96828e-05 -0.788006 -0.615667
    outer loop
      vertex -13.2976 -19.6594 35.9375
      vertex -20.8701 -14.2584 29.0244
      vertex -12.4848 -19.9919 36.3631
    endloop
  endfacet
  facet normal 0.406734 0.56244 -0.719881
    outer loop
      vertex 9.88213 5.45069 4.5
      vertex 9.02911 6.06756 4.5
      vertex 9.02911 13.224 10.0913
    endloop
  endfacet
  facet normal 0.00019491 -0.787783 -0.615953
    outer loop
      vertex 10.5337 4.90223 4.5
      vertex 10.7948 4.83241 4.58938
      vertex 11.65 4.54295 4.95986
    endloop
  endfacet
  facet normal 0 -0.788059 -0.6156
    outer loop
      vertex 10.7948 4.83241 4.58938
      vertex 10.5337 4.90223 4.5
      vertex 10.5663 4.90223 4.5
    endloop
  endfacet
  facet normal 0 -0.788057 -0.615602
    outer loop
      vertex 21.8648 -2.95482 14.5566
      vertex 21.6638 -2.59939 14.1016
      vertex 21.8785 -2.95482 14.5566
    endloop
  endfacet
  facet normal 0.000459867 -0.787877 -0.615832
    outer loop
      vertex 21.6638 -2.59939 14.1016
      vertex 20.4179 -0.969393 12.0153
      vertex 21.2856 -2.04551 13.3927
    endloop
  endfacet
  facet normal 0.00188057 -0.787441 -0.616387
    outer loop
      vertex 21.2856 -2.04551 13.3927
      vertex 20.4179 -0.969393 12.0153
      vertex 20.8701 -1.50185 12.6969
    endloop
  endfacet
  facet normal 0.166775 0.607041 -0.776974
    outer loop
      vertex 4.36598 8.35434 4.5
      vertex 3.67979 8.54286 4.5
      vertex 4.36598 14.0908 8.98183
    endloop
  endfacet
  facet normal 0.207906 0.60221 -0.770791
    outer loop
      vertex 5.07943 8.10803 4.5
      vertex 4.36598 8.35434 4.5
      vertex 4.36598 14.0908 8.98183
    endloop
  endfacet
  facet normal 0.743153 0.411951 -0.527276
    outer loop
      vertex 17.638 1.49315 8.86342
      vertex 16.985 9.81977 14.4485
      vertex 17.638 9.37326 15.02
    endloop
  endfacet
  facet normal -0.248688 0.596318 -0.763255
    outer loop
      vertex -5.54616 7.93069 4.5
      vertex -6.26583 7.63056 4.5
      vertex -6.26583 13.8165 9.33297
    endloop
  endfacet
  facet normal -0.000199156 0.788355 0.61522
    outer loop
      vertex -7.2001 13.6428 9.55525
      vertex -8.12173 13.4452 9.80816
      vertex -6.26583 13.8165 9.33297
    endloop
  endfacet
  facet normal -0.328854 0.581421 -0.744181
    outer loop
      vertex -8.12173 13.4452 9.80816
      vertex -7.98927 6.72602 4.5
      vertex -8.12173 6.6511 4.5
    endloop
  endfacet
  facet normal -0.328871 0.581417 -0.744176
    outer loop
      vertex -7.98927 6.72602 4.5
      vertex -8.12173 13.4452 9.80816
      vertex -7.2001 13.6428 9.55525
    endloop
  endfacet
  facet normal -4.39384e-05 0.78817 0.615457
    outer loop
      vertex -4.36598 14.0908 8.98183
      vertex -6.26583 13.8165 9.33297
      vertex -3.40373 14.191 8.85358
    endloop
  endfacet
  facet normal -0.166768 0.607042 -0.776974
    outer loop
      vertex -4.36598 14.0908 8.98183
      vertex -3.40373 8.6187 4.5
      vertex -3.67979 8.54286 4.5
    endloop
  endfacet
  facet normal -0.166768 0.607042 -0.776974
    outer loop
      vertex -3.40373 8.6187 4.5
      vertex -4.36598 14.0908 8.98183
      vertex -3.40373 14.191 8.85358
    endloop
  endfacet
  facet normal -0.714443 0.430773 -0.551367
    outer loop
      vertex -16.3022 10.249 13.8991
      vertex -16.985 1.93966 8.29192
      vertex -16.985 9.81977 14.4485
    endloop
  endfacet
  facet normal -3.44978e-05 -0.787988 -0.61569
    outer loop
      vertex -15.5907 2.78024 7.21603
      vertex -16.985 1.93966 8.29192
      vertex -16.3022 2.36894 7.74247
    endloop
  endfacet
  facet normal -0.79654 0.372219 -0.476421
    outer loop
      vertex -18.2601 1.0302 9.45597
      vertex -18.8501 0.55162 10.0685
      vertex -18.8501 8.43173 16.2251
    endloop
  endfacet
  facet normal -0.796531 0.372228 -0.476429
    outer loop
      vertex -18.2601 1.0302 9.45597
      vertex -18.8501 8.43173 16.2251
      vertex -18.2601 8.91031 15.6126
    endloop
  endfacet
  facet normal -0.743153 0.411951 -0.527276
    outer loop
      vertex -16.985 9.81977 14.4485
      vertex -17.638 1.49315 8.86342
      vertex -17.638 9.37326 15.02
    endloop
  endfacet
  facet normal -0.621152 0.482487 -0.617556
    outer loop
      vertex -14.0872 11.4262 12.3925
      vertex -14.852 3.17284 6.71353
      vertex -14.852 11.0529 12.8701
    endloop
  endfacet
  facet normal -0.684529 0.448808 -0.574449
    outer loop
      vertex -15.5907 2.78024 7.21603
      vertex -16.3022 10.249 13.8991
      vertex -15.5907 10.6603 13.3726
    endloop
  endfacet
  facet normal -0.621158 0.482485 -0.617552
    outer loop
      vertex -14.0872 3.54604 6.23584
      vertex -14.852 3.17284 6.71353
      vertex -14.0872 11.4262 12.3925
    endloop
  endfacet
  facet normal -0.000202814 -0.787863 -0.61585
    outer loop
      vertex -14.0872 3.54604 6.23584
      vertex -15.5907 2.78024 7.21603
      vertex -14.852 3.17284 6.71353
    endloop
  endfacet
  facet normal 0.000536142 0.787693 0.616068
    outer loop
      vertex -16.3022 10.249 13.8991
      vertex -16.985 9.81977 14.4485
      vertex -15.5907 10.6603 13.3726
    endloop
  endfacet
  facet normal -0.000209572 0.788162 0.615468
    outer loop
      vertex -15.5907 10.6603 13.3726
      vertex -16.985 9.81977 14.4485
      vertex -13.2976 11.7793 11.9404
    endloop
  endfacet
  facet normal -0.587753 0.498095 -0.637532
    outer loop
      vertex -13.2976 3.89921 5.78382
      vertex -14.0872 3.54604 6.23584
      vertex -14.0872 11.4262 12.3925
    endloop
  endfacet
  facet normal -0.587766 0.498088 -0.637526
    outer loop
      vertex -13.2976 3.89921 5.78382
      vertex -14.0872 11.4262 12.3925
      vertex -13.2976 11.7793 11.9404
    endloop
  endfacet
  facet normal -0.406813 0.562415 -0.719856
    outer loop
      vertex -9.92066 12.9797 10.4041
      vertex -9.88213 5.45069 4.5
      vertex -9.92066 5.42282 4.5
    endloop
  endfacet
  facet normal -0.406696 0.562447 -0.719897
    outer loop
      vertex -9.88213 5.45069 4.5
      vertex -9.92066 12.9797 10.4041
      vertex -9.02911 13.224 10.0913
    endloop
  endfacet
  facet normal -0 -0.788012 -0.615659
    outer loop
      vertex -10.4744 4.90223 4.5
      vertex -11.65 4.54295 4.95986
      vertex -10.5337 4.90223 4.5
    endloop
  endfacet
  facet normal 0.481676 -0.539534 0.690573
    outer loop
      vertex 10.7948 -12.7125 43.2885
      vertex 10.7948 -20.5926 37.1319
      vertex 11.65 -12.4231 42.9181
    endloop
  endfacet
  facet normal -0.000209491 0.788059 0.6156
    outer loop
      vertex -22.004 4.71756 20.9791
      vertex -22.3055 4.14614 21.7105
      vertex -21.6638 5.28071 20.2583
    endloop
  endfacet
  facet normal -0.937274 0.214617 -0.274693
    outer loop
      vertex -21.6638 -2.59939 14.1016
      vertex -22.004 4.71756 20.9791
      vertex -21.6638 5.28071 20.2583
    endloop
  endfacet
  facet normal -0.994523 0.0643479 -0.0823618
    outer loop
      vertex -23.1163 -6.08221 18.5595
      vertex -23.2183 -6.67976 19.3243
      vertex -23.2183 1.20035 25.4809
    endloop
  endfacet
  facet normal -0.000665453 -0.787956 -0.615731
    outer loop
      vertex -22.9737 -5.48782 17.7987
      vertex -23.2183 -6.67976 19.3243
      vertex -23.1163 -6.08221 18.5595
    endloop
  endfacet
  facet normal -0.684529 -0.448805 0.574452
    outer loop
      vertex -15.5907 -10.6603 40.6619
      vertex -16.3022 -10.249 40.1354
      vertex -15.5907 -18.5405 34.5053
    endloop
  endfacet
  facet normal -0.00013127 -0.788069 -0.615587
    outer loop
      vertex -18.2601 -16.7904 32.2653
      vertex -19.93 -15.3112 30.372
      vertex -16.3022 -18.1292 33.9788
    endloop
  endfacet
  facet normal 0.518012 0.526623 -0.674041
    outer loop
      vertex 12.4848 4.2317 5.35824
      vertex 11.65 4.54295 4.95986
      vertex 12.4848 12.1118 11.5149
    endloop
  endfacet
  facet normal 0.553379 0.512801 -0.656358
    outer loop
      vertex 13.2976 3.89921 5.78382
      vertex 12.4848 12.1118 11.5149
      vertex 13.2976 11.7793 11.9404
    endloop
  endfacet
  facet normal 0.406813 0.562415 -0.719856
    outer loop
      vertex 9.88213 5.45069 4.5
      vertex 9.92066 12.9797 10.4041
      vertex 9.92066 5.42282 4.5
    endloop
  endfacet
  facet normal 0.406696 0.562447 -0.719897
    outer loop
      vertex 9.92066 12.9797 10.4041
      vertex 9.88213 5.45069 4.5
      vertex 9.02911 13.224 10.0913
    endloop
  endfacet
  facet normal -0.714478 0.430754 -0.551336
    outer loop
      vertex -16.3022 2.36894 7.74247
      vertex -16.985 1.93966 8.29192
      vertex -16.3022 10.249 13.8991
    endloop
  endfacet
  facet normal -0.684503 0.448826 -0.574466
    outer loop
      vertex -15.5907 2.78024 7.21603
      vertex -16.3022 2.36894 7.74247
      vertex -16.3022 10.249 13.8991
    endloop
  endfacet
  facet normal -0.406734 0.56244 -0.719881
    outer loop
      vertex -9.02911 6.06756 4.5
      vertex -9.88213 5.45069 4.5
      vertex -9.02911 13.224 10.0913
    endloop
  endfacet
  facet normal -0.368133 0.57243 -0.732668
    outer loop
      vertex -9.02911 13.224 10.0913
      vertex -8.12173 6.6511 4.5
      vertex -9.02911 6.06756 4.5
    endloop
  endfacet
  facet normal -0.368164 0.57242 -0.73266
    outer loop
      vertex -8.12173 6.6511 4.5
      vertex -9.02911 13.224 10.0913
      vertex -8.12173 13.4452 9.80816
    endloop
  endfacet
  facet normal -0.444602 0.551399 -0.705895
    outer loop
      vertex -10.7948 4.83241 4.58938
      vertex -9.92066 5.42282 4.5
      vertex -10.5663 4.90223 4.5
    endloop
  endfacet
  facet normal -0.444634 0.551457 -0.70583
    outer loop
      vertex -9.92066 5.42282 4.5
      vertex -10.7948 4.83241 4.58938
      vertex -10.7948 12.7125 10.746
    endloop
  endfacet
  facet normal -0.444634 0.551457 -0.70583
    outer loop
      vertex -9.92066 5.42282 4.5
      vertex -10.7948 12.7125 10.746
      vertex -9.92066 12.9797 10.4041
    endloop
  endfacet
  facet normal -0 -0.788059 -0.6156
    outer loop
      vertex -10.5337 4.90223 4.5
      vertex -10.7948 4.83241 4.58938
      vertex -10.5663 4.90223 4.5
    endloop
  endfacet
  facet normal -0.00019491 -0.787783 -0.615953
    outer loop
      vertex -10.7948 4.83241 4.58938
      vertex -10.5337 4.90223 4.5
      vertex -11.65 4.54295 4.95986
    endloop
  endfacet
  facet normal 0.00135232 0.786242 0.617917
    outer loop
      vertex -9.92066 12.9797 10.4041
      vertex -10.7948 12.7125 10.746
      vertex -9.02911 13.224 10.0913
    endloop
  endfacet
  facet normal 0.000116173 -0.788154 -0.615478
    outer loop
      vertex 9.92066 -20.8598 37.4739
      vertex 9.02911 -21.1042 37.7867
      vertex 10.7948 -20.5926 37.1319
    endloop
  endfacet
  facet normal 0.444699 -0.551435 0.705806
    outer loop
      vertex 9.92066 -12.9797 43.6305
      vertex 10.7948 -20.5926 37.1319
      vertex 10.7948 -12.7125 43.2885
    endloop
  endfacet
  facet normal 0.444699 -0.551435 0.705806
    outer loop
      vertex 10.7948 -20.5926 37.1319
      vertex 9.92066 -12.9797 43.6305
      vertex 9.92066 -20.8598 37.4739
    endloop
  endfacet
  facet normal -0.00172194 -0.786146 -0.618038
    outer loop
      vertex 11.65 -20.3032 36.7614
      vertex 10.7948 -20.5926 37.1319
      vertex 12.4848 -19.9919 36.3631
    endloop
  endfacet
  facet normal 0.517987 -0.526629 0.674055
    outer loop
      vertex 12.4848 -12.1118 42.5197
      vertex 11.65 -20.3032 36.7614
      vertex 12.4848 -19.9919 36.3631
    endloop
  endfacet
  facet normal -0.684529 -0.448805 0.574452
    outer loop
      vertex -16.3022 -10.249 40.1354
      vertex -16.3022 -18.1292 33.9788
      vertex -15.5907 -18.5405 34.5053
    endloop
  endfacet
  facet normal -0.714465 -0.430757 0.551352
    outer loop
      vertex -16.3022 -10.249 40.1354
      vertex -16.985 -17.6999 33.4294
      vertex -16.3022 -18.1292 33.9788
    endloop
  endfacet
  facet normal -0.653453 -0.466031 0.596501
    outer loop
      vertex -14.852 -11.0529 41.1644
      vertex -15.5907 -18.5405 34.5053
      vertex -14.852 -18.9331 35.0078
    endloop
  endfacet
  facet normal -0.587713 -0.498112 0.637556
    outer loop
      vertex -13.2976 -11.7793 42.0941
      vertex -14.0872 -11.4262 41.6421
      vertex -13.2976 -19.6594 35.9375
    endloop
  endfacet
  facet normal 0.587753 0.498095 -0.637532
    outer loop
      vertex 14.0872 3.54604 6.23584
      vertex 13.2976 3.89921 5.78382
      vertex 14.0872 11.4262 12.3925
    endloop
  endfacet
  facet normal 0.000202814 -0.787863 -0.61585
    outer loop
      vertex 15.5907 2.78024 7.21603
      vertex 14.0872 3.54604 6.23584
      vertex 14.852 3.17284 6.71353
    endloop
  endfacet
  facet normal 0.55342 0.512789 -0.656334
    outer loop
      vertex 13.2976 3.89921 5.78382
      vertex 12.4848 4.2317 5.35824
      vertex 12.4848 12.1118 11.5149
    endloop
  endfacet
  facet normal -0.000110409 -0.788122 -0.61552
    outer loop
      vertex 13.2976 3.89921 5.78382
      vertex 11.65 4.54295 4.95986
      vertex 12.4848 4.2317 5.35824
    endloop
  endfacet
  facet normal 0.444602 0.551399 -0.705895
    outer loop
      vertex 9.92066 5.42282 4.5
      vertex 10.7948 4.83241 4.58938
      vertex 10.5663 4.90223 4.5
    endloop
  endfacet
  facet normal 0.444634 0.551457 -0.70583
    outer loop
      vertex 10.7948 4.83241 4.58938
      vertex 9.92066 5.42282 4.5
      vertex 10.7948 12.7125 10.746
    endloop
  endfacet
  facet normal 0.444634 0.551457 -0.70583
    outer loop
      vertex 10.7948 12.7125 10.746
      vertex 9.92066 5.42282 4.5
      vertex 9.92066 12.9797 10.4041
    endloop
  endfacet
  facet normal 0.481738 0.539515 -0.690545
    outer loop
      vertex 11.65 12.4231 11.1165
      vertex 10.7948 4.83241 4.58938
      vertex 10.7948 12.7125 10.746
    endloop
  endfacet
  facet normal 0 -0.788012 -0.615659
    outer loop
      vertex 11.65 4.54295 4.95986
      vertex 10.4098 4.90223 4.5
      vertex 10.4744 4.90223 4.5
    endloop
  endfacet
  facet normal -0.481738 0.539515 -0.690545
    outer loop
      vertex -10.7948 4.83241 4.58938
      vertex -11.65 12.4231 11.1165
      vertex -10.7948 12.7125 10.746
    endloop
  endfacet
  facet normal -0.000339254 0.788459 0.615087
    outer loop
      vertex -10.7948 12.7125 10.746
      vertex -11.65 12.4231 11.1165
      vertex -9.02911 13.224 10.0913
    endloop
  endfacet
  facet normal 0.000103739 -0.787954 -0.615734
    outer loop
      vertex -16.3022 -18.1292 33.9788
      vertex -19.93 -15.3112 30.372
      vertex -13.2976 -19.6594 35.9375
    endloop
  endfacet
  facet normal -5.86767e-05 -0.788048 -0.615614
    outer loop
      vertex -19.93 -15.3112 30.372
      vertex -20.8701 -14.2584 29.0244
      vertex -13.2976 -19.6594 35.9375
    endloop
  endfacet
  facet normal 0.621158 0.482485 -0.617552
    outer loop
      vertex 14.852 3.17284 6.71353
      vertex 14.0872 3.54604 6.23584
      vertex 14.0872 11.4262 12.3925
    endloop
  endfacet
  facet normal 0.621152 0.482487 -0.617556
    outer loop
      vertex 14.852 3.17284 6.71353
      vertex 14.0872 11.4262 12.3925
      vertex 14.852 11.0529 12.8701
    endloop
  endfacet
  facet normal 0.000301233 -0.787793 -0.61594
    outer loop
      vertex -14.852 -18.9331 35.0078
      vertex -15.5907 -18.5405 34.5053
      vertex -14.0872 -19.3063 35.4855
    endloop
  endfacet
  facet normal 0 -1 0
    outer loop
      vertex -19.1466 -47.9985 0
      vertex 19.1466 -47.9985 4.5
      vertex -19.1466 -47.9985 4.5
    endloop
  endfacet
  facet normal 0 -1 -0
    outer loop
      vertex 19.1466 -47.9985 4.5
      vertex -19.1466 -47.9985 0
      vertex 19.1466 -47.9985 0
    endloop
  endfacet
  facet normal -0.0419569 -0.999119 0
    outer loop
      vertex -19.4395 -47.9862 0
      vertex -19.1466 -47.9985 4.5
      vertex -19.4395 -47.9862 4.5
    endloop
  endfacet
  facet normal -0.0419569 -0.999119 -0
    outer loop
      vertex -19.1466 -47.9985 4.5
      vertex -19.4395 -47.9862 0
      vertex -19.1466 -47.9985 0
    endloop
  endfacet
  facet normal -0.999784 -0.0208075 0
    outer loop
      vertex -25.9939 -41.2931 0
      vertex -26 -41 4.5
      vertex -26 -41 0
    endloop
  endfacet
  facet normal -0.999784 -0.0208075 0
    outer loop
      vertex -26 -41 4.5
      vertex -25.9939 -41.2931 0
      vertex -25.9939 -41.2931 4.5
    endloop
  endfacet
  facet normal -0.684588 -0.728931 0
    outer loop
      vertex -23.8976 -46.0013 0
      vertex -23.6839 -46.202 4.5
      vertex -23.8976 -46.0013 4.5
    endloop
  endfacet
  facet normal -0.684588 -0.728931 -0
    outer loop
      vertex -23.6839 -46.202 4.5
      vertex -23.8976 -46.0013 0
      vertex -23.6839 -46.202 0
    endloop
  endfacet
  facet normal 0 1 -0
    outer loop
      vertex 19.1466 13.9985 0
      vertex -19.1466 13.9985 4.5
      vertex 19.1466 13.9985 4.5
    endloop
  endfacet
  facet normal 0 1 0
    outer loop
      vertex -19.1466 13.9985 4.5
      vertex 19.1466 13.9985 0
      vertex -19.1466 13.9985 0
    endloop
  endfacet
  facet normal -1 0 0
    outer loop
      vertex -26 -41 0
      vertex -26 7 4.5
      vertex -26 7 0
    endloop
  endfacet
  facet normal -1 -0 0
    outer loop
      vertex -26 7 4.5
      vertex -26 -41 0
      vertex -26 -41 4.5
    endloop
  endfacet
  facet normal -0.999784 0.0208054 0
    outer loop
      vertex -26 7 0
      vertex -25.9939 7.29313 4.5
      vertex -25.9939 7.29313 0
    endloop
  endfacet
  facet normal -0.999784 0.0208054 0
    outer loop
      vertex -25.9939 7.29313 4.5
      vertex -26 7 0
      vertex -26 7 4.5
    endloop
  endfacet
  facet normal 0 0 1
    outer loop
      vertex -9.54024 4.90223 4.5
      vertex -6.33485 2.84704 4.5
      vertex -5.60201 4.88954 4.5
    endloop
  endfacet
  facet normal 0 0 1
    outer loop
      vertex -6.33485 2.84704 4.5
      vertex -9.54024 4.90223 4.5
      vertex -7.14573 2.38838 4.5
    endloop
  endfacet
  facet normal 0 0 1
    outer loop
      vertex -7.14573 2.38838 4.5
      vertex -9.54024 4.90223 4.5
      vertex -7.94407 1.87497 4.5
    endloop
  endfacet
  facet normal 0 0 1
    outer loop
      vertex -7.94407 1.87497 4.5
      vertex -9.54024 4.90223 4.5
      vertex -8.72847 1.30771 4.5
    endloop
  endfacet
  facet normal -0 0 1
    outer loop
      vertex -9.54024 4.90223 4.5
      vertex -5.60201 4.88954 4.5
      vertex -5.53179 4.90223 4.5
    endloop
  endfacet
  facet normal -0 0 1
    outer loop
      vertex -9.89958 4.90223 4.5
      vertex -8.72847 1.30771 4.5
      vertex -9.54024 4.90223 4.5
    endloop
  endfacet
  facet normal -0 0 1
    outer loop
      vertex -10.0803 4.90223 4.5
      vertex -8.72847 1.30771 4.5
      vertex -9.89958 4.90223 4.5
    endloop
  endfacet
  facet normal -0 0 1
    outer loop
      vertex -10.4098 4.90223 4.5
      vertex -8.72847 1.30771 4.5
      vertex -10.0803 4.90223 4.5
    endloop
  endfacet
  facet normal -0 0 1
    outer loop
      vertex -10.4744 4.90223 4.5
      vertex -8.72847 1.30771 4.5
      vertex -10.4098 4.90223 4.5
    endloop
  endfacet
  facet normal 0 0 1
    outer loop
      vertex -8.72847 1.30771 4.5
      vertex -10.4744 4.90223 4.5
      vertex -9.49757 0.687594 4.5
    endloop
  endfacet
  facet normal -0 0 1
    outer loop
      vertex -10.5337 4.90223 4.5
      vertex -9.49757 0.687594 4.5
      vertex -10.4744 4.90223 4.5
    endloop
  endfacet
  facet normal -0 0 1
    outer loop
      vertex -10.5663 4.90223 4.5
      vertex -9.49757 0.687594 4.5
      vertex -10.5337 4.90223 4.5
    endloop
  endfacet
  facet normal 0 0 1
    outer loop
      vertex -9.49757 0.687594 4.5
      vertex -10.5663 4.90223 4.5
      vertex -10.25 0.0157112 4.5
    endloop
  endfacet
  facet normal 0 0 1
    outer loop
      vertex -10.25 0.0157112 4.5
      vertex -10.5663 4.90223 4.5
      vertex -10.9844 -0.706761 4.5
    endloop
  endfacet
  facet normal 0 0 1
    outer loop
      vertex 12.5184 -2.45807 4.5
      vertex -9 -33.6062 4.5
      vertex 9 -33.6062 4.5
    endloop
  endfacet
  facet normal 0 0 1
    outer loop
      vertex -26 -41 4.5
      vertex -9 -33.6062 4.5
      vertex -12.5184 -2.45807 4.5
    endloop
  endfacet
  facet normal -0 0 1
    outer loop
      vertex -12.5184 -2.45807 4.5
      vertex -9 -33.6062 4.5
      vertex 12.5184 -2.45807 4.5
    endloop
  endfacet
  facet normal 0 0 1
    outer loop
      vertex 10.5663 4.90223 4.5
      vertex 26 7 4.5
      vertex 25.9939 7.29313 4.5
    endloop
  endfacet
  facet normal 0 0 1
    outer loop
      vertex 26 7 4.5
      vertex 12.5184 -2.45807 4.5
      vertex 26 -41 4.5
    endloop
  endfacet
  facet normal 0 0 1
    outer loop
      vertex 10.5663 4.90223 4.5
      vertex 25.9939 7.29313 4.5
      vertex 25.9754 7.58574 4.5
    endloop
  endfacet
  facet normal -0 0 1
    outer loop
      vertex 9 -33.6062 4.5
      vertex 26 -41 4.5
      vertex 12.5184 -2.45807 4.5
    endloop
  endfacet
  facet normal 0 0 1
    outer loop
      vertex 10.5663 4.90223 4.5
      vertex 25.9754 7.58574 4.5
      vertex 25.9448 7.87733 4.5
    endloop
  endfacet
  facet normal 0 0 1
    outer loop
      vertex 9 -44 4.5
      vertex 26 -41 4.5
      vertex 9 -33.6062 4.5
    endloop
  endfacet
  facet normal 0 0 1
    outer loop
      vertex 10.5663 4.90223 4.5
      vertex 25.9448 7.87733 4.5
      vertex 25.902 8.16738 4.5
    endloop
  endfacet
  facet normal 0 0 1
    outer loop
      vertex 26 -41 4.5
      vertex 19.1466 -47.9985 4.5
      vertex 25.9939 -41.2931 4.5
    endloop
  endfacet
  facet normal 0 0 1
    outer loop
      vertex 10.5663 4.90223 4.5
      vertex 25.902 8.16738 4.5
      vertex 25.847 8.45538 4.5
    endloop
  endfacet
  facet normal 0 0 1
    outer loop
      vertex 25.9939 -41.2931 4.5
      vertex 19.1466 -47.9985 4.5
      vertex 25.9754 -41.5857 4.5
    endloop
  endfacet
  facet normal 0 0 1
    outer loop
      vertex 10.5663 4.90223 4.5
      vertex 25.847 8.45538 4.5
      vertex 25.7801 8.74083 4.5
    endloop
  endfacet
  facet normal 0 0 1
    outer loop
      vertex 25.9754 -41.5857 4.5
      vertex 19.1466 -47.9985 4.5
      vertex 25.9448 -41.8773 4.5
    endloop
  endfacet
  facet normal 0 0 1
    outer loop
      vertex 10.5663 4.90223 4.5
      vertex 25.7801 8.74083 4.5
      vertex 25.7012 9.02322 4.5
    endloop
  endfacet
  facet normal 0 0 1
    outer loop
      vertex 25.9448 -41.8773 4.5
      vertex 19.1466 -47.9985 4.5
      vertex 25.902 -42.1674 4.5
    endloop
  endfacet
  facet normal 0 0 1
    outer loop
      vertex 10.5663 4.90223 4.5
      vertex 25.7012 9.02322 4.5
      vertex 25.6106 9.30207 4.5
    endloop
  endfacet
  facet normal 0 0 1
    outer loop
      vertex 25.902 -42.1674 4.5
      vertex 19.1466 -47.9985 4.5
      vertex 25.847 -42.4554 4.5
    endloop
  endfacet
  facet normal 0 0 1
    outer loop
      vertex 10.5663 4.90223 4.5
      vertex 25.6106 9.30207 4.5
      vertex 25.5084 9.57687 4.5
    endloop
  endfacet
  facet normal 0 0 1
    outer loop
      vertex 25.847 -42.4554 4.5
      vertex 19.1466 -47.9985 4.5
      vertex 25.7801 -42.7408 4.5
    endloop
  endfacet
  facet normal 0 0 1
    outer loop
      vertex 10.5663 4.90223 4.5
      vertex 25.5084 9.57687 4.5
      vertex 25.3948 9.84716 4.5
    endloop
  endfacet
  facet normal 0 0 1
    outer loop
      vertex 25.7801 -42.7408 4.5
      vertex 19.1466 -47.9985 4.5
      vertex 25.7012 -43.0232 4.5
    endloop
  endfacet
  facet normal 0 0 1
    outer loop
      vertex 10.5663 4.90223 4.5
      vertex 25.3948 9.84716 4.5
      vertex 25.27 10.1124 4.5
    endloop
  endfacet
  facet normal 0 0 1
    outer loop
      vertex 25.7012 -43.0232 4.5
      vertex 19.1466 -47.9985 4.5
      vertex 25.6106 -43.3021 4.5
    endloop
  endfacet
  facet normal 0 0 1
    outer loop
      vertex 10.5663 4.90223 4.5
      vertex 25.27 10.1124 4.5
      vertex 25.1341 10.3723 4.5
    endloop
  endfacet
  facet normal 0 0 1
    outer loop
      vertex 25.6106 -43.3021 4.5
      vertex 19.1466 -47.9985 4.5
      vertex 25.5084 -43.5769 4.5
    endloop
  endfacet
  facet normal 0 0 1
    outer loop
      vertex 10.5663 4.90223 4.5
      vertex 25.1341 10.3723 4.5
      vertex 24.9875 10.6262 4.5
    endloop
  endfacet
  facet normal 0 0 1
    outer loop
      vertex 25.5084 -43.5769 4.5
      vertex 19.1466 -47.9985 4.5
      vertex 25.3948 -43.8472 4.5
    endloop
  endfacet
  facet normal 0 0 1
    outer loop
      vertex 10.5663 4.90223 4.5
      vertex 24.9875 10.6262 4.5
      vertex 24.8304 10.8737 4.5
    endloop
  endfacet
  facet normal 0 0 1
    outer loop
      vertex 25.3948 -43.8472 4.5
      vertex 19.1466 -47.9985 4.5
      vertex 25.27 -44.1124 4.5
    endloop
  endfacet
  facet normal 0 0 1
    outer loop
      vertex 10.5663 4.90223 4.5
      vertex 24.8304 10.8737 4.5
      vertex 24.6631 11.1145 4.5
    endloop
  endfacet
  facet normal 0 0 1
    outer loop
      vertex 25.27 -44.1124 4.5
      vertex 19.1466 -47.9985 4.5
      vertex 25.1341 -44.3723 4.5
    endloop
  endfacet
  facet normal 0 0 1
    outer loop
      vertex 10.5663 4.90223 4.5
      vertex 24.6631 11.1145 4.5
      vertex 24.4859 11.348 4.5
    endloop
  endfacet
  facet normal 0 0 1
    outer loop
      vertex 25.1341 -44.3723 4.5
      vertex 19.1466 -47.9985 4.5
      vertex 24.9875 -44.6262 4.5
    endloop
  endfacet
  facet normal 0 0 1
    outer loop
      vertex 10.5663 4.90223 4.5
      vertex 24.4859 11.348 4.5
      vertex 24.299 11.5739 4.5
    endloop
  endfacet
  facet normal 0 0 1
    outer loop
      vertex 24.9875 -44.6262 4.5
      vertex 19.1466 -47.9985 4.5
      vertex 24.8304 -44.8737 4.5
    endloop
  endfacet
  facet normal 0 0 1
    outer loop
      vertex 10.5663 4.90223 4.5
      vertex 24.299 11.5739 4.5
      vertex 24.1028 11.7918 4.5
    endloop
  endfacet
  facet normal 0 0 1
    outer loop
      vertex 24.8304 -44.8737 4.5
      vertex 19.1466 -47.9985 4.5
      vertex 24.6631 -45.1145 4.5
    endloop
  endfacet
  facet normal 0 0 1
    outer loop
      vertex 10.5663 4.90223 4.5
      vertex 24.1028 11.7918 4.5
      vertex 23.8976 12.0013 4.5
    endloop
  endfacet
  facet normal 0 0 1
    outer loop
      vertex 24.6631 -45.1145 4.5
      vertex 19.1466 -47.9985 4.5
      vertex 24.4859 -45.348 4.5
    endloop
  endfacet
  facet normal 0 0 1
    outer loop
      vertex 10.5663 4.90223 4.5
      vertex 23.8976 12.0013 4.5
      vertex 23.6839 12.202 4.5
    endloop
  endfacet
  facet normal 0 0 1
    outer loop
      vertex 24.4859 -45.348 4.5
      vertex 19.1466 -47.9985 4.5
      vertex 24.299 -45.5739 4.5
    endloop
  endfacet
  facet normal 0 0 1
    outer loop
      vertex 10.5663 4.90223 4.5
      vertex 23.6839 12.202 4.5
      vertex 23.462 12.3936 4.5
    endloop
  endfacet
  facet normal 0 0 1
    outer loop
      vertex 24.299 -45.5739 4.5
      vertex 19.1466 -47.9985 4.5
      vertex 24.1028 -45.7918 4.5
    endloop
  endfacet
  facet normal 0 0 1
    outer loop
      vertex 10.5663 4.90223 4.5
      vertex 23.462 12.3936 4.5
      vertex 23.2322 12.5757 4.5
    endloop
  endfacet
  facet normal 0 0 1
    outer loop
      vertex 24.1028 -45.7918 4.5
      vertex 19.1466 -47.9985 4.5
      vertex 23.8976 -46.0013 4.5
    endloop
  endfacet
  facet normal 0 0 1
    outer loop
      vertex 10.5663 4.90223 4.5
      vertex 23.2322 12.5757 4.5
      vertex 22.995 12.748 4.5
    endloop
  endfacet
  facet normal 0 0 1
    outer loop
      vertex 23.8976 -46.0013 4.5
      vertex 19.1466 -47.9985 4.5
      vertex 23.6839 -46.202 4.5
    endloop
  endfacet
  facet normal 0 0 1
    outer loop
      vertex 10.5663 4.90223 4.5
      vertex 22.995 12.748 4.5
      vertex 22.7508 12.9103 4.5
    endloop
  endfacet
  facet normal 0 0 1
    outer loop
      vertex 23.6839 -46.202 4.5
      vertex 19.1466 -47.9985 4.5
      vertex 23.462 -46.3936 4.5
    endloop
  endfacet
  facet normal 0 0 1
    outer loop
      vertex 10.5663 4.90223 4.5
      vertex 22.7508 12.9103 4.5
      vertex 22.5 13.0622 4.5
    endloop
  endfacet
  facet normal 0 0 1
    outer loop
      vertex 23.462 -46.3936 4.5
      vertex 19.1466 -47.9985 4.5
      vertex 23.2322 -46.5757 4.5
    endloop
  endfacet
  facet normal 0 0 1
    outer loop
      vertex 10.5663 4.90223 4.5
      vertex 22.5 13.0622 4.5
      vertex 22.2431 13.2034 4.5
    endloop
  endfacet
  facet normal 0 0 1
    outer loop
      vertex 23.2322 -46.5757 4.5
      vertex 19.1466 -47.9985 4.5
      vertex 22.995 -46.748 4.5
    endloop
  endfacet
  facet normal 0 0 1
    outer loop
      vertex 10.5663 4.90223 4.5
      vertex 22.2431 13.2034 4.5
      vertex 21.9805 13.3338 4.5
    endloop
  endfacet
  facet normal 0 0 1
    outer loop
      vertex 22.995 -46.748 4.5
      vertex 19.1466 -47.9985 4.5
      vertex 22.7508 -46.9103 4.5
    endloop
  endfacet
  facet normal 0 0 1
    outer loop
      vertex 10.5663 4.90223 4.5
      vertex 21.9805 13.3338 4.5
      vertex 21.7126 13.453 4.5
    endloop
  endfacet
  facet normal 0 0 1
    outer loop
      vertex 22.7508 -46.9103 4.5
      vertex 19.1466 -47.9985 4.5
      vertex 22.5 -47.0622 4.5
    endloop
  endfacet
  facet normal 0 0 1
    outer loop
      vertex 10.5663 4.90223 4.5
      vertex 21.7126 13.453 4.5
      vertex 21.44 13.561 4.5
    endloop
  endfacet
  facet normal 0 0 1
    outer loop
      vertex 22.5 -47.0622 4.5
      vertex 19.1466 -47.9985 4.5
      vertex 22.2431 -47.2034 4.5
    endloop
  endfacet
  facet normal 0 0 1
    outer loop
      vertex 10.5663 4.90223 4.5
      vertex 21.44 13.561 4.5
      vertex 21.1631 13.6574 4.5
    endloop
  endfacet
  facet normal 0 0 1
    outer loop
      vertex 22.2431 -47.2034 4.5
      vertex 19.1466 -47.9985 4.5
      vertex 21.9805 -47.3338 4.5
    endloop
  endfacet
  facet normal 0 0 1
    outer loop
      vertex 10.5663 4.90223 4.5
      vertex 21.1631 13.6574 4.5
      vertex 20.8824 13.7421 4.5
    endloop
  endfacet
  facet normal 0 0 1
    outer loop
      vertex 21.9805 -47.3338 4.5
      vertex 19.1466 -47.9985 4.5
      vertex 21.7126 -47.453 4.5
    endloop
  endfacet
  facet normal 0 0 1
    outer loop
      vertex 10.5663 4.90223 4.5
      vertex 20.8824 13.7421 4.5
      vertex 20.5985 13.8151 4.5
    endloop
  endfacet
  facet normal 0 0 1
    outer loop
      vertex 21.7126 -47.453 4.5
      vertex 19.1466 -47.9985 4.5
      vertex 21.44 -47.561 4.5
    endloop
  endfacet
  facet normal 0 0 1
    outer loop
      vertex 10.5663 4.90223 4.5
      vertex 20.5985 13.8151 4.5
      vertex 20.3117 13.876 4.5
    endloop
  endfacet
  facet normal 0 0 1
    outer loop
      vertex 21.44 -47.561 4.5
      vertex 19.1466 -47.9985 4.5
      vertex 21.1631 -47.6574 4.5
    endloop
  endfacet
  facet normal 0 0 1
    outer loop
      vertex 10.5663 4.90223 4.5
      vertex 20.3117 13.876 4.5
      vertex 20.0226 13.9249 4.5
    endloop
  endfacet
  facet normal 0 0 1
    outer loop
      vertex 21.1631 -47.6574 4.5
      vertex 19.1466 -47.9985 4.5
      vertex 20.8824 -47.7421 4.5
    endloop
  endfacet
  facet normal 0 0 1
    outer loop
      vertex 10.5663 4.90223 4.5
      vertex 20.0226 13.9249 4.5
      vertex 19.7317 13.9617 4.5
    endloop
  endfacet
  facet normal 0 0 1
    outer loop
      vertex 20.8824 -47.7421 4.5
      vertex 19.1466 -47.9985 4.5
      vertex 20.5985 -47.8151 4.5
    endloop
  endfacet
  facet normal 0 0 1
    outer loop
      vertex 10.5663 4.90223 4.5
      vertex 19.7317 13.9617 4.5
      vertex 19.4395 13.9862 4.5
    endloop
  endfacet
  facet normal 0 0 1
    outer loop
      vertex 20.5985 -47.8151 4.5
      vertex 19.1466 -47.9985 4.5
      vertex 20.3117 -47.876 4.5
    endloop
  endfacet
  facet normal 0 0 1
    outer loop
      vertex 10.5663 4.90223 4.5
      vertex 19.4395 13.9862 4.5
      vertex 19.1466 13.9985 4.5
    endloop
  endfacet
  facet normal 0 0 1
    outer loop
      vertex 20.3117 -47.876 4.5
      vertex 19.1466 -47.9985 4.5
      vertex 20.0226 -47.9249 4.5
    endloop
  endfacet
  facet normal 0 0 1
    outer loop
      vertex 20.0226 -47.9249 4.5
      vertex 19.1466 -47.9985 4.5
      vertex 19.7317 -47.9617 4.5
    endloop
  endfacet
  facet normal 0 0 1
    outer loop
      vertex 26 7 4.5
      vertex 10.5663 4.90223 4.5
      vertex 12.3943 -2.29832 4.5
    endloop
  endfacet
  facet normal 0 0 1
    outer loop
      vertex 26 7 4.5
      vertex 12.3943 -2.29832 4.5
      vertex 12.5184 -2.45807 4.5
    endloop
  endfacet
  facet normal 0 0 1
    outer loop
      vertex 12.3943 -2.29832 4.5
      vertex 10.5663 4.90223 4.5
      vertex 11.6996 -1.47855 4.5
    endloop
  endfacet
  facet normal 0 0 1
    outer loop
      vertex 11.6996 -1.47855 4.5
      vertex 10.5663 4.90223 4.5
      vertex 10.9844 -0.706761 4.5
    endloop
  endfacet
  facet normal 0 0 1
    outer loop
      vertex 19.1466 13.9985 4.5
      vertex 9.92066 5.42282 4.5
      vertex 10.5663 4.90223 4.5
    endloop
  endfacet
  facet normal 0 0 1
    outer loop
      vertex 19.1466 13.9985 4.5
      vertex 9.88213 5.45069 4.5
      vertex 9.92066 5.42282 4.5
    endloop
  endfacet
  facet normal 0 0 1
    outer loop
      vertex 19.1466 13.9985 4.5
      vertex 9.02911 6.06756 4.5
      vertex 9.88213 5.45069 4.5
    endloop
  endfacet
  facet normal 0 0 1
    outer loop
      vertex 19.1466 13.9985 4.5
      vertex 8.12173 6.6511 4.5
      vertex 9.02911 6.06756 4.5
    endloop
  endfacet
  facet normal 0 0 1
    outer loop
      vertex 19.1466 13.9985 4.5
      vertex 7.98927 6.72602 4.5
      vertex 8.12173 6.6511 4.5
    endloop
  endfacet
  facet normal 0 0 1
    outer loop
      vertex 19.1466 13.9985 4.5
      vertex 7.2001 7.1724 4.5
      vertex 7.98927 6.72602 4.5
    endloop
  endfacet
  facet normal 0 0 1
    outer loop
      vertex 19.1466 13.9985 4.5
      vertex 6.26583 7.63056 4.5
      vertex 7.2001 7.1724 4.5
    endloop
  endfacet
  facet normal 0 0 1
    outer loop
      vertex 19.1466 13.9985 4.5
      vertex 5.54616 7.93069 4.5
      vertex 6.26583 7.63056 4.5
    endloop
  endfacet
  facet normal 0 0 1
    outer loop
      vertex 19.1466 13.9985 4.5
      vertex 5.32057 8.02477 4.5
      vertex 5.54616 7.93069 4.5
    endloop
  endfacet
  facet normal 0 0 1
    outer loop
      vertex 19.1466 13.9985 4.5
      vertex 5.07943 8.10803 4.5
      vertex 5.32057 8.02477 4.5
    endloop
  endfacet
  facet normal 0 0 1
    outer loop
      vertex 19.1466 13.9985 4.5
      vertex 4.36598 8.35434 4.5
      vertex 5.07943 8.10803 4.5
    endloop
  endfacet
  facet normal 0 0 1
    outer loop
      vertex 19.1466 13.9985 4.5
      vertex 3.67979 8.54286 4.5
      vertex 4.36598 8.35434 4.5
    endloop
  endfacet
  facet normal 0 0 1
    outer loop
      vertex 19.1466 13.9985 4.5
      vertex 3.40373 8.6187 4.5
      vertex 3.67979 8.54286 4.5
    endloop
  endfacet
  facet normal 0 0 1
    outer loop
      vertex 19.1466 13.9985 4.5
      vertex 3.11567 8.6778 4.5
      vertex 3.40373 8.6187 4.5
    endloop
  endfacet
  facet normal 0 0 1
    outer loop
      vertex 19.1466 13.9985 4.5
      vertex 2.43551 8.81737 4.5
      vertex 3.11567 8.6778 4.5
    endloop
  endfacet
  facet normal 0 0 1
    outer loop
      vertex 19.1466 13.9985 4.5
      vertex 2.13231 8.85872 4.5
      vertex 2.43551 8.81737 4.5
    endloop
  endfacet
  facet normal 0 0 1
    outer loop
      vertex 19.1466 13.9985 4.5
      vertex 1.46302 8.95001 4.5
      vertex 2.13231 8.85872 4.5
    endloop
  endfacet
  facet normal 0 0 1
    outer loop
      vertex 19.1466 13.9985 4.5
      vertex 0.802428 8.99498 4.5
      vertex 1.46302 8.95001 4.5
    endloop
  endfacet
  facet normal 0 0 1
    outer loop
      vertex 19.1466 13.9985 4.5
      vertex 0.487958 9.01639 4.5
      vertex 0.802428 8.99498 4.5
    endloop
  endfacet
  facet normal 0 0 1
    outer loop
      vertex 19.1466 13.9985 4.5
      vertex -0.487958 9.01639 4.5
      vertex 0.487958 9.01639 4.5
    endloop
  endfacet
  facet normal -0 0 1
    outer loop
      vertex -19.1466 13.9985 4.5
      vertex -0.487958 9.01639 4.5
      vertex 19.1466 13.9985 4.5
    endloop
  endfacet
  facet normal 0 0 1
    outer loop
      vertex -0.487958 9.01639 4.5
      vertex -19.1466 13.9985 4.5
      vertex -0.802428 8.99498 4.5
    endloop
  endfacet
  facet normal 0 0 1
    outer loop
      vertex -0.802428 8.99498 4.5
      vertex -19.1466 13.9985 4.5
      vertex -1.46302 8.95001 4.5
    endloop
  endfacet
  facet normal 0 0 1
    outer loop
      vertex -1.46302 8.95001 4.5
      vertex -19.1466 13.9985 4.5
      vertex -2.13231 8.85872 4.5
    endloop
  endfacet
  facet normal 0 0 1
    outer loop
      vertex -2.13231 8.85872 4.5
      vertex -19.1466 13.9985 4.5
      vertex -2.43551 8.81737 4.5
    endloop
  endfacet
  facet normal 0 0 1
    outer loop
      vertex -2.43551 8.81737 4.5
      vertex -19.1466 13.9985 4.5
      vertex -3.11567 8.6778 4.5
    endloop
  endfacet
  facet normal 0 0 1
    outer loop
      vertex -10.5663 4.90223 4.5
      vertex -11.6996 -1.47855 4.5
      vertex -10.9844 -0.706761 4.5
    endloop
  endfacet
  facet normal 0 0 1
    outer loop
      vertex -10.5663 4.90223 4.5
      vertex -12.3943 -2.29832 4.5
      vertex -11.6996 -1.47855 4.5
    endloop
  endfacet
  facet normal 0 0 1
    outer loop
      vertex -26 7 4.5
      vertex -12.3943 -2.29832 4.5
      vertex -10.5663 4.90223 4.5
    endloop
  endfacet
  facet normal -0 0 1
    outer loop
      vertex -26 7 4.5
      vertex -10.5663 4.90223 4.5
      vertex -19.1466 13.9985 4.5
    endloop
  endfacet
  facet normal 0 0 1
    outer loop
      vertex -9.92066 5.42282 4.5
      vertex -19.1466 13.9985 4.5
      vertex -10.5663 4.90223 4.5
    endloop
  endfacet
  facet normal 0 0 1
    outer loop
      vertex -9.88213 5.45069 4.5
      vertex -19.1466 13.9985 4.5
      vertex -9.92066 5.42282 4.5
    endloop
  endfacet
  facet normal 0 0 1
    outer loop
      vertex -9.02911 6.06756 4.5
      vertex -19.1466 13.9985 4.5
      vertex -9.88213 5.45069 4.5
    endloop
  endfacet
  facet normal 0 0 1
    outer loop
      vertex -8.12173 6.6511 4.5
      vertex -19.1466 13.9985 4.5
      vertex -9.02911 6.06756 4.5
    endloop
  endfacet
  facet normal 0 0 1
    outer loop
      vertex -7.98927 6.72602 4.5
      vertex -19.1466 13.9985 4.5
      vertex -8.12173 6.6511 4.5
    endloop
  endfacet
  facet normal 0 0 1
    outer loop
      vertex -7.2001 7.1724 4.5
      vertex -19.1466 13.9985 4.5
      vertex -7.98927 6.72602 4.5
    endloop
  endfacet
  facet normal 0 0 1
    outer loop
      vertex -6.26583 7.63056 4.5
      vertex -19.1466 13.9985 4.5
      vertex -7.2001 7.1724 4.5
    endloop
  endfacet
  facet normal 0 0 1
    outer loop
      vertex -5.54616 7.93069 4.5
      vertex -19.1466 13.9985 4.5
      vertex -6.26583 7.63056 4.5
    endloop
  endfacet
  facet normal 0 0 1
    outer loop
      vertex -5.32057 8.02477 4.5
      vertex -19.1466 13.9985 4.5
      vertex -5.54616 7.93069 4.5
    endloop
  endfacet
  facet normal 0 0 1
    outer loop
      vertex -5.07943 8.10803 4.5
      vertex -19.1466 13.9985 4.5
      vertex -5.32057 8.02477 4.5
    endloop
  endfacet
  facet normal 0 0 1
    outer loop
      vertex -4.36598 8.35434 4.5
      vertex -19.1466 13.9985 4.5
      vertex -5.07943 8.10803 4.5
    endloop
  endfacet
  facet normal 0 0 1
    outer loop
      vertex -3.67979 8.54286 4.5
      vertex -19.1466 13.9985 4.5
      vertex -4.36598 8.35434 4.5
    endloop
  endfacet
  facet normal 0 0 1
    outer loop
      vertex -3.40373 8.6187 4.5
      vertex -19.1466 13.9985 4.5
      vertex -3.67979 8.54286 4.5
    endloop
  endfacet
  facet normal 0 0 1
    outer loop
      vertex -3.11567 8.6778 4.5
      vertex -19.1466 13.9985 4.5
      vertex -3.40373 8.6187 4.5
    endloop
  endfacet
  facet normal 0 0 1
    outer loop
      vertex 19.7317 -47.9617 4.5
      vertex 19.1466 -47.9985 4.5
      vertex 19.4395 -47.9862 4.5
    endloop
  endfacet
  facet normal 0 0 1
    outer loop
      vertex 26 -41 4.5
      vertex 9 -44 4.5
      vertex 19.1466 -47.9985 4.5
    endloop
  endfacet
  facet normal -0 0 1
    outer loop
      vertex -9 -44 4.5
      vertex 19.1466 -47.9985 4.5
      vertex 9 -44 4.5
    endloop
  endfacet
  facet normal 0 0 1
    outer loop
      vertex -12.3943 -2.29832 4.5
      vertex -26 7 4.5
      vertex -12.5184 -2.45807 4.5
    endloop
  endfacet
  facet normal 0 0 1
    outer loop
      vertex -9 -44 4.5
      vertex -19.1466 -47.9985 4.5
      vertex 19.1466 -47.9985 4.5
    endloop
  endfacet
  facet normal 0 0 1
    outer loop
      vertex -26 -41 4.5
      vertex -12.5184 -2.45807 4.5
      vertex -26 7 4.5
    endloop
  endfacet
  facet normal 0 0 1
    outer loop
      vertex -26 7 4.5
      vertex -19.1466 13.9985 4.5
      vertex -19.4395 13.9862 4.5
    endloop
  endfacet
  facet normal 0 0 1
    outer loop
      vertex -9 -33.6062 4.5
      vertex -26 -41 4.5
      vertex -9 -44 4.5
    endloop
  endfacet
  facet normal 0 0 1
    outer loop
      vertex -26 7 4.5
      vertex -19.4395 13.9862 4.5
      vertex -19.7317 13.9617 4.5
    endloop
  endfacet
  facet normal 0 0 1
    outer loop
      vertex -9 -44 4.5
      vertex -26 -41 4.5
      vertex -19.1466 -47.9985 4.5
    endloop
  endfacet
  facet normal 0 0 1
    outer loop
      vertex -26 7 4.5
      vertex -19.7317 13.9617 4.5
      vertex -20.0226 13.9249 4.5
    endloop
  endfacet
  facet normal 0 0 1
    outer loop
      vertex -19.1466 -47.9985 4.5
      vertex -26 -41 4.5
      vertex -19.4395 -47.9862 4.5
    endloop
  endfacet
  facet normal 0 0 1
    outer loop
      vertex -26 7 4.5
      vertex -20.0226 13.9249 4.5
      vertex -20.3117 13.876 4.5
    endloop
  endfacet
  facet normal 0 0 1
    outer loop
      vertex -19.4395 -47.9862 4.5
      vertex -26 -41 4.5
      vertex -19.7317 -47.9617 4.5
    endloop
  endfacet
  facet normal 0 0 1
    outer loop
      vertex -26 7 4.5
      vertex -20.3117 13.876 4.5
      vertex -20.5985 13.8151 4.5
    endloop
  endfacet
  facet normal 0 0 1
    outer loop
      vertex -19.7317 -47.9617 4.5
      vertex -26 -41 4.5
      vertex -20.0226 -47.9249 4.5
    endloop
  endfacet
  facet normal 0 0 1
    outer loop
      vertex -26 7 4.5
      vertex -20.5985 13.8151 4.5
      vertex -20.8824 13.7421 4.5
    endloop
  endfacet
  facet normal 0 0 1
    outer loop
      vertex -20.0226 -47.9249 4.5
      vertex -26 -41 4.5
      vertex -20.3117 -47.876 4.5
    endloop
  endfacet
  facet normal 0 0 1
    outer loop
      vertex -26 7 4.5
      vertex -20.8824 13.7421 4.5
      vertex -21.1631 13.6574 4.5
    endloop
  endfacet
  facet normal 0 0 1
    outer loop
      vertex -20.3117 -47.876 4.5
      vertex -26 -41 4.5
      vertex -20.5985 -47.8151 4.5
    endloop
  endfacet
  facet normal 0 0 1
    outer loop
      vertex -26 7 4.5
      vertex -21.1631 13.6574 4.5
      vertex -21.44 13.561 4.5
    endloop
  endfacet
  facet normal 0 0 1
    outer loop
      vertex -20.5985 -47.8151 4.5
      vertex -26 -41 4.5
      vertex -20.8824 -47.7421 4.5
    endloop
  endfacet
  facet normal 0 0 1
    outer loop
      vertex -26 7 4.5
      vertex -21.44 13.561 4.5
      vertex -21.7126 13.453 4.5
    endloop
  endfacet
  facet normal 0 0 1
    outer loop
      vertex -20.8824 -47.7421 4.5
      vertex -26 -41 4.5
      vertex -21.1631 -47.6574 4.5
    endloop
  endfacet
  facet normal 0 0 1
    outer loop
      vertex -26 7 4.5
      vertex -21.7126 13.453 4.5
      vertex -21.9805 13.3338 4.5
    endloop
  endfacet
  facet normal 0 0 1
    outer loop
      vertex -21.1631 -47.6574 4.5
      vertex -26 -41 4.5
      vertex -21.44 -47.561 4.5
    endloop
  endfacet
  facet normal 0 0 1
    outer loop
      vertex -26 7 4.5
      vertex -21.9805 13.3338 4.5
      vertex -22.2431 13.2034 4.5
    endloop
  endfacet
  facet normal 0 0 1
    outer loop
      vertex -21.44 -47.561 4.5
      vertex -26 -41 4.5
      vertex -21.7126 -47.453 4.5
    endloop
  endfacet
  facet normal 0 0 1
    outer loop
      vertex -26 7 4.5
      vertex -22.2431 13.2034 4.5
      vertex -22.5 13.0622 4.5
    endloop
  endfacet
  facet normal 0 0 1
    outer loop
      vertex -21.7126 -47.453 4.5
      vertex -26 -41 4.5
      vertex -21.9805 -47.3338 4.5
    endloop
  endfacet
  facet normal 0 0 1
    outer loop
      vertex -26 7 4.5
      vertex -22.5 13.0622 4.5
      vertex -22.7508 12.9103 4.5
    endloop
  endfacet
  facet normal 0 0 1
    outer loop
      vertex -21.9805 -47.3338 4.5
      vertex -26 -41 4.5
      vertex -22.2431 -47.2034 4.5
    endloop
  endfacet
  facet normal 0 0 1
    outer loop
      vertex -26 7 4.5
      vertex -22.7508 12.9103 4.5
      vertex -22.995 12.748 4.5
    endloop
  endfacet
  facet normal 0 0 1
    outer loop
      vertex -22.2431 -47.2034 4.5
      vertex -26 -41 4.5
      vertex -22.5 -47.0622 4.5
    endloop
  endfacet
  facet normal 0 0 1
    outer loop
      vertex -26 7 4.5
      vertex -22.995 12.748 4.5
      vertex -23.2322 12.5757 4.5
    endloop
  endfacet
  facet normal 0 0 1
    outer loop
      vertex -22.5 -47.0622 4.5
      vertex -26 -41 4.5
      vertex -22.7508 -46.9103 4.5
    endloop
  endfacet
  facet normal 0 0 1
    outer loop
      vertex -26 7 4.5
      vertex -23.2322 12.5757 4.5
      vertex -23.462 12.3936 4.5
    endloop
  endfacet
  facet normal 0 0 1
    outer loop
      vertex -22.7508 -46.9103 4.5
      vertex -26 -41 4.5
      vertex -22.995 -46.748 4.5
    endloop
  endfacet
  facet normal 0 0 1
    outer loop
      vertex -26 7 4.5
      vertex -23.462 12.3936 4.5
      vertex -23.6839 12.202 4.5
    endloop
  endfacet
  facet normal 0 0 1
    outer loop
      vertex -22.995 -46.748 4.5
      vertex -26 -41 4.5
      vertex -23.2322 -46.5757 4.5
    endloop
  endfacet
  facet normal 0 0 1
    outer loop
      vertex -26 7 4.5
      vertex -23.6839 12.202 4.5
      vertex -23.8976 12.0013 4.5
    endloop
  endfacet
  facet normal 0 0 1
    outer loop
      vertex -23.2322 -46.5757 4.5
      vertex -26 -41 4.5
      vertex -23.462 -46.3936 4.5
    endloop
  endfacet
  facet normal 0 0 1
    outer loop
      vertex -26 7 4.5
      vertex -23.8976 12.0013 4.5
      vertex -24.1028 11.7918 4.5
    endloop
  endfacet
  facet normal 0 0 1
    outer loop
      vertex -23.462 -46.3936 4.5
      vertex -26 -41 4.5
      vertex -23.6839 -46.202 4.5
    endloop
  endfacet
  facet normal 0 0 1
    outer loop
      vertex -26 7 4.5
      vertex -24.1028 11.7918 4.5
      vertex -24.299 11.5739 4.5
    endloop
  endfacet
  facet normal 0 0 1
    outer loop
      vertex -23.6839 -46.202 4.5
      vertex -26 -41 4.5
      vertex -23.8976 -46.0013 4.5
    endloop
  endfacet
  facet normal 0 0 1
    outer loop
      vertex -26 7 4.5
      vertex -24.299 11.5739 4.5
      vertex -24.4859 11.348 4.5
    endloop
  endfacet
  facet normal 0 0 1
    outer loop
      vertex -23.8976 -46.0013 4.5
      vertex -26 -41 4.5
      vertex -24.1028 -45.7918 4.5
    endloop
  endfacet
  facet normal 0 0 1
    outer loop
      vertex -26 7 4.5
      vertex -24.4859 11.348 4.5
      vertex -24.6631 11.1145 4.5
    endloop
  endfacet
  facet normal 0 0 1
    outer loop
      vertex -24.1028 -45.7918 4.5
      vertex -26 -41 4.5
      vertex -24.299 -45.5739 4.5
    endloop
  endfacet
  facet normal 0 0 1
    outer loop
      vertex -26 7 4.5
      vertex -24.6631 11.1145 4.5
      vertex -24.8304 10.8737 4.5
    endloop
  endfacet
  facet normal 0 0 1
    outer loop
      vertex -24.299 -45.5739 4.5
      vertex -26 -41 4.5
      vertex -24.4859 -45.348 4.5
    endloop
  endfacet
  facet normal 0 0 1
    outer loop
      vertex -26 7 4.5
      vertex -24.8304 10.8737 4.5
      vertex -24.9875 10.6262 4.5
    endloop
  endfacet
  facet normal 0 0 1
    outer loop
      vertex -24.4859 -45.348 4.5
      vertex -26 -41 4.5
      vertex -24.6631 -45.1145 4.5
    endloop
  endfacet
  facet normal 0 0 1
    outer loop
      vertex -26 7 4.5
      vertex -24.9875 10.6262 4.5
      vertex -25.1341 10.3723 4.5
    endloop
  endfacet
  facet normal 0 0 1
    outer loop
      vertex -24.6631 -45.1145 4.5
      vertex -26 -41 4.5
      vertex -24.8304 -44.8737 4.5
    endloop
  endfacet
  facet normal 0 0 1
    outer loop
      vertex -26 7 4.5
      vertex -25.1341 10.3723 4.5
      vertex -25.27 10.1124 4.5
    endloop
  endfacet
  facet normal 0 0 1
    outer loop
      vertex -24.8304 -44.8737 4.5
      vertex -26 -41 4.5
      vertex -24.9875 -44.6262 4.5
    endloop
  endfacet
  facet normal 0 0 1
    outer loop
      vertex -26 7 4.5
      vertex -25.27 10.1124 4.5
      vertex -25.3948 9.84716 4.5
    endloop
  endfacet
  facet normal 0 0 1
    outer loop
      vertex -24.9875 -44.6262 4.5
      vertex -26 -41 4.5
      vertex -25.1341 -44.3723 4.5
    endloop
  endfacet
  facet normal 0 0 1
    outer loop
      vertex -26 7 4.5
      vertex -25.3948 9.84716 4.5
      vertex -25.5084 9.57687 4.5
    endloop
  endfacet
  facet normal 0 0 1
    outer loop
      vertex -25.1341 -44.3723 4.5
      vertex -26 -41 4.5
      vertex -25.27 -44.1124 4.5
    endloop
  endfacet
  facet normal 0 0 1
    outer loop
      vertex -26 7 4.5
      vertex -25.5084 9.57687 4.5
      vertex -25.6106 9.30207 4.5
    endloop
  endfacet
  facet normal 0 0 1
    outer loop
      vertex -25.27 -44.1124 4.5
      vertex -26 -41 4.5
      vertex -25.3948 -43.8472 4.5
    endloop
  endfacet
  facet normal 0 0 1
    outer loop
      vertex -26 7 4.5
      vertex -25.6106 9.30207 4.5
      vertex -25.7012 9.02322 4.5
    endloop
  endfacet
  facet normal 0 0 1
    outer loop
      vertex -25.3948 -43.8472 4.5
      vertex -26 -41 4.5
      vertex -25.5084 -43.5769 4.5
    endloop
  endfacet
  facet normal 0 0 1
    outer loop
      vertex -26 7 4.5
      vertex -25.7012 9.02322 4.5
      vertex -25.7801 8.74083 4.5
    endloop
  endfacet
  facet normal 0 0 1
    outer loop
      vertex -25.5084 -43.5769 4.5
      vertex -26 -41 4.5
      vertex -25.6106 -43.3021 4.5
    endloop
  endfacet
  facet normal 0 0 1
    outer loop
      vertex -26 7 4.5
      vertex -25.7801 8.74083 4.5
      vertex -25.847 8.45538 4.5
    endloop
  endfacet
  facet normal 0 0 1
    outer loop
      vertex -25.6106 -43.3021 4.5
      vertex -26 -41 4.5
      vertex -25.7012 -43.0232 4.5
    endloop
  endfacet
  facet normal 0 0 1
    outer loop
      vertex -26 7 4.5
      vertex -25.847 8.45538 4.5
      vertex -25.902 8.16738 4.5
    endloop
  endfacet
  facet normal 0 0 1
    outer loop
      vertex -25.7012 -43.0232 4.5
      vertex -26 -41 4.5
      vertex -25.7801 -42.7408 4.5
    endloop
  endfacet
  facet normal 0 0 1
    outer loop
      vertex -26 7 4.5
      vertex -25.902 8.16738 4.5
      vertex -25.9448 7.87733 4.5
    endloop
  endfacet
  facet normal 0 0 1
    outer loop
      vertex -25.7801 -42.7408 4.5
      vertex -26 -41 4.5
      vertex -25.847 -42.4554 4.5
    endloop
  endfacet
  facet normal 0 0 1
    outer loop
      vertex -26 7 4.5
      vertex -25.9448 7.87733 4.5
      vertex -25.9754 7.58574 4.5
    endloop
  endfacet
  facet normal 0 0 1
    outer loop
      vertex -25.847 -42.4554 4.5
      vertex -26 -41 4.5
      vertex -25.902 -42.1674 4.5
    endloop
  endfacet
  facet normal 0 0 1
    outer loop
      vertex -26 7 4.5
      vertex -25.9754 7.58574 4.5
      vertex -25.9939 7.29313 4.5
    endloop
  endfacet
  facet normal 0 0 1
    outer loop
      vertex -25.902 -42.1674 4.5
      vertex -26 -41 4.5
      vertex -25.9448 -41.8773 4.5
    endloop
  endfacet
  facet normal 0 0 1
    outer loop
      vertex -25.9448 -41.8773 4.5
      vertex -26 -41 4.5
      vertex -25.9754 -41.5857 4.5
    endloop
  endfacet
  facet normal 0 0 1
    outer loop
      vertex -25.9754 -41.5857 4.5
      vertex -26 -41 4.5
      vertex -25.9939 -41.2931 4.5
    endloop
  endfacet
  facet normal 0 0 1
    outer loop
      vertex 9.49757 0.687594 4.5
      vertex 10.5663 4.90223 4.5
      vertex 10.5337 4.90223 4.5
    endloop
  endfacet
  facet normal 0 0 1
    outer loop
      vertex 9.49757 0.687594 4.5
      vertex 10.5337 4.90223 4.5
      vertex 10.4744 4.90223 4.5
    endloop
  endfacet
  facet normal 0 0 1
    outer loop
      vertex 8.72847 1.30771 4.5
      vertex 10.4744 4.90223 4.5
      vertex 10.4098 4.90223 4.5
    endloop
  endfacet
  facet normal 0 0 1
    outer loop
      vertex 10.5663 4.90223 4.5
      vertex 10.25 0.0157112 4.5
      vertex 10.9844 -0.706761 4.5
    endloop
  endfacet
  facet normal 0 0 1
    outer loop
      vertex 8.72847 1.30771 4.5
      vertex 10.4098 4.90223 4.5
      vertex 10.0803 4.90223 4.5
    endloop
  endfacet
  facet normal 0 0 1
    outer loop
      vertex 8.72847 1.30771 4.5
      vertex 10.0803 4.90223 4.5
      vertex 9.89958 4.90223 4.5
    endloop
  endfacet
  facet normal 0 0 1
    outer loop
      vertex 8.72847 1.30771 4.5
      vertex 9.89958 4.90223 4.5
      vertex 9.54024 4.90223 4.5
    endloop
  endfacet
  facet normal 0 0 1
    outer loop
      vertex 10.5663 4.90223 4.5
      vertex 9.49757 0.687594 4.5
      vertex 10.25 0.0157112 4.5
    endloop
  endfacet
  facet normal 0 0 1
    outer loop
      vertex 10.4744 4.90223 4.5
      vertex 8.72847 1.30771 4.5
      vertex 9.49757 0.687594 4.5
    endloop
  endfacet
  facet normal 0 0 1
    outer loop
      vertex 9.54024 4.90223 4.5
      vertex 7.94407 1.87497 4.5
      vertex 8.72847 1.30771 4.5
    endloop
  endfacet
  facet normal 0 0 1
    outer loop
      vertex 9.54024 4.90223 4.5
      vertex 7.14573 2.38838 4.5
      vertex 7.94407 1.87497 4.5
    endloop
  endfacet
  facet normal 0 0 1
    outer loop
      vertex 9.54024 4.90223 4.5
      vertex 6.33485 2.84704 4.5
      vertex 7.14573 2.38838 4.5
    endloop
  endfacet
  facet normal 0 0 1
    outer loop
      vertex 9.54024 4.90223 4.5
      vertex 5.60201 4.88954 4.5
      vertex 6.33485 2.84704 4.5
    endloop
  endfacet
  facet normal 0 -0 1
    outer loop
      vertex 5.60201 4.88954 4.5
      vertex 9.54024 4.90223 4.5
      vertex 5.53179 4.90223 4.5
    endloop
  endfacet
  facet normal 0 0 1
    outer loop
      vertex 5.60201 4.88954 4.5
      vertex 5.51286 3.25014 4.5
      vertex 6.33485 2.84704 4.5
    endloop
  endfacet
  facet normal 0 0 1
    outer loop
      vertex 5.60201 4.88954 4.5
      vertex 4.68119 3.59698 4.5
      vertex 5.51286 3.25014 4.5
    endloop
  endfacet
  facet normal 0 0 1
    outer loop
      vertex 5.60201 4.88954 4.5
      vertex 3.84132 3.88694 4.5
      vertex 4.68119 3.59698 4.5
    endloop
  endfacet
  facet normal 0 0 1
    outer loop
      vertex 5.60201 4.88954 4.5
      vertex 2.9947 4.11953 4.5
      vertex 3.84132 3.88694 4.5
    endloop
  endfacet
  facet normal 0 0 1
    outer loop
      vertex 5.60201 4.88954 4.5
      vertex 2.14283 4.29433 4.5
      vertex 2.9947 4.11953 4.5
    endloop
  endfacet
  facet normal 0 0 1
    outer loop
      vertex 5.60201 4.88954 4.5
      vertex 1.2872 4.41103 4.5
      vertex 2.14283 4.29433 4.5
    endloop
  endfacet
  facet normal 0 0 1
    outer loop
      vertex 5.60201 4.88954 4.5
      vertex 0.429319 4.46943 4.5
      vertex 1.2872 4.41103 4.5
    endloop
  endfacet
  facet normal 0 0 1
    outer loop
      vertex 5.60201 4.88954 4.5
      vertex -0.429319 4.46943 4.5
      vertex 0.429319 4.46943 4.5
    endloop
  endfacet
  facet normal -0 0 1
    outer loop
      vertex -5.60201 4.88954 4.5
      vertex -0.429319 4.46943 4.5
      vertex 5.60201 4.88954 4.5
    endloop
  endfacet
  facet normal 0 0 1
    outer loop
      vertex -0.429319 4.46943 4.5
      vertex -5.60201 4.88954 4.5
      vertex -1.2872 4.41103 4.5
    endloop
  endfacet
  facet normal 0 0 1
    outer loop
      vertex -5.60201 4.88954 4.5
      vertex -2.14283 4.29433 4.5
      vertex -1.2872 4.41103 4.5
    endloop
  endfacet
  facet normal 0 0 1
    outer loop
      vertex -5.60201 4.88954 4.5
      vertex -2.9947 4.11953 4.5
      vertex -2.14283 4.29433 4.5
    endloop
  endfacet
  facet normal 0 0 1
    outer loop
      vertex -5.60201 4.88954 4.5
      vertex -3.84132 3.88694 4.5
      vertex -2.9947 4.11953 4.5
    endloop
  endfacet
  facet normal 0 0 1
    outer loop
      vertex -5.60201 4.88954 4.5
      vertex -4.68119 3.59698 4.5
      vertex -3.84132 3.88694 4.5
    endloop
  endfacet
  facet normal 0 0 1
    outer loop
      vertex -5.60201 4.88954 4.5
      vertex -5.51286 3.25014 4.5
      vertex -4.68119 3.59698 4.5
    endloop
  endfacet
  facet normal 0 0 1
    outer loop
      vertex -5.51286 3.25014 4.5
      vertex -5.60201 4.88954 4.5
      vertex -6.33485 2.84704 4.5
    endloop
  endfacet
  facet normal 1 -0 0
    outer loop
      vertex 26 -41 4.5
      vertex 26 7 0
      vertex 26 7 4.5
    endloop
  endfacet
  facet normal 1 0 0
    outer loop
      vertex 26 7 0
      vertex 26 -41 4.5
      vertex 26 -41 0
    endloop
  endfacet
  facet normal 0.7144 -0.699737 0
    outer loop
      vertex 23.8976 -46.0013 4.5
      vertex 24.1028 -45.7918 0
      vertex 24.1028 -45.7918 4.5
    endloop
  endfacet
  facet normal 0.7144 -0.699737 0
    outer loop
      vertex 24.1028 -45.7918 0
      vertex 23.8976 -46.0013 4.5
      vertex 23.8976 -46.0013 0
    endloop
  endfacet
  facet normal 0.207712 -0.97819 0
    outer loop
      vertex 20.3117 -47.876 0
      vertex 20.5985 -47.8151 4.5
      vertex 20.3117 -47.876 4.5
    endloop
  endfacet
  facet normal 0.207712 -0.97819 0
    outer loop
      vertex 20.5985 -47.8151 4.5
      vertex 20.3117 -47.876 0
      vertex 20.5985 -47.8151 0
    endloop
  endfacet
  facet normal -0.207712 -0.97819 0
    outer loop
      vertex -20.5985 -47.8151 0
      vertex -20.3117 -47.876 4.5
      vertex -20.5985 -47.8151 4.5
    endloop
  endfacet
  facet normal -0.207712 -0.97819 -0
    outer loop
      vertex -20.3117 -47.876 4.5
      vertex -20.5985 -47.8151 0
      vertex -20.3117 -47.876 0
    endloop
  endfacet
  facet normal -0.62107 -0.783755 0
    outer loop
      vertex -23.462 -46.3936 0
      vertex -23.2322 -46.5757 4.5
      vertex -23.462 -46.3936 4.5
    endloop
  endfacet
  facet normal -0.62107 -0.783755 -0
    outer loop
      vertex -23.2322 -46.5757 4.5
      vertex -23.462 -46.3936 0
      vertex -23.2322 -46.5757 0
    endloop
  endfacet
  facet normal -0.982249 -0.187582 0
    outer loop
      vertex -25.847 -42.4554 0
      vertex -25.902 -42.1674 4.5
      vertex -25.902 -42.1674 0
    endloop
  endfacet
  facet normal -0.982249 -0.187582 0
    outer loop
      vertex -25.902 -42.1674 4.5
      vertex -25.847 -42.4554 0
      vertex -25.847 -42.4554 4.5
    endloop
  endfacet
  facet normal -0.989291 -0.145955 0
    outer loop
      vertex -25.902 -42.1674 0
      vertex -25.9448 -41.8773 4.5
      vertex -25.9448 -41.8773 0
    endloop
  endfacet
  facet normal -0.989291 -0.145955 0
    outer loop
      vertex -25.9448 -41.8773 4.5
      vertex -25.902 -42.1674 0
      vertex -25.902 -42.1674 4.5
    endloop
  endfacet
  facet normal -0.770481 -0.637463 0
    outer loop
      vertex -24.299 -45.5739 0
      vertex -24.4859 -45.348 4.5
      vertex -24.4859 -45.348 0
    endloop
  endfacet
  facet normal -0.770481 -0.637463 0
    outer loop
      vertex -24.4859 -45.348 4.5
      vertex -24.299 -45.5739 0
      vertex -24.299 -45.5739 4.5
    endloop
  endfacet
  facet normal -0.86601 -0.500028 0
    outer loop
      vertex -24.9875 -44.6262 0
      vertex -25.1341 -44.3723 4.5
      vertex -25.1341 -44.3723 0
    endloop
  endfacet
  facet normal -0.86601 -0.500028 0
    outer loop
      vertex -25.1341 -44.3723 4.5
      vertex -24.9875 -44.6262 0
      vertex -24.9875 -44.6262 4.5
    endloop
  endfacet
  facet normal -0.249032 0.968495 0
    outer loop
      vertex -20.5985 13.8151 0
      vertex -20.8824 13.7421 4.5
      vertex -20.5985 13.8151 4.5
    endloop
  endfacet
  facet normal -0.249032 0.968495 0
    outer loop
      vertex -20.8824 13.7421 4.5
      vertex -20.5985 13.8151 0
      vertex -20.8824 13.7421 0
    endloop
  endfacet
  facet normal 0.166777 0.985995 -0
    outer loop
      vertex 20.3117 13.876 0
      vertex 20.0226 13.9249 4.5
      vertex 20.3117 13.876 4.5
    endloop
  endfacet
  facet normal 0.166777 0.985995 0
    outer loop
      vertex 20.0226 13.9249 4.5
      vertex 20.3117 13.876 0
      vertex 20.0226 13.9249 0
    endloop
  endfacet
  facet normal 0.998007 -0.0631002 0
    outer loop
      vertex 25.9754 -41.5857 4.5
      vertex 25.9939 -41.2931 0
      vertex 25.9939 -41.2931 4.5
    endloop
  endfacet
  facet normal 0.998007 -0.0631002 0
    outer loop
      vertex 25.9939 -41.2931 0
      vertex 25.9754 -41.5857 4.5
      vertex 25.9754 -41.5857 0
    endloop
  endfacet
  facet normal 0.999784 0.0208054 0
    outer loop
      vertex 26 7 4.5
      vertex 25.9939 7.29313 0
      vertex 25.9939 7.29313 4.5
    endloop
  endfacet
  facet normal 0.999784 0.0208054 0
    outer loop
      vertex 25.9939 7.29313 0
      vertex 26 7 4.5
      vertex 26 7 0
    endloop
  endfacet
  facet normal 0.821246 -0.570575 0
    outer loop
      vertex 24.6631 -45.1145 4.5
      vertex 24.8304 -44.8737 0
      vertex 24.8304 -44.8737 4.5
    endloop
  endfacet
  facet normal 0.821246 -0.570575 0
    outer loop
      vertex 24.8304 -44.8737 0
      vertex 24.6631 -45.1145 4.5
      vertex 24.6631 -45.1145 0
    endloop
  endfacet
  facet normal 0.166777 -0.985995 0
    outer loop
      vertex 20.0226 -47.9249 0
      vertex 20.3117 -47.876 4.5
      vertex 20.0226 -47.9249 4.5
    endloop
  endfacet
  facet normal 0.166777 -0.985995 0
    outer loop
      vertex 20.3117 -47.876 4.5
      vertex 20.0226 -47.9249 0
      vertex 20.3117 -47.876 0
    endloop
  endfacet
  facet normal -0.249032 -0.968495 0
    outer loop
      vertex -20.8824 -47.7421 0
      vertex -20.5985 -47.8151 4.5
      vertex -20.8824 -47.7421 4.5
    endloop
  endfacet
  facet normal -0.249032 -0.968495 -0
    outer loop
      vertex -20.5985 -47.8151 4.5
      vertex -20.8824 -47.7421 0
      vertex -20.5985 -47.8151 0
    endloop
  endfacet
  facet normal -0.587705 -0.809075 0
    outer loop
      vertex -23.2322 -46.5757 0
      vertex -22.995 -46.748 4.5
      vertex -23.2322 -46.5757 4.5
    endloop
  endfacet
  facet normal -0.587705 -0.809075 -0
    outer loop
      vertex -22.995 -46.748 4.5
      vertex -23.2322 -46.5757 0
      vertex -22.995 -46.748 0
    endloop
  endfacet
  facet normal -0.553519 -0.832836 0
    outer loop
      vertex -22.995 -46.748 0
      vertex -22.7508 -46.9103 4.5
      vertex -22.995 -46.748 4.5
    endloop
  endfacet
  facet normal -0.553519 -0.832836 -0
    outer loop
      vertex -22.7508 -46.9103 4.5
      vertex -22.995 -46.748 0
      vertex -22.7508 -46.9103 0
    endloop
  endfacet
  facet normal -0.994539 -0.104365 0
    outer loop
      vertex -25.9448 -41.8773 0
      vertex -25.9754 -41.5857 4.5
      vertex -25.9754 -41.5857 0
    endloop
  endfacet
  facet normal -0.994539 -0.104365 0
    outer loop
      vertex -25.9754 -41.5857 4.5
      vertex -25.9448 -41.8773 0
      vertex -25.9448 -41.8773 4.5
    endloop
  endfacet
  facet normal -0.937279 -0.34858 0
    outer loop
      vertex -25.5084 -43.5769 0
      vertex -25.6106 -43.3021 4.5
      vertex -25.6106 -43.3021 0
    endloop
  endfacet
  facet normal -0.937279 -0.34858 0
    outer loop
      vertex -25.6106 -43.3021 4.5
      vertex -25.5084 -43.5769 0
      vertex -25.5084 -43.5769 4.5
    endloop
  endfacet
  facet normal -0.963116 -0.269086 0
    outer loop
      vertex -25.7012 -43.0232 0
      vertex -25.7801 -42.7408 4.5
      vertex -25.7801 -42.7408 0
    endloop
  endfacet
  facet normal -0.963116 -0.269086 0
    outer loop
      vertex -25.7801 -42.7408 4.5
      vertex -25.7012 -43.0232 0
      vertex -25.7012 -43.0232 4.5
    endloop
  endfacet
  facet normal 0 0 -1
    outer loop
      vertex 19.1466 -47.9985 0
      vertex 26 -41 0
      vertex 25.9939 -41.2931 0
    endloop
  endfacet
  facet normal 0 0 -1
    outer loop
      vertex 26 -41 0
      vertex -26 -41 0
      vertex 26 7 0
    endloop
  endfacet
  facet normal 0 0 -1
    outer loop
      vertex 19.1466 -47.9985 0
      vertex 25.9939 -41.2931 0
      vertex 25.9754 -41.5857 0
    endloop
  endfacet
  facet normal 0 0 -1
    outer loop
      vertex -26 7 0
      vertex 26 7 0
      vertex -26 -41 0
    endloop
  endfacet
  facet normal 0 0 -1
    outer loop
      vertex 19.1466 -47.9985 0
      vertex 25.9754 -41.5857 0
      vertex 25.9448 -41.8773 0
    endloop
  endfacet
  facet normal 0 -0 -1
    outer loop
      vertex 19.1466 13.9985 0
      vertex 26 7 0
      vertex -26 7 0
    endloop
  endfacet
  facet normal 0 0 -1
    outer loop
      vertex 19.1466 -47.9985 0
      vertex 25.9448 -41.8773 0
      vertex 25.902 -42.1674 0
    endloop
  endfacet
  facet normal 0 0 -1
    outer loop
      vertex 26 7 0
      vertex 19.1466 13.9985 0
      vertex 25.9939 7.29313 0
    endloop
  endfacet
  facet normal 0 0 -1
    outer loop
      vertex 19.1466 -47.9985 0
      vertex 25.902 -42.1674 0
      vertex 25.847 -42.4554 0
    endloop
  endfacet
  facet normal 0 0 -1
    outer loop
      vertex 25.9939 7.29313 0
      vertex 19.1466 13.9985 0
      vertex 25.9754 7.58574 0
    endloop
  endfacet
  facet normal 0 0 -1
    outer loop
      vertex 19.1466 -47.9985 0
      vertex 25.847 -42.4554 0
      vertex 25.7801 -42.7408 0
    endloop
  endfacet
  facet normal 0 0 -1
    outer loop
      vertex 25.9754 7.58574 0
      vertex 19.1466 13.9985 0
      vertex 25.9448 7.87733 0
    endloop
  endfacet
  facet normal 0 0 -1
    outer loop
      vertex 19.1466 -47.9985 0
      vertex 25.7801 -42.7408 0
      vertex 25.7012 -43.0232 0
    endloop
  endfacet
  facet normal -0 0 -1
    outer loop
      vertex 26 -41 0
      vertex 19.1466 -47.9985 0
      vertex -26 -41 0
    endloop
  endfacet
  facet normal 0 0 -1
    outer loop
      vertex 19.1466 -47.9985 0
      vertex 25.7012 -43.0232 0
      vertex 25.6106 -43.3021 0
    endloop
  endfacet
  facet normal 0 0 -1
    outer loop
      vertex 25.9448 7.87733 0
      vertex 19.1466 13.9985 0
      vertex 25.902 8.16738 0
    endloop
  endfacet
  facet normal 0 0 -1
    outer loop
      vertex 19.1466 -47.9985 0
      vertex 25.6106 -43.3021 0
      vertex 25.5084 -43.5769 0
    endloop
  endfacet
  facet normal 0 0 -1
    outer loop
      vertex 25.7801 8.74083 0
      vertex 19.1466 13.9985 0
      vertex 25.7012 9.02322 0
    endloop
  endfacet
  facet normal 0 0 -1
    outer loop
      vertex 19.1466 -47.9985 0
      vertex 25.5084 -43.5769 0
      vertex 25.3948 -43.8472 0
    endloop
  endfacet
  facet normal 0 0 -1
    outer loop
      vertex 25.7012 9.02322 0
      vertex 19.1466 13.9985 0
      vertex 25.6106 9.30207 0
    endloop
  endfacet
  facet normal 0 0 -1
    outer loop
      vertex 19.1466 -47.9985 0
      vertex 25.3948 -43.8472 0
      vertex 25.27 -44.1124 0
    endloop
  endfacet
  facet normal 0 0 -1
    outer loop
      vertex 25.6106 9.30207 0
      vertex 19.1466 13.9985 0
      vertex 25.5084 9.57687 0
    endloop
  endfacet
  facet normal 0 0 -1
    outer loop
      vertex 19.1466 -47.9985 0
      vertex 25.27 -44.1124 0
      vertex 25.1341 -44.3723 0
    endloop
  endfacet
  facet normal 0 0 -1
    outer loop
      vertex 25.5084 9.57687 0
      vertex 19.1466 13.9985 0
      vertex 25.3948 9.84716 0
    endloop
  endfacet
  facet normal 0 0 -1
    outer loop
      vertex 19.1466 -47.9985 0
      vertex 25.1341 -44.3723 0
      vertex 24.9875 -44.6262 0
    endloop
  endfacet
  facet normal 0 0 -1
    outer loop
      vertex 25.3948 9.84716 0
      vertex 19.1466 13.9985 0
      vertex 25.27 10.1124 0
    endloop
  endfacet
  facet normal 0 0 -1
    outer loop
      vertex 19.1466 -47.9985 0
      vertex 24.9875 -44.6262 0
      vertex 24.8304 -44.8737 0
    endloop
  endfacet
  facet normal 0 0 -1
    outer loop
      vertex 25.27 10.1124 0
      vertex 19.1466 13.9985 0
      vertex 25.1341 10.3723 0
    endloop
  endfacet
  facet normal 0 0 -1
    outer loop
      vertex 19.1466 -47.9985 0
      vertex 24.8304 -44.8737 0
      vertex 24.6631 -45.1145 0
    endloop
  endfacet
  facet normal 0 0 -1
    outer loop
      vertex 25.1341 10.3723 0
      vertex 19.1466 13.9985 0
      vertex 24.9875 10.6262 0
    endloop
  endfacet
  facet normal 0 0 -1
    outer loop
      vertex 19.1466 -47.9985 0
      vertex 24.6631 -45.1145 0
      vertex 24.4859 -45.348 0
    endloop
  endfacet
  facet normal 0 0 -1
    outer loop
      vertex 24.9875 10.6262 0
      vertex 19.1466 13.9985 0
      vertex 24.8304 10.8737 0
    endloop
  endfacet
  facet normal 0 0 -1
    outer loop
      vertex 19.1466 -47.9985 0
      vertex 24.4859 -45.348 0
      vertex 24.299 -45.5739 0
    endloop
  endfacet
  facet normal 0 0 -1
    outer loop
      vertex 24.8304 10.8737 0
      vertex 19.1466 13.9985 0
      vertex 24.6631 11.1145 0
    endloop
  endfacet
  facet normal 0 0 -1
    outer loop
      vertex 19.1466 -47.9985 0
      vertex 24.299 -45.5739 0
      vertex 24.1028 -45.7918 0
    endloop
  endfacet
  facet normal 0 0 -1
    outer loop
      vertex 24.6631 11.1145 0
      vertex 19.1466 13.9985 0
      vertex 24.4859 11.348 0
    endloop
  endfacet
  facet normal 0 0 -1
    outer loop
      vertex 19.1466 -47.9985 0
      vertex 24.1028 -45.7918 0
      vertex 23.8976 -46.0013 0
    endloop
  endfacet
  facet normal 0 0 -1
    outer loop
      vertex 24.4859 11.348 0
      vertex 19.1466 13.9985 0
      vertex 24.299 11.5739 0
    endloop
  endfacet
  facet normal 0 0 -1
    outer loop
      vertex 19.1466 -47.9985 0
      vertex 23.8976 -46.0013 0
      vertex 23.6839 -46.202 0
    endloop
  endfacet
  facet normal 0 0 -1
    outer loop
      vertex 24.299 11.5739 0
      vertex 19.1466 13.9985 0
      vertex 24.1028 11.7918 0
    endloop
  endfacet
  facet normal 0 0 -1
    outer loop
      vertex 19.1466 -47.9985 0
      vertex 23.6839 -46.202 0
      vertex 23.462 -46.3936 0
    endloop
  endfacet
  facet normal 0 0 -1
    outer loop
      vertex 24.1028 11.7918 0
      vertex 19.1466 13.9985 0
      vertex 23.8976 12.0013 0
    endloop
  endfacet
  facet normal 0 0 -1
    outer loop
      vertex 19.1466 -47.9985 0
      vertex 23.462 -46.3936 0
      vertex 23.2322 -46.5757 0
    endloop
  endfacet
  facet normal 0 0 -1
    outer loop
      vertex 23.8976 12.0013 0
      vertex 19.1466 13.9985 0
      vertex 23.6839 12.202 0
    endloop
  endfacet
  facet normal 0 0 -1
    outer loop
      vertex 19.1466 -47.9985 0
      vertex 23.2322 -46.5757 0
      vertex 22.995 -46.748 0
    endloop
  endfacet
  facet normal 0 0 -1
    outer loop
      vertex 23.6839 12.202 0
      vertex 19.1466 13.9985 0
      vertex 23.462 12.3936 0
    endloop
  endfacet
  facet normal 0 0 -1
    outer loop
      vertex 19.1466 -47.9985 0
      vertex 22.995 -46.748 0
      vertex 22.7508 -46.9103 0
    endloop
  endfacet
  facet normal 0 0 -1
    outer loop
      vertex 23.462 12.3936 0
      vertex 19.1466 13.9985 0
      vertex 23.2322 12.5757 0
    endloop
  endfacet
  facet normal 0 0 -1
    outer loop
      vertex 19.1466 -47.9985 0
      vertex 22.7508 -46.9103 0
      vertex 22.5 -47.0622 0
    endloop
  endfacet
  facet normal 0 0 -1
    outer loop
      vertex 23.2322 12.5757 0
      vertex 19.1466 13.9985 0
      vertex 22.995 12.748 0
    endloop
  endfacet
  facet normal 0 0 -1
    outer loop
      vertex 19.1466 -47.9985 0
      vertex 22.5 -47.0622 0
      vertex 22.2431 -47.2034 0
    endloop
  endfacet
  facet normal 0 0 -1
    outer loop
      vertex 22.995 12.748 0
      vertex 19.1466 13.9985 0
      vertex 22.7508 12.9103 0
    endloop
  endfacet
  facet normal 0 0 -1
    outer loop
      vertex 19.1466 -47.9985 0
      vertex 22.2431 -47.2034 0
      vertex 21.9805 -47.3338 0
    endloop
  endfacet
  facet normal 0 0 -1
    outer loop
      vertex 22.7508 12.9103 0
      vertex 19.1466 13.9985 0
      vertex 22.5 13.0622 0
    endloop
  endfacet
  facet normal 0 0 -1
    outer loop
      vertex 19.1466 -47.9985 0
      vertex 21.9805 -47.3338 0
      vertex 21.7126 -47.453 0
    endloop
  endfacet
  facet normal 0 0 -1
    outer loop
      vertex 22.5 13.0622 0
      vertex 19.1466 13.9985 0
      vertex 22.2431 13.2034 0
    endloop
  endfacet
  facet normal 0 0 -1
    outer loop
      vertex 19.1466 -47.9985 0
      vertex 21.7126 -47.453 0
      vertex 21.44 -47.561 0
    endloop
  endfacet
  facet normal 0 0 -1
    outer loop
      vertex 22.2431 13.2034 0
      vertex 19.1466 13.9985 0
      vertex 21.9805 13.3338 0
    endloop
  endfacet
  facet normal 0 0 -1
    outer loop
      vertex 19.1466 -47.9985 0
      vertex 21.44 -47.561 0
      vertex 21.1631 -47.6574 0
    endloop
  endfacet
  facet normal 0 0 -1
    outer loop
      vertex 21.9805 13.3338 0
      vertex 19.1466 13.9985 0
      vertex 21.7126 13.453 0
    endloop
  endfacet
  facet normal 0 0 -1
    outer loop
      vertex 19.1466 -47.9985 0
      vertex 21.1631 -47.6574 0
      vertex 20.8824 -47.7421 0
    endloop
  endfacet
  facet normal 0 0 -1
    outer loop
      vertex 21.7126 13.453 0
      vertex 19.1466 13.9985 0
      vertex 21.44 13.561 0
    endloop
  endfacet
  facet normal 0 0 -1
    outer loop
      vertex 19.1466 -47.9985 0
      vertex 20.8824 -47.7421 0
      vertex 20.5985 -47.8151 0
    endloop
  endfacet
  facet normal 0 0 -1
    outer loop
      vertex 21.44 13.561 0
      vertex 19.1466 13.9985 0
      vertex 21.1631 13.6574 0
    endloop
  endfacet
  facet normal 0 0 -1
    outer loop
      vertex 19.1466 -47.9985 0
      vertex 20.5985 -47.8151 0
      vertex 20.3117 -47.876 0
    endloop
  endfacet
  facet normal 0 0 -1
    outer loop
      vertex 21.1631 13.6574 0
      vertex 19.1466 13.9985 0
      vertex 20.8824 13.7421 0
    endloop
  endfacet
  facet normal 0 0 -1
    outer loop
      vertex 19.1466 -47.9985 0
      vertex 20.3117 -47.876 0
      vertex 20.0226 -47.9249 0
    endloop
  endfacet
  facet normal 0 0 -1
    outer loop
      vertex 20.8824 13.7421 0
      vertex 19.1466 13.9985 0
      vertex 20.5985 13.8151 0
    endloop
  endfacet
  facet normal 0 0 -1
    outer loop
      vertex 19.1466 -47.9985 0
      vertex 20.0226 -47.9249 0
      vertex 19.7317 -47.9617 0
    endloop
  endfacet
  facet normal 0 0 -1
    outer loop
      vertex 20.5985 13.8151 0
      vertex 19.1466 13.9985 0
      vertex 20.3117 13.876 0
    endloop
  endfacet
  facet normal 0 0 -1
    outer loop
      vertex 19.1466 -47.9985 0
      vertex 19.7317 -47.9617 0
      vertex 19.4395 -47.9862 0
    endloop
  endfacet
  facet normal 0 0 -1
    outer loop
      vertex 20.3117 13.876 0
      vertex 19.1466 13.9985 0
      vertex 20.0226 13.9249 0
    endloop
  endfacet
  facet normal 0 0 -1
    outer loop
      vertex 20.0226 13.9249 0
      vertex 19.1466 13.9985 0
      vertex 19.7317 13.9617 0
    endloop
  endfacet
  facet normal 0 0 -1
    outer loop
      vertex 19.7317 13.9617 0
      vertex 19.1466 13.9985 0
      vertex 19.4395 13.9862 0
    endloop
  endfacet
  facet normal 0 0 -1
    outer loop
      vertex -26 -41 0
      vertex 19.1466 -47.9985 0
      vertex -19.1466 -47.9985 0
    endloop
  endfacet
  facet normal 0 0 -1
    outer loop
      vertex 25.902 8.16738 0
      vertex 19.1466 13.9985 0
      vertex 25.847 8.45538 0
    endloop
  endfacet
  facet normal 0 0 -1
    outer loop
      vertex -26 -41 0
      vertex -19.1466 -47.9985 0
      vertex -19.4395 -47.9862 0
    endloop
  endfacet
  facet normal 0 0 -1
    outer loop
      vertex 25.847 8.45538 0
      vertex 19.1466 13.9985 0
      vertex 25.7801 8.74083 0
    endloop
  endfacet
  facet normal 0 0 -1
    outer loop
      vertex -26 -41 0
      vertex -19.4395 -47.9862 0
      vertex -19.7317 -47.9617 0
    endloop
  endfacet
  facet normal -0 0 -1
    outer loop
      vertex 19.1466 13.9985 0
      vertex -26 7 0
      vertex -19.1466 13.9985 0
    endloop
  endfacet
  facet normal 0 0 -1
    outer loop
      vertex -26 -41 0
      vertex -19.7317 -47.9617 0
      vertex -20.0226 -47.9249 0
    endloop
  endfacet
  facet normal 0 0 -1
    outer loop
      vertex -19.1466 13.9985 0
      vertex -26 7 0
      vertex -19.4395 13.9862 0
    endloop
  endfacet
  facet normal 0 0 -1
    outer loop
      vertex -26 -41 0
      vertex -20.0226 -47.9249 0
      vertex -20.3117 -47.876 0
    endloop
  endfacet
  facet normal 0 0 -1
    outer loop
      vertex -19.4395 13.9862 0
      vertex -26 7 0
      vertex -19.7317 13.9617 0
    endloop
  endfacet
  facet normal 0 0 -1
    outer loop
      vertex -26 -41 0
      vertex -20.3117 -47.876 0
      vertex -20.5985 -47.8151 0
    endloop
  endfacet
  facet normal 0 0 -1
    outer loop
      vertex -19.7317 13.9617 0
      vertex -26 7 0
      vertex -20.0226 13.9249 0
    endloop
  endfacet
  facet normal 0 0 -1
    outer loop
      vertex -26 -41 0
      vertex -20.5985 -47.8151 0
      vertex -20.8824 -47.7421 0
    endloop
  endfacet
  facet normal 0 0 -1
    outer loop
      vertex -20.0226 13.9249 0
      vertex -26 7 0
      vertex -20.3117 13.876 0
    endloop
  endfacet
  facet normal 0 0 -1
    outer loop
      vertex -26 -41 0
      vertex -20.8824 -47.7421 0
      vertex -21.1631 -47.6574 0
    endloop
  endfacet
  facet normal 0 0 -1
    outer loop
      vertex -20.3117 13.876 0
      vertex -26 7 0
      vertex -20.5985 13.8151 0
    endloop
  endfacet
  facet normal 0 0 -1
    outer loop
      vertex -26 -41 0
      vertex -21.1631 -47.6574 0
      vertex -21.44 -47.561 0
    endloop
  endfacet
  facet normal 0 0 -1
    outer loop
      vertex -20.5985 13.8151 0
      vertex -26 7 0
      vertex -20.8824 13.7421 0
    endloop
  endfacet
  facet normal 0 0 -1
    outer loop
      vertex -26 -41 0
      vertex -21.44 -47.561 0
      vertex -21.7126 -47.453 0
    endloop
  endfacet
  facet normal 0 0 -1
    outer loop
      vertex -20.8824 13.7421 0
      vertex -26 7 0
      vertex -21.1631 13.6574 0
    endloop
  endfacet
  facet normal 0 0 -1
    outer loop
      vertex -26 -41 0
      vertex -21.7126 -47.453 0
      vertex -21.9805 -47.3338 0
    endloop
  endfacet
  facet normal 0 0 -1
    outer loop
      vertex -21.1631 13.6574 0
      vertex -26 7 0
      vertex -21.44 13.561 0
    endloop
  endfacet
  facet normal 0 0 -1
    outer loop
      vertex -26 -41 0
      vertex -21.9805 -47.3338 0
      vertex -22.2431 -47.2034 0
    endloop
  endfacet
  facet normal 0 0 -1
    outer loop
      vertex -21.44 13.561 0
      vertex -26 7 0
      vertex -21.7126 13.453 0
    endloop
  endfacet
  facet normal 0 0 -1
    outer loop
      vertex -26 -41 0
      vertex -22.2431 -47.2034 0
      vertex -22.5 -47.0622 0
    endloop
  endfacet
  facet normal 0 0 -1
    outer loop
      vertex -21.7126 13.453 0
      vertex -26 7 0
      vertex -21.9805 13.3338 0
    endloop
  endfacet
  facet normal 0 0 -1
    outer loop
      vertex -26 -41 0
      vertex -22.5 -47.0622 0
      vertex -22.7508 -46.9103 0
    endloop
  endfacet
  facet normal 0 0 -1
    outer loop
      vertex -21.9805 13.3338 0
      vertex -26 7 0
      vertex -22.2431 13.2034 0
    endloop
  endfacet
  facet normal 0 0 -1
    outer loop
      vertex -26 -41 0
      vertex -22.7508 -46.9103 0
      vertex -22.995 -46.748 0
    endloop
  endfacet
  facet normal 0 0 -1
    outer loop
      vertex -22.2431 13.2034 0
      vertex -26 7 0
      vertex -22.5 13.0622 0
    endloop
  endfacet
  facet normal 0 0 -1
    outer loop
      vertex -26 -41 0
      vertex -22.995 -46.748 0
      vertex -23.2322 -46.5757 0
    endloop
  endfacet
  facet normal 0 0 -1
    outer loop
      vertex -22.5 13.0622 0
      vertex -26 7 0
      vertex -22.7508 12.9103 0
    endloop
  endfacet
  facet normal 0 0 -1
    outer loop
      vertex -26 -41 0
      vertex -23.2322 -46.5757 0
      vertex -23.462 -46.3936 0
    endloop
  endfacet
  facet normal 0 0 -1
    outer loop
      vertex -22.7508 12.9103 0
      vertex -26 7 0
      vertex -22.995 12.748 0
    endloop
  endfacet
  facet normal 0 0 -1
    outer loop
      vertex -26 -41 0
      vertex -23.462 -46.3936 0
      vertex -23.6839 -46.202 0
    endloop
  endfacet
  facet normal 0 0 -1
    outer loop
      vertex -22.995 12.748 0
      vertex -26 7 0
      vertex -23.2322 12.5757 0
    endloop
  endfacet
  facet normal 0 0 -1
    outer loop
      vertex -26 -41 0
      vertex -23.6839 -46.202 0
      vertex -23.8976 -46.0013 0
    endloop
  endfacet
  facet normal 0 0 -1
    outer loop
      vertex -23.2322 12.5757 0
      vertex -26 7 0
      vertex -23.462 12.3936 0
    endloop
  endfacet
  facet normal 0 0 -1
    outer loop
      vertex -26 -41 0
      vertex -23.8976 -46.0013 0
      vertex -24.1028 -45.7918 0
    endloop
  endfacet
  facet normal 0 0 -1
    outer loop
      vertex -23.462 12.3936 0
      vertex -26 7 0
      vertex -23.6839 12.202 0
    endloop
  endfacet
  facet normal 0 0 -1
    outer loop
      vertex -26 -41 0
      vertex -24.1028 -45.7918 0
      vertex -24.299 -45.5739 0
    endloop
  endfacet
  facet normal 0 0 -1
    outer loop
      vertex -23.6839 12.202 0
      vertex -26 7 0
      vertex -23.8976 12.0013 0
    endloop
  endfacet
  facet normal 0 0 -1
    outer loop
      vertex -26 -41 0
      vertex -24.299 -45.5739 0
      vertex -24.4859 -45.348 0
    endloop
  endfacet
  facet normal 0 0 -1
    outer loop
      vertex -23.8976 12.0013 0
      vertex -26 7 0
      vertex -24.1028 11.7918 0
    endloop
  endfacet
  facet normal 0 0 -1
    outer loop
      vertex -26 -41 0
      vertex -24.4859 -45.348 0
      vertex -24.6631 -45.1145 0
    endloop
  endfacet
  facet normal 0 0 -1
    outer loop
      vertex -24.1028 11.7918 0
      vertex -26 7 0
      vertex -24.299 11.5739 0
    endloop
  endfacet
  facet normal 0 0 -1
    outer loop
      vertex -26 -41 0
      vertex -24.6631 -45.1145 0
      vertex -24.8304 -44.8737 0
    endloop
  endfacet
  facet normal 0 0 -1
    outer loop
      vertex -24.299 11.5739 0
      vertex -26 7 0
      vertex -24.4859 11.348 0
    endloop
  endfacet
  facet normal 0 0 -1
    outer loop
      vertex -26 -41 0
      vertex -24.8304 -44.8737 0
      vertex -24.9875 -44.6262 0
    endloop
  endfacet
  facet normal 0 0 -1
    outer loop
      vertex -24.4859 11.348 0
      vertex -26 7 0
      vertex -24.6631 11.1145 0
    endloop
  endfacet
  facet normal 0 0 -1
    outer loop
      vertex -26 -41 0
      vertex -24.9875 -44.6262 0
      vertex -25.1341 -44.3723 0
    endloop
  endfacet
  facet normal 0 0 -1
    outer loop
      vertex -24.6631 11.1145 0
      vertex -26 7 0
      vertex -24.8304 10.8737 0
    endloop
  endfacet
  facet normal 0 0 -1
    outer loop
      vertex -26 -41 0
      vertex -25.1341 -44.3723 0
      vertex -25.27 -44.1124 0
    endloop
  endfacet
  facet normal 0 0 -1
    outer loop
      vertex -24.8304 10.8737 0
      vertex -26 7 0
      vertex -24.9875 10.6262 0
    endloop
  endfacet
  facet normal 0 0 -1
    outer loop
      vertex -26 -41 0
      vertex -25.27 -44.1124 0
      vertex -25.3948 -43.8472 0
    endloop
  endfacet
  facet normal 0 0 -1
    outer loop
      vertex -24.9875 10.6262 0
      vertex -26 7 0
      vertex -25.1341 10.3723 0
    endloop
  endfacet
  facet normal 0 0 -1
    outer loop
      vertex -26 -41 0
      vertex -25.3948 -43.8472 0
      vertex -25.5084 -43.5769 0
    endloop
  endfacet
  facet normal 0 0 -1
    outer loop
      vertex -25.1341 10.3723 0
      vertex -26 7 0
      vertex -25.27 10.1124 0
    endloop
  endfacet
  facet normal 0 0 -1
    outer loop
      vertex -26 -41 0
      vertex -25.5084 -43.5769 0
      vertex -25.6106 -43.3021 0
    endloop
  endfacet
  facet normal 0 0 -1
    outer loop
      vertex -25.27 10.1124 0
      vertex -26 7 0
      vertex -25.3948 9.84716 0
    endloop
  endfacet
  facet normal 0 0 -1
    outer loop
      vertex -26 -41 0
      vertex -25.6106 -43.3021 0
      vertex -25.7012 -43.0232 0
    endloop
  endfacet
  facet normal 0 0 -1
    outer loop
      vertex -25.3948 9.84716 0
      vertex -26 7 0
      vertex -25.5084 9.57687 0
    endloop
  endfacet
  facet normal 0 0 -1
    outer loop
      vertex -26 -41 0
      vertex -25.7012 -43.0232 0
      vertex -25.7801 -42.7408 0
    endloop
  endfacet
  facet normal 0 0 -1
    outer loop
      vertex -25.5084 9.57687 0
      vertex -26 7 0
      vertex -25.6106 9.30207 0
    endloop
  endfacet
  facet normal 0 0 -1
    outer loop
      vertex -26 -41 0
      vertex -25.7801 -42.7408 0
      vertex -25.847 -42.4554 0
    endloop
  endfacet
  facet normal 0 0 -1
    outer loop
      vertex -25.6106 9.30207 0
      vertex -26 7 0
      vertex -25.7012 9.02322 0
    endloop
  endfacet
  facet normal 0 0 -1
    outer loop
      vertex -26 -41 0
      vertex -25.847 -42.4554 0
      vertex -25.902 -42.1674 0
    endloop
  endfacet
  facet normal 0 0 -1
    outer loop
      vertex -25.7012 9.02322 0
      vertex -26 7 0
      vertex -25.7801 8.74083 0
    endloop
  endfacet
  facet normal 0 0 -1
    outer loop
      vertex -26 -41 0
      vertex -25.902 -42.1674 0
      vertex -25.9448 -41.8773 0
    endloop
  endfacet
  facet normal 0 0 -1
    outer loop
      vertex -25.7801 8.74083 0
      vertex -26 7 0
      vertex -25.847 8.45538 0
    endloop
  endfacet
  facet normal 0 0 -1
    outer loop
      vertex -26 -41 0
      vertex -25.9448 -41.8773 0
      vertex -25.9754 -41.5857 0
    endloop
  endfacet
  facet normal 0 0 -1
    outer loop
      vertex -25.847 8.45538 0
      vertex -26 7 0
      vertex -25.902 8.16738 0
    endloop
  endfacet
  facet normal 0 0 -1
    outer loop
      vertex -26 -41 0
      vertex -25.9754 -41.5857 0
      vertex -25.9939 -41.2931 0
    endloop
  endfacet
  facet normal 0 0 -1
    outer loop
      vertex -25.902 8.16738 0
      vertex -26 7 0
      vertex -25.9448 7.87733 0
    endloop
  endfacet
  facet normal 0 0 -1
    outer loop
      vertex -25.9448 7.87733 0
      vertex -26 7 0
      vertex -25.9754 7.58574 0
    endloop
  endfacet
  facet normal 0 0 -1
    outer loop
      vertex -25.9754 7.58574 0
      vertex -26 7 0
      vertex -25.9939 7.29313 0
    endloop
  endfacet
  facet normal -0.921892 -0.387447 0
    outer loop
      vertex -25.3948 -43.8472 0
      vertex -25.5084 -43.5769 4.5
      vertex -25.5084 -43.5769 0
    endloop
  endfacet
  facet normal -0.921892 -0.387447 0
    outer loop
      vertex -25.5084 -43.5769 4.5
      vertex -25.3948 -43.8472 0
      vertex -25.3948 -43.8472 4.5
    endloop
  endfacet
  facet normal -0.844279 -0.535904 0
    outer loop
      vertex -24.8304 -44.8737 0
      vertex -24.9875 -44.6262 4.5
      vertex -24.9875 -44.6262 0
    endloop
  endfacet
  facet normal -0.844279 -0.535904 0
    outer loop
      vertex -24.9875 -44.6262 4.5
      vertex -24.8304 -44.8737 0
      vertex -24.8304 -44.8737 4.5
    endloop
  endfacet
  facet normal -0.821246 -0.570575 0
    outer loop
      vertex -24.6631 -45.1145 0
      vertex -24.8304 -44.8737 4.5
      vertex -24.8304 -44.8737 0
    endloop
  endfacet
  facet normal -0.821246 -0.570575 0
    outer loop
      vertex -24.8304 -44.8737 4.5
      vertex -24.6631 -45.1145 0
      vertex -24.6631 -45.1145 4.5
    endloop
  endfacet
  facet normal -0.7144 -0.699737 0
    outer loop
      vertex -23.8976 -46.0013 0
      vertex -24.1028 -45.7918 4.5
      vertex -24.1028 -45.7918 0
    endloop
  endfacet
  facet normal -0.7144 -0.699737 0
    outer loop
      vertex -24.1028 -45.7918 4.5
      vertex -23.8976 -46.0013 0
      vertex -23.8976 -46.0013 4.5
    endloop
  endfacet
  facet normal -0.62107 0.783755 0
    outer loop
      vertex -23.2322 12.5757 0
      vertex -23.462 12.3936 4.5
      vertex -23.2322 12.5757 4.5
    endloop
  endfacet
  facet normal -0.62107 0.783755 0
    outer loop
      vertex -23.462 12.3936 4.5
      vertex -23.2322 12.5757 0
      vertex -23.462 12.3936 0
    endloop
  endfacet
  facet normal 0.796589 0.604521 0
    outer loop
      vertex 24.6631 11.1145 4.5
      vertex 24.4859 11.348 0
      vertex 24.4859 11.348 4.5
    endloop
  endfacet
  facet normal 0.796589 0.604521 0
    outer loop
      vertex 24.4859 11.348 0
      vertex 24.6631 11.1145 4.5
      vertex 24.6631 11.1145 0
    endloop
  endfacet
  facet normal 0.518052 0.855349 -0
    outer loop
      vertex 22.7508 12.9103 0
      vertex 22.5 13.0622 4.5
      vertex 22.7508 12.9103 4.5
    endloop
  endfacet
  facet normal 0.518052 0.855349 0
    outer loop
      vertex 22.5 13.0622 4.5
      vertex 22.7508 12.9103 0
      vertex 22.5 13.0622 0
    endloop
  endfacet
  facet normal 0.406518 0.913643 -0
    outer loop
      vertex 21.9805 13.3338 0
      vertex 21.7126 13.453 4.5
      vertex 21.9805 13.3338 4.5
    endloop
  endfacet
  facet normal 0.406518 0.913643 0
    outer loop
      vertex 21.7126 13.453 4.5
      vertex 21.9805 13.3338 0
      vertex 21.7126 13.453 0
    endloop
  endfacet
  facet normal 0.368331 0.929695 -0
    outer loop
      vertex 21.7126 13.453 0
      vertex 21.44 13.561 4.5
      vertex 21.7126 13.453 4.5
    endloop
  endfacet
  facet normal 0.368331 0.929695 0
    outer loop
      vertex 21.44 13.561 4.5
      vertex 21.7126 13.453 0
      vertex 21.44 13.561 0
    endloop
  endfacet
  facet normal 0.994539 0.104369 0
    outer loop
      vertex 25.9754 7.58574 4.5
      vertex 25.9448 7.87733 0
      vertex 25.9448 7.87733 4.5
    endloop
  endfacet
  facet normal 0.994539 0.104369 0
    outer loop
      vertex 25.9448 7.87733 0
      vertex 25.9754 7.58574 4.5
      vertex 25.9754 7.58574 0
    endloop
  endfacet
  facet normal 0.999784 -0.0208075 0
    outer loop
      vertex 25.9939 -41.2931 4.5
      vertex 26 -41 0
      vertex 26 -41 4.5
    endloop
  endfacet
  facet normal 0.999784 -0.0208075 0
    outer loop
      vertex 26 -41 0
      vertex 25.9939 -41.2931 4.5
      vertex 25.9939 -41.2931 0
    endloop
  endfacet
  facet normal 0.796589 -0.604521 0
    outer loop
      vertex 24.4859 -45.348 4.5
      vertex 24.6631 -45.1145 0
      vertex 24.6631 -45.1145 4.5
    endloop
  endfacet
  facet normal 0.796589 -0.604521 0
    outer loop
      vertex 24.6631 -45.1145 0
      vertex 24.4859 -45.348 4.5
      vertex 24.4859 -45.348 0
    endloop
  endfacet
  facet normal 0.86601 -0.500028 0
    outer loop
      vertex 24.9875 -44.6262 4.5
      vertex 25.1341 -44.3723 0
      vertex 25.1341 -44.3723 4.5
    endloop
  endfacet
  facet normal 0.86601 -0.500028 0
    outer loop
      vertex 25.1341 -44.3723 0
      vertex 24.9875 -44.6262 4.5
      vertex 24.9875 -44.6262 0
    endloop
  endfacet
  facet normal 0.937279 -0.34858 0
    outer loop
      vertex 25.5084 -43.5769 4.5
      vertex 25.6106 -43.3021 0
      vertex 25.6106 -43.3021 4.5
    endloop
  endfacet
  facet normal 0.937279 -0.34858 0
    outer loop
      vertex 25.6106 -43.3021 0
      vertex 25.5084 -43.5769 4.5
      vertex 25.5084 -43.5769 0
    endloop
  endfacet
  facet normal 0.963116 -0.269086 0
    outer loop
      vertex 25.7012 -43.0232 4.5
      vertex 25.7801 -42.7408 0
      vertex 25.7801 -42.7408 4.5
    endloop
  endfacet
  facet normal 0.963116 -0.269086 0
    outer loop
      vertex 25.7801 -42.7408 0
      vertex 25.7012 -43.0232 4.5
      vertex 25.7012 -43.0232 0
    endloop
  endfacet
  facet normal 0.684588 -0.728931 0
    outer loop
      vertex 23.6839 -46.202 0
      vertex 23.8976 -46.0013 4.5
      vertex 23.6839 -46.202 4.5
    endloop
  endfacet
  facet normal 0.684588 -0.728931 0
    outer loop
      vertex 23.8976 -46.0013 4.5
      vertex 23.6839 -46.202 0
      vertex 23.8976 -46.0013 0
    endloop
  endfacet
  facet normal 0.587705 -0.809075 0
    outer loop
      vertex 22.995 -46.748 0
      vertex 23.2322 -46.5757 4.5
      vertex 22.995 -46.748 4.5
    endloop
  endfacet
  facet normal 0.587705 -0.809075 0
    outer loop
      vertex 23.2322 -46.5757 4.5
      vertex 22.995 -46.748 0
      vertex 23.2322 -46.5757 0
    endloop
  endfacet
  facet normal 0.406518 -0.913643 0
    outer loop
      vertex 21.7126 -47.453 0
      vertex 21.9805 -47.3338 4.5
      vertex 21.7126 -47.453 4.5
    endloop
  endfacet
  facet normal 0.406518 -0.913643 0
    outer loop
      vertex 21.9805 -47.3338 4.5
      vertex 21.7126 -47.453 0
      vertex 21.9805 -47.3338 0
    endloop
  endfacet
  facet normal 0.368331 -0.929695 0
    outer loop
      vertex 21.44 -47.561 0
      vertex 21.7126 -47.453 4.5
      vertex 21.44 -47.561 4.5
    endloop
  endfacet
  facet normal 0.368331 -0.929695 0
    outer loop
      vertex 21.7126 -47.453 4.5
      vertex 21.44 -47.561 0
      vertex 21.7126 -47.453 0
    endloop
  endfacet
  facet normal 0.328785 -0.944405 0
    outer loop
      vertex 21.1631 -47.6574 0
      vertex 21.44 -47.561 4.5
      vertex 21.1631 -47.6574 4.5
    endloop
  endfacet
  facet normal 0.328785 -0.944405 0
    outer loop
      vertex 21.44 -47.561 4.5
      vertex 21.1631 -47.6574 0
      vertex 21.44 -47.561 0
    endloop
  endfacet
  facet normal 0.249032 -0.968495 0
    outer loop
      vertex 20.5985 -47.8151 0
      vertex 20.8824 -47.7421 4.5
      vertex 20.5985 -47.8151 4.5
    endloop
  endfacet
  facet normal 0.249032 -0.968495 0
    outer loop
      vertex 20.8824 -47.7421 4.5
      vertex 20.5985 -47.8151 0
      vertex 20.8824 -47.7421 0
    endloop
  endfacet
  facet normal 0.125504 -0.992093 0
    outer loop
      vertex 19.7317 -47.9617 0
      vertex 20.0226 -47.9249 4.5
      vertex 19.7317 -47.9617 4.5
    endloop
  endfacet
  facet normal 0.125504 -0.992093 0
    outer loop
      vertex 20.0226 -47.9249 4.5
      vertex 19.7317 -47.9617 0
      vertex 20.0226 -47.9249 0
    endloop
  endfacet
  facet normal -0.125504 -0.992093 0
    outer loop
      vertex -20.0226 -47.9249 0
      vertex -19.7317 -47.9617 4.5
      vertex -20.0226 -47.9249 4.5
    endloop
  endfacet
  facet normal -0.125504 -0.992093 -0
    outer loop
      vertex -19.7317 -47.9617 4.5
      vertex -20.0226 -47.9249 0
      vertex -19.7317 -47.9617 0
    endloop
  endfacet
  facet normal -0.166777 -0.985995 0
    outer loop
      vertex -20.3117 -47.876 0
      vertex -20.0226 -47.9249 4.5
      vertex -20.3117 -47.876 4.5
    endloop
  endfacet
  facet normal -0.166777 -0.985995 -0
    outer loop
      vertex -20.0226 -47.9249 4.5
      vertex -20.3117 -47.876 0
      vertex -20.0226 -47.9249 0
    endloop
  endfacet
  facet normal -0.368331 -0.929695 0
    outer loop
      vertex -21.7126 -47.453 0
      vertex -21.44 -47.561 4.5
      vertex -21.7126 -47.453 4.5
    endloop
  endfacet
  facet normal -0.368331 -0.929695 -0
    outer loop
      vertex -21.44 -47.561 4.5
      vertex -21.7126 -47.453 0
      vertex -21.44 -47.561 0
    endloop
  endfacet
  facet normal -0.65354 -0.756892 0
    outer loop
      vertex -23.6839 -46.202 0
      vertex -23.462 -46.3936 4.5
      vertex -23.6839 -46.202 4.5
    endloop
  endfacet
  facet normal -0.65354 -0.756892 -0
    outer loop
      vertex -23.462 -46.3936 4.5
      vertex -23.6839 -46.202 0
      vertex -23.462 -46.3936 0
    endloop
  endfacet
  facet normal -0.406518 -0.913643 0
    outer loop
      vertex -21.9805 -47.3338 0
      vertex -21.7126 -47.453 4.5
      vertex -21.9805 -47.3338 4.5
    endloop
  endfacet
  facet normal -0.406518 -0.913643 -0
    outer loop
      vertex -21.7126 -47.453 4.5
      vertex -21.9805 -47.3338 0
      vertex -21.7126 -47.453 0
    endloop
  endfacet
  facet normal -0.518052 -0.855349 0
    outer loop
      vertex -22.7508 -46.9103 0
      vertex -22.5 -47.0622 4.5
      vertex -22.7508 -46.9103 4.5
    endloop
  endfacet
  facet normal -0.518052 -0.855349 -0
    outer loop
      vertex -22.5 -47.0622 4.5
      vertex -22.7508 -46.9103 0
      vertex -22.5 -47.0622 0
    endloop
  endfacet
  facet normal -0.951077 -0.308955 0
    outer loop
      vertex -25.6106 -43.3021 0
      vertex -25.7012 -43.0232 4.5
      vertex -25.7012 -43.0232 0
    endloop
  endfacet
  facet normal -0.951077 -0.308955 0
    outer loop
      vertex -25.7012 -43.0232 4.5
      vertex -25.6106 -43.3021 0
      vertex -25.6106 -43.3021 4.5
    endloop
  endfacet
  facet normal -0.973609 -0.228222 0
    outer loop
      vertex -25.7801 -42.7408 0
      vertex -25.847 -42.4554 4.5
      vertex -25.847 -42.4554 0
    endloop
  endfacet
  facet normal -0.973609 -0.228222 0
    outer loop
      vertex -25.847 -42.4554 4.5
      vertex -25.7801 -42.7408 0
      vertex -25.7801 -42.7408 4.5
    endloop
  endfacet
  facet normal -0.998007 -0.0631002 0
    outer loop
      vertex -25.9754 -41.5857 0
      vertex -25.9939 -41.2931 4.5
      vertex -25.9939 -41.2931 0
    endloop
  endfacet
  facet normal -0.998007 -0.0631002 0
    outer loop
      vertex -25.9939 -41.2931 4.5
      vertex -25.9754 -41.5857 0
      vertex -25.9754 -41.5857 4.5
    endloop
  endfacet
  facet normal -0.886165 -0.46337 0
    outer loop
      vertex -25.1341 -44.3723 0
      vertex -25.27 -44.1124 4.5
      vertex -25.27 -44.1124 0
    endloop
  endfacet
  facet normal -0.886165 -0.46337 0
    outer loop
      vertex -25.27 -44.1124 4.5
      vertex -25.1341 -44.3723 0
      vertex -25.1341 -44.3723 4.5
    endloop
  endfacet
  facet normal -0.796589 -0.604521 0
    outer loop
      vertex -24.4859 -45.348 0
      vertex -24.6631 -45.1145 4.5
      vertex -24.6631 -45.1145 0
    endloop
  endfacet
  facet normal -0.796589 -0.604521 0
    outer loop
      vertex -24.6631 -45.1145 4.5
      vertex -24.4859 -45.348 0
      vertex -24.4859 -45.348 4.5
    endloop
  endfacet
  facet normal -0.796589 0.604521 0
    outer loop
      vertex -24.6631 11.1145 0
      vertex -24.4859 11.348 4.5
      vertex -24.4859 11.348 0
    endloop
  endfacet
  facet normal -0.796589 0.604521 0
    outer loop
      vertex -24.4859 11.348 4.5
      vertex -24.6631 11.1145 0
      vertex -24.6631 11.1145 4.5
    endloop
  endfacet
  facet normal -0.684588 0.728931 0
    outer loop
      vertex -23.6839 12.202 0
      vertex -23.8976 12.0013 4.5
      vertex -23.6839 12.202 4.5
    endloop
  endfacet
  facet normal -0.684588 0.728931 0
    outer loop
      vertex -23.8976 12.0013 4.5
      vertex -23.6839 12.202 0
      vertex -23.8976 12.0013 0
    endloop
  endfacet
  facet normal -0.125504 0.992093 0
    outer loop
      vertex -19.7317 13.9617 0
      vertex -20.0226 13.9249 4.5
      vertex -19.7317 13.9617 4.5
    endloop
  endfacet
  facet normal -0.125504 0.992093 0
    outer loop
      vertex -20.0226 13.9249 4.5
      vertex -19.7317 13.9617 0
      vertex -20.0226 13.9249 0
    endloop
  endfacet
  facet normal 0.7144 0.699737 0
    outer loop
      vertex 24.1028 11.7918 4.5
      vertex 23.8976 12.0013 0
      vertex 23.8976 12.0013 4.5
    endloop
  endfacet
  facet normal 0.7144 0.699737 0
    outer loop
      vertex 23.8976 12.0013 0
      vertex 24.1028 11.7918 4.5
      vertex 24.1028 11.7918 0
    endloop
  endfacet
  facet normal 0.921887 0.387459 0
    outer loop
      vertex 25.5084 9.57687 4.5
      vertex 25.3948 9.84716 0
      vertex 25.3948 9.84716 4.5
    endloop
  endfacet
  facet normal 0.921887 0.387459 0
    outer loop
      vertex 25.3948 9.84716 0
      vertex 25.5084 9.57687 4.5
      vertex 25.5084 9.57687 0
    endloop
  endfacet
  facet normal 0.963114 0.269095 0
    outer loop
      vertex 25.7801 8.74083 4.5
      vertex 25.7012 9.02322 0
      vertex 25.7012 9.02322 4.5
    endloop
  endfacet
  facet normal 0.963114 0.269095 0
    outer loop
      vertex 25.7012 9.02322 0
      vertex 25.7801 8.74083 4.5
      vertex 25.7801 8.74083 0
    endloop
  endfacet
  facet normal 0.65354 0.756892 -0
    outer loop
      vertex 23.6839 12.202 0
      vertex 23.462 12.3936 4.5
      vertex 23.6839 12.202 4.5
    endloop
  endfacet
  facet normal 0.65354 0.756892 0
    outer loop
      vertex 23.462 12.3936 4.5
      vertex 23.6839 12.202 0
      vertex 23.462 12.3936 0
    endloop
  endfacet
  facet normal 0.684588 0.728931 -0
    outer loop
      vertex 23.8976 12.0013 0
      vertex 23.6839 12.202 4.5
      vertex 23.8976 12.0013 4.5
    endloop
  endfacet
  facet normal 0.684588 0.728931 0
    outer loop
      vertex 23.6839 12.202 4.5
      vertex 23.8976 12.0013 0
      vertex 23.6839 12.202 0
    endloop
  endfacet
  facet normal 0.587705 0.809075 -0
    outer loop
      vertex 23.2322 12.5757 0
      vertex 22.995 12.748 4.5
      vertex 23.2322 12.5757 4.5
    endloop
  endfacet
  facet normal 0.587705 0.809075 0
    outer loop
      vertex 22.995 12.748 4.5
      vertex 23.2322 12.5757 0
      vertex 22.995 12.748 0
    endloop
  endfacet
  facet normal 0.288881 0.957365 -0
    outer loop
      vertex 21.1631 13.6574 0
      vertex 20.8824 13.7421 4.5
      vertex 21.1631 13.6574 4.5
    endloop
  endfacet
  facet normal 0.288881 0.957365 0
    outer loop
      vertex 20.8824 13.7421 4.5
      vertex 21.1631 13.6574 0
      vertex 20.8824 13.7421 0
    endloop
  endfacet
  facet normal 0.249032 0.968495 -0
    outer loop
      vertex 20.8824 13.7421 0
      vertex 20.5985 13.8151 4.5
      vertex 20.8824 13.7421 4.5
    endloop
  endfacet
  facet normal 0.249032 0.968495 0
    outer loop
      vertex 20.5985 13.8151 4.5
      vertex 20.8824 13.7421 0
      vertex 20.5985 13.8151 0
    endloop
  endfacet
  facet normal 0.0835535 0.996503 -0
    outer loop
      vertex 19.7317 13.9617 0
      vertex 19.4395 13.9862 4.5
      vertex 19.7317 13.9617 4.5
    endloop
  endfacet
  facet normal 0.0835535 0.996503 0
    outer loop
      vertex 19.4395 13.9862 4.5
      vertex 19.7317 13.9617 0
      vertex 19.4395 13.9862 0
    endloop
  endfacet
  facet normal 0.998007 0.0630981 0
    outer loop
      vertex 25.9939 7.29313 4.5
      vertex 25.9754 7.58574 0
      vertex 25.9754 7.58574 4.5
    endloop
  endfacet
  facet normal 0.998007 0.0630981 0
    outer loop
      vertex 25.9754 7.58574 0
      vertex 25.9939 7.29313 4.5
      vertex 25.9939 7.29313 0
    endloop
  endfacet
  facet normal 0.770481 -0.637463 0
    outer loop
      vertex 24.299 -45.5739 4.5
      vertex 24.4859 -45.348 0
      vertex 24.4859 -45.348 4.5
    endloop
  endfacet
  facet normal 0.770481 -0.637463 0
    outer loop
      vertex 24.4859 -45.348 0
      vertex 24.299 -45.5739 4.5
      vertex 24.299 -45.5739 0
    endloop
  endfacet
  facet normal 0.989291 -0.145955 0
    outer loop
      vertex 25.902 -42.1674 4.5
      vertex 25.9448 -41.8773 0
      vertex 25.9448 -41.8773 4.5
    endloop
  endfacet
  facet normal 0.989291 -0.145955 0
    outer loop
      vertex 25.9448 -41.8773 0
      vertex 25.902 -42.1674 4.5
      vertex 25.902 -42.1674 0
    endloop
  endfacet
  facet normal 0.973609 -0.228222 0
    outer loop
      vertex 25.7801 -42.7408 4.5
      vertex 25.847 -42.4554 0
      vertex 25.847 -42.4554 4.5
    endloop
  endfacet
  facet normal 0.973609 -0.228222 0
    outer loop
      vertex 25.847 -42.4554 0
      vertex 25.7801 -42.7408 4.5
      vertex 25.7801 -42.7408 0
    endloop
  endfacet
  facet normal 0.994539 -0.104365 0
    outer loop
      vertex 25.9448 -41.8773 4.5
      vertex 25.9754 -41.5857 0
      vertex 25.9754 -41.5857 4.5
    endloop
  endfacet
  facet normal 0.994539 -0.104365 0
    outer loop
      vertex 25.9754 -41.5857 0
      vertex 25.9448 -41.8773 4.5
      vertex 25.9448 -41.8773 0
    endloop
  endfacet
  facet normal 0.904819 -0.425797 0
    outer loop
      vertex 25.27 -44.1124 4.5
      vertex 25.3948 -43.8472 0
      vertex 25.3948 -43.8472 4.5
    endloop
  endfacet
  facet normal 0.904819 -0.425797 0
    outer loop
      vertex 25.3948 -43.8472 0
      vertex 25.27 -44.1124 4.5
      vertex 25.27 -44.1124 0
    endloop
  endfacet
  facet normal 0.62107 -0.783755 0
    outer loop
      vertex 23.2322 -46.5757 0
      vertex 23.462 -46.3936 4.5
      vertex 23.2322 -46.5757 4.5
    endloop
  endfacet
  facet normal 0.62107 -0.783755 0
    outer loop
      vertex 23.462 -46.3936 4.5
      vertex 23.2322 -46.5757 0
      vertex 23.462 -46.3936 0
    endloop
  endfacet
  facet normal 0.65354 -0.756892 0
    outer loop
      vertex 23.462 -46.3936 0
      vertex 23.6839 -46.202 4.5
      vertex 23.462 -46.3936 4.5
    endloop
  endfacet
  facet normal 0.65354 -0.756892 0
    outer loop
      vertex 23.6839 -46.202 4.5
      vertex 23.462 -46.3936 0
      vertex 23.6839 -46.202 0
    endloop
  endfacet
  facet normal 0.518052 -0.855349 0
    outer loop
      vertex 22.5 -47.0622 0
      vertex 22.7508 -46.9103 4.5
      vertex 22.5 -47.0622 4.5
    endloop
  endfacet
  facet normal 0.518052 -0.855349 0
    outer loop
      vertex 22.7508 -46.9103 4.5
      vertex 22.5 -47.0622 0
      vertex 22.7508 -46.9103 0
    endloop
  endfacet
  facet normal 0.553519 -0.832836 0
    outer loop
      vertex 22.7508 -46.9103 0
      vertex 22.995 -46.748 4.5
      vertex 22.7508 -46.9103 4.5
    endloop
  endfacet
  facet normal 0.553519 -0.832836 0
    outer loop
      vertex 22.995 -46.748 4.5
      vertex 22.7508 -46.9103 0
      vertex 22.995 -46.748 0
    endloop
  endfacet
  facet normal 0.444756 -0.895652 0
    outer loop
      vertex 21.9805 -47.3338 0
      vertex 22.2431 -47.2034 4.5
      vertex 21.9805 -47.3338 4.5
    endloop
  endfacet
  facet normal 0.444756 -0.895652 0
    outer loop
      vertex 22.2431 -47.2034 4.5
      vertex 21.9805 -47.3338 0
      vertex 22.2431 -47.2034 0
    endloop
  endfacet
  facet normal -0.288881 -0.957365 0
    outer loop
      vertex -21.1631 -47.6574 0
      vertex -20.8824 -47.7421 4.5
      vertex -21.1631 -47.6574 4.5
    endloop
  endfacet
  facet normal -0.288881 -0.957365 -0
    outer loop
      vertex -20.8824 -47.7421 4.5
      vertex -21.1631 -47.6574 0
      vertex -20.8824 -47.7421 0
    endloop
  endfacet
  facet normal -0.444756 -0.895652 0
    outer loop
      vertex -22.2431 -47.2034 0
      vertex -21.9805 -47.3338 4.5
      vertex -22.2431 -47.2034 4.5
    endloop
  endfacet
  facet normal -0.444756 -0.895652 -0
    outer loop
      vertex -21.9805 -47.3338 4.5
      vertex -22.2431 -47.2034 0
      vertex -21.9805 -47.3338 0
    endloop
  endfacet
  facet normal -0.48167 -0.876353 0
    outer loop
      vertex -22.5 -47.0622 0
      vertex -22.2431 -47.2034 4.5
      vertex -22.5 -47.0622 4.5
    endloop
  endfacet
  facet normal -0.48167 -0.876353 -0
    outer loop
      vertex -22.2431 -47.2034 4.5
      vertex -22.5 -47.0622 0
      vertex -22.2431 -47.2034 0
    endloop
  endfacet
  facet normal -0.904819 -0.425797 0
    outer loop
      vertex -25.27 -44.1124 0
      vertex -25.3948 -43.8472 4.5
      vertex -25.3948 -43.8472 0
    endloop
  endfacet
  facet normal -0.904819 -0.425797 0
    outer loop
      vertex -25.3948 -43.8472 4.5
      vertex -25.27 -44.1124 0
      vertex -25.27 -44.1124 4.5
    endloop
  endfacet
  facet normal -0.743142 -0.669134 0
    outer loop
      vertex -24.1028 -45.7918 0
      vertex -24.299 -45.5739 4.5
      vertex -24.299 -45.5739 0
    endloop
  endfacet
  facet normal -0.743142 -0.669134 0
    outer loop
      vertex -24.299 -45.5739 4.5
      vertex -24.1028 -45.7918 0
      vertex -24.1028 -45.7918 4.5
    endloop
  endfacet
  facet normal -0.844279 0.535904 0
    outer loop
      vertex -24.9875 10.6262 0
      vertex -24.8304 10.8737 4.5
      vertex -24.8304 10.8737 0
    endloop
  endfacet
  facet normal -0.844279 0.535904 0
    outer loop
      vertex -24.8304 10.8737 4.5
      vertex -24.9875 10.6262 0
      vertex -24.9875 10.6262 4.5
    endloop
  endfacet
  facet normal -0.886165 0.46337 0
    outer loop
      vertex -25.27 10.1124 0
      vertex -25.1341 10.3723 4.5
      vertex -25.1341 10.3723 0
    endloop
  endfacet
  facet normal -0.886165 0.46337 0
    outer loop
      vertex -25.1341 10.3723 4.5
      vertex -25.27 10.1124 0
      vertex -25.27 10.1124 4.5
    endloop
  endfacet
  facet normal -0.937279 0.34858 0
    outer loop
      vertex -25.6106 9.30207 0
      vertex -25.5084 9.57687 4.5
      vertex -25.5084 9.57687 0
    endloop
  endfacet
  facet normal -0.937279 0.34858 0
    outer loop
      vertex -25.5084 9.57687 4.5
      vertex -25.6106 9.30207 0
      vertex -25.6106 9.30207 4.5
    endloop
  endfacet
  facet normal -0.982249 0.187582 0
    outer loop
      vertex -25.902 8.16738 0
      vertex -25.847 8.45538 4.5
      vertex -25.847 8.45538 0
    endloop
  endfacet
  facet normal -0.982249 0.187582 0
    outer loop
      vertex -25.847 8.45538 4.5
      vertex -25.902 8.16738 0
      vertex -25.902 8.16738 4.5
    endloop
  endfacet
  facet normal -0.998007 0.0630981 0
    outer loop
      vertex -25.9939 7.29313 0
      vertex -25.9754 7.58574 4.5
      vertex -25.9754 7.58574 0
    endloop
  endfacet
  facet normal -0.998007 0.0630981 0
    outer loop
      vertex -25.9754 7.58574 4.5
      vertex -25.9939 7.29313 0
      vertex -25.9939 7.29313 4.5
    endloop
  endfacet
  facet normal -0.553519 0.832836 0
    outer loop
      vertex -22.7508 12.9103 0
      vertex -22.995 12.748 4.5
      vertex -22.7508 12.9103 4.5
    endloop
  endfacet
  facet normal -0.553519 0.832836 0
    outer loop
      vertex -22.995 12.748 4.5
      vertex -22.7508 12.9103 0
      vertex -22.995 12.748 0
    endloop
  endfacet
  facet normal -0.65354 0.756892 0
    outer loop
      vertex -23.462 12.3936 0
      vertex -23.6839 12.202 4.5
      vertex -23.462 12.3936 4.5
    endloop
  endfacet
  facet normal -0.65354 0.756892 0
    outer loop
      vertex -23.6839 12.202 4.5
      vertex -23.462 12.3936 0
      vertex -23.6839 12.202 0
    endloop
  endfacet
  facet normal -0.7144 0.699737 0
    outer loop
      vertex -24.1028 11.7918 0
      vertex -23.8976 12.0013 4.5
      vertex -23.8976 12.0013 0
    endloop
  endfacet
  facet normal -0.7144 0.699737 0
    outer loop
      vertex -23.8976 12.0013 4.5
      vertex -24.1028 11.7918 0
      vertex -24.1028 11.7918 4.5
    endloop
  endfacet
  facet normal -0.770481 0.637463 0
    outer loop
      vertex -24.4859 11.348 0
      vertex -24.299 11.5739 4.5
      vertex -24.299 11.5739 0
    endloop
  endfacet
  facet normal -0.770481 0.637463 0
    outer loop
      vertex -24.299 11.5739 4.5
      vertex -24.4859 11.348 0
      vertex -24.4859 11.348 4.5
    endloop
  endfacet
  facet normal -0.368331 0.929695 0
    outer loop
      vertex -21.44 13.561 0
      vertex -21.7126 13.453 4.5
      vertex -21.44 13.561 4.5
    endloop
  endfacet
  facet normal -0.368331 0.929695 0
    outer loop
      vertex -21.7126 13.453 4.5
      vertex -21.44 13.561 0
      vertex -21.7126 13.453 0
    endloop
  endfacet
  facet normal -0.444756 0.895652 0
    outer loop
      vertex -21.9805 13.3338 0
      vertex -22.2431 13.2034 4.5
      vertex -21.9805 13.3338 4.5
    endloop
  endfacet
  facet normal -0.444756 0.895652 0
    outer loop
      vertex -22.2431 13.2034 4.5
      vertex -21.9805 13.3338 0
      vertex -22.2431 13.2034 0
    endloop
  endfacet
  facet normal -0.406518 0.913643 0
    outer loop
      vertex -21.7126 13.453 0
      vertex -21.9805 13.3338 4.5
      vertex -21.7126 13.453 4.5
    endloop
  endfacet
  facet normal -0.406518 0.913643 0
    outer loop
      vertex -21.9805 13.3338 4.5
      vertex -21.7126 13.453 0
      vertex -21.9805 13.3338 0
    endloop
  endfacet
  facet normal 0.844279 0.535904 0
    outer loop
      vertex 24.9875 10.6262 4.5
      vertex 24.8304 10.8737 0
      vertex 24.8304 10.8737 4.5
    endloop
  endfacet
  facet normal 0.844279 0.535904 0
    outer loop
      vertex 24.8304 10.8737 0
      vertex 24.9875 10.6262 4.5
      vertex 24.9875 10.6262 0
    endloop
  endfacet
  facet normal 0.86601 0.500028 0
    outer loop
      vertex 25.1341 10.3723 4.5
      vertex 24.9875 10.6262 0
      vertex 24.9875 10.6262 4.5
    endloop
  endfacet
  facet normal 0.86601 0.500028 0
    outer loop
      vertex 24.9875 10.6262 0
      vertex 25.1341 10.3723 4.5
      vertex 25.1341 10.3723 0
    endloop
  endfacet
  facet normal 0.989288 0.14598 0
    outer loop
      vertex 25.9448 7.87733 4.5
      vertex 25.902 8.16738 0
      vertex 25.902 8.16738 4.5
    endloop
  endfacet
  facet normal 0.989288 0.14598 0
    outer loop
      vertex 25.902 8.16738 0
      vertex 25.9448 7.87733 4.5
      vertex 25.9448 7.87733 0
    endloop
  endfacet
  facet normal 0.973618 0.228184 0
    outer loop
      vertex 25.847 8.45538 4.5
      vertex 25.7801 8.74083 0
      vertex 25.7801 8.74083 4.5
    endloop
  endfacet
  facet normal 0.973618 0.228184 0
    outer loop
      vertex 25.7801 8.74083 0
      vertex 25.847 8.45538 4.5
      vertex 25.847 8.45538 0
    endloop
  endfacet
  facet normal 0.904843 0.425744 0
    outer loop
      vertex 25.3948 9.84716 4.5
      vertex 25.27 10.1124 0
      vertex 25.27 10.1124 4.5
    endloop
  endfacet
  facet normal 0.904843 0.425744 0
    outer loop
      vertex 25.27 10.1124 0
      vertex 25.3948 9.84716 4.5
      vertex 25.3948 9.84716 0
    endloop
  endfacet
  facet normal 0.937279 0.34858 0
    outer loop
      vertex 25.6106 9.30207 4.5
      vertex 25.5084 9.57687 0
      vertex 25.5084 9.57687 4.5
    endloop
  endfacet
  facet normal 0.937279 0.34858 0
    outer loop
      vertex 25.5084 9.57687 0
      vertex 25.6106 9.30207 4.5
      vertex 25.6106 9.30207 0
    endloop
  endfacet
  facet normal 0.95106 0.309005 0
    outer loop
      vertex 25.7012 9.02322 4.5
      vertex 25.6106 9.30207 0
      vertex 25.6106 9.30207 4.5
    endloop
  endfacet
  facet normal 0.95106 0.309005 0
    outer loop
      vertex 25.6106 9.30207 0
      vertex 25.7012 9.02322 4.5
      vertex 25.7012 9.02322 0
    endloop
  endfacet
  facet normal 0.62107 0.783755 -0
    outer loop
      vertex 23.462 12.3936 0
      vertex 23.2322 12.5757 4.5
      vertex 23.462 12.3936 4.5
    endloop
  endfacet
  facet normal 0.62107 0.783755 0
    outer loop
      vertex 23.2322 12.5757 4.5
      vertex 23.462 12.3936 0
      vertex 23.2322 12.5757 0
    endloop
  endfacet
  facet normal 0.553519 0.832836 -0
    outer loop
      vertex 22.995 12.748 0
      vertex 22.7508 12.9103 4.5
      vertex 22.995 12.748 4.5
    endloop
  endfacet
  facet normal 0.553519 0.832836 0
    outer loop
      vertex 22.7508 12.9103 4.5
      vertex 22.995 12.748 0
      vertex 22.7508 12.9103 0
    endloop
  endfacet
  facet normal 0.328785 0.944405 -0
    outer loop
      vertex 21.44 13.561 0
      vertex 21.1631 13.6574 4.5
      vertex 21.44 13.561 4.5
    endloop
  endfacet
  facet normal 0.328785 0.944405 0
    outer loop
      vertex 21.1631 13.6574 4.5
      vertex 21.44 13.561 0
      vertex 21.1631 13.6574 0
    endloop
  endfacet
  facet normal 0.207712 0.97819 -0
    outer loop
      vertex 20.5985 13.8151 0
      vertex 20.3117 13.876 4.5
      vertex 20.5985 13.8151 4.5
    endloop
  endfacet
  facet normal 0.207712 0.97819 0
    outer loop
      vertex 20.3117 13.876 4.5
      vertex 20.5985 13.8151 0
      vertex 20.3117 13.876 0
    endloop
  endfacet
  facet normal 0.125504 0.992093 -0
    outer loop
      vertex 20.0226 13.9249 0
      vertex 19.7317 13.9617 4.5
      vertex 20.0226 13.9249 4.5
    endloop
  endfacet
  facet normal 0.125504 0.992093 0
    outer loop
      vertex 19.7317 13.9617 4.5
      vertex 20.0226 13.9249 0
      vertex 19.7317 13.9617 0
    endloop
  endfacet
  facet normal 0.0419569 0.999119 -0
    outer loop
      vertex 19.4395 13.9862 0
      vertex 19.1466 13.9985 4.5
      vertex 19.4395 13.9862 4.5
    endloop
  endfacet
  facet normal 0.0419569 0.999119 0
    outer loop
      vertex 19.1466 13.9985 4.5
      vertex 19.4395 13.9862 0
      vertex 19.1466 13.9985 0
    endloop
  endfacet
  facet normal 0.743142 -0.669134 0
    outer loop
      vertex 24.1028 -45.7918 4.5
      vertex 24.299 -45.5739 0
      vertex 24.299 -45.5739 4.5
    endloop
  endfacet
  facet normal 0.743142 -0.669134 0
    outer loop
      vertex 24.299 -45.5739 0
      vertex 24.1028 -45.7918 4.5
      vertex 24.1028 -45.7918 0
    endloop
  endfacet
  facet normal 0.844279 -0.535904 0
    outer loop
      vertex 24.8304 -44.8737 4.5
      vertex 24.9875 -44.6262 0
      vertex 24.9875 -44.6262 4.5
    endloop
  endfacet
  facet normal 0.844279 -0.535904 0
    outer loop
      vertex 24.9875 -44.6262 0
      vertex 24.8304 -44.8737 4.5
      vertex 24.8304 -44.8737 0
    endloop
  endfacet
  facet normal 0.886165 -0.46337 0
    outer loop
      vertex 25.1341 -44.3723 4.5
      vertex 25.27 -44.1124 0
      vertex 25.27 -44.1124 4.5
    endloop
  endfacet
  facet normal 0.886165 -0.46337 0
    outer loop
      vertex 25.27 -44.1124 0
      vertex 25.1341 -44.3723 4.5
      vertex 25.1341 -44.3723 0
    endloop
  endfacet
  facet normal 0.982249 -0.187582 0
    outer loop
      vertex 25.847 -42.4554 4.5
      vertex 25.902 -42.1674 0
      vertex 25.902 -42.1674 4.5
    endloop
  endfacet
  facet normal 0.982249 -0.187582 0
    outer loop
      vertex 25.902 -42.1674 0
      vertex 25.847 -42.4554 4.5
      vertex 25.847 -42.4554 0
    endloop
  endfacet
  facet normal 0.921892 -0.387447 0
    outer loop
      vertex 25.3948 -43.8472 4.5
      vertex 25.5084 -43.5769 0
      vertex 25.5084 -43.5769 4.5
    endloop
  endfacet
  facet normal 0.921892 -0.387447 0
    outer loop
      vertex 25.5084 -43.5769 0
      vertex 25.3948 -43.8472 4.5
      vertex 25.3948 -43.8472 0
    endloop
  endfacet
  facet normal 0.951077 -0.308955 0
    outer loop
      vertex 25.6106 -43.3021 4.5
      vertex 25.7012 -43.0232 0
      vertex 25.7012 -43.0232 4.5
    endloop
  endfacet
  facet normal 0.951077 -0.308955 0
    outer loop
      vertex 25.7012 -43.0232 0
      vertex 25.6106 -43.3021 4.5
      vertex 25.6106 -43.3021 0
    endloop
  endfacet
  facet normal 0.48167 -0.876353 0
    outer loop
      vertex 22.2431 -47.2034 0
      vertex 22.5 -47.0622 4.5
      vertex 22.2431 -47.2034 4.5
    endloop
  endfacet
  facet normal 0.48167 -0.876353 0
    outer loop
      vertex 22.5 -47.0622 4.5
      vertex 22.2431 -47.2034 0
      vertex 22.5 -47.0622 0
    endloop
  endfacet
  facet normal 0.288881 -0.957365 0
    outer loop
      vertex 20.8824 -47.7421 0
      vertex 21.1631 -47.6574 4.5
      vertex 20.8824 -47.7421 4.5
    endloop
  endfacet
  facet normal 0.288881 -0.957365 0
    outer loop
      vertex 21.1631 -47.6574 4.5
      vertex 20.8824 -47.7421 0
      vertex 21.1631 -47.6574 0
    endloop
  endfacet
  facet normal 0.0835535 -0.996503 0
    outer loop
      vertex 19.4395 -47.9862 0
      vertex 19.7317 -47.9617 4.5
      vertex 19.4395 -47.9862 4.5
    endloop
  endfacet
  facet normal 0.0835535 -0.996503 0
    outer loop
      vertex 19.7317 -47.9617 4.5
      vertex 19.4395 -47.9862 0
      vertex 19.7317 -47.9617 0
    endloop
  endfacet
  facet normal 0.0419569 -0.999119 0
    outer loop
      vertex 19.1466 -47.9985 0
      vertex 19.4395 -47.9862 4.5
      vertex 19.1466 -47.9985 4.5
    endloop
  endfacet
  facet normal 0.0419569 -0.999119 0
    outer loop
      vertex 19.4395 -47.9862 4.5
      vertex 19.1466 -47.9985 0
      vertex 19.4395 -47.9862 0
    endloop
  endfacet
  facet normal -0.0835535 -0.996503 0
    outer loop
      vertex -19.7317 -47.9617 0
      vertex -19.4395 -47.9862 4.5
      vertex -19.7317 -47.9617 4.5
    endloop
  endfacet
  facet normal -0.0835535 -0.996503 -0
    outer loop
      vertex -19.4395 -47.9862 4.5
      vertex -19.7317 -47.9617 0
      vertex -19.4395 -47.9862 0
    endloop
  endfacet
  facet normal -0.328785 -0.944405 0
    outer loop
      vertex -21.44 -47.561 0
      vertex -21.1631 -47.6574 4.5
      vertex -21.44 -47.561 4.5
    endloop
  endfacet
  facet normal -0.328785 -0.944405 -0
    outer loop
      vertex -21.1631 -47.6574 4.5
      vertex -21.44 -47.561 0
      vertex -21.1631 -47.6574 0
    endloop
  endfacet
  facet normal -0.821246 0.570575 0
    outer loop
      vertex -24.8304 10.8737 0
      vertex -24.6631 11.1145 4.5
      vertex -24.6631 11.1145 0
    endloop
  endfacet
  facet normal -0.821246 0.570575 0
    outer loop
      vertex -24.6631 11.1145 4.5
      vertex -24.8304 10.8737 0
      vertex -24.8304 10.8737 4.5
    endloop
  endfacet
  facet normal -0.86601 0.500028 0
    outer loop
      vertex -25.1341 10.3723 0
      vertex -24.9875 10.6262 4.5
      vertex -24.9875 10.6262 0
    endloop
  endfacet
  facet normal -0.86601 0.500028 0
    outer loop
      vertex -24.9875 10.6262 4.5
      vertex -25.1341 10.3723 0
      vertex -25.1341 10.3723 4.5
    endloop
  endfacet
  facet normal -0.921887 0.387459 0
    outer loop
      vertex -25.5084 9.57687 0
      vertex -25.3948 9.84716 4.5
      vertex -25.3948 9.84716 0
    endloop
  endfacet
  facet normal -0.921887 0.387459 0
    outer loop
      vertex -25.3948 9.84716 4.5
      vertex -25.5084 9.57687 0
      vertex -25.5084 9.57687 4.5
    endloop
  endfacet
  facet normal -0.95106 0.309005 0
    outer loop
      vertex -25.7012 9.02322 0
      vertex -25.6106 9.30207 4.5
      vertex -25.6106 9.30207 0
    endloop
  endfacet
  facet normal -0.95106 0.309005 0
    outer loop
      vertex -25.6106 9.30207 4.5
      vertex -25.7012 9.02322 0
      vertex -25.7012 9.02322 4.5
    endloop
  endfacet
  facet normal -0.963114 0.269095 0
    outer loop
      vertex -25.7801 8.74083 0
      vertex -25.7012 9.02322 4.5
      vertex -25.7012 9.02322 0
    endloop
  endfacet
  facet normal -0.963114 0.269095 0
    outer loop
      vertex -25.7012 9.02322 4.5
      vertex -25.7801 8.74083 0
      vertex -25.7801 8.74083 4.5
    endloop
  endfacet
  facet normal -0.989288 0.14598 0
    outer loop
      vertex -25.9448 7.87733 0
      vertex -25.902 8.16738 4.5
      vertex -25.902 8.16738 0
    endloop
  endfacet
  facet normal -0.989288 0.14598 0
    outer loop
      vertex -25.902 8.16738 4.5
      vertex -25.9448 7.87733 0
      vertex -25.9448 7.87733 4.5
    endloop
  endfacet
  facet normal -0.587705 0.809075 0
    outer loop
      vertex -22.995 12.748 0
      vertex -23.2322 12.5757 4.5
      vertex -22.995 12.748 4.5
    endloop
  endfacet
  facet normal -0.587705 0.809075 0
    outer loop
      vertex -23.2322 12.5757 4.5
      vertex -22.995 12.748 0
      vertex -23.2322 12.5757 0
    endloop
  endfacet
  facet normal -0.743142 0.669134 0
    outer loop
      vertex -24.299 11.5739 0
      vertex -24.1028 11.7918 4.5
      vertex -24.1028 11.7918 0
    endloop
  endfacet
  facet normal -0.743142 0.669134 0
    outer loop
      vertex -24.1028 11.7918 4.5
      vertex -24.299 11.5739 0
      vertex -24.299 11.5739 4.5
    endloop
  endfacet
  facet normal -0.288881 0.957365 0
    outer loop
      vertex -20.8824 13.7421 0
      vertex -21.1631 13.6574 4.5
      vertex -20.8824 13.7421 4.5
    endloop
  endfacet
  facet normal -0.288881 0.957365 0
    outer loop
      vertex -21.1631 13.6574 4.5
      vertex -20.8824 13.7421 0
      vertex -21.1631 13.6574 0
    endloop
  endfacet
  facet normal -0.207712 0.97819 0
    outer loop
      vertex -20.3117 13.876 0
      vertex -20.5985 13.8151 4.5
      vertex -20.3117 13.876 4.5
    endloop
  endfacet
  facet normal -0.207712 0.97819 0
    outer loop
      vertex -20.5985 13.8151 4.5
      vertex -20.3117 13.876 0
      vertex -20.5985 13.8151 0
    endloop
  endfacet
  facet normal -0.166777 0.985995 0
    outer loop
      vertex -20.0226 13.9249 0
      vertex -20.3117 13.876 4.5
      vertex -20.0226 13.9249 4.5
    endloop
  endfacet
  facet normal -0.166777 0.985995 0
    outer loop
      vertex -20.3117 13.876 4.5
      vertex -20.0226 13.9249 0
      vertex -20.3117 13.876 0
    endloop
  endfacet
  facet normal -0.0835535 0.996503 0
    outer loop
      vertex -19.4395 13.9862 0
      vertex -19.7317 13.9617 4.5
      vertex -19.4395 13.9862 4.5
    endloop
  endfacet
  facet normal -0.0835535 0.996503 0
    outer loop
      vertex -19.7317 13.9617 4.5
      vertex -19.4395 13.9862 0
      vertex -19.7317 13.9617 0
    endloop
  endfacet
  facet normal -0.0419569 0.999119 0
    outer loop
      vertex -19.1466 13.9985 0
      vertex -19.4395 13.9862 4.5
      vertex -19.1466 13.9985 4.5
    endloop
  endfacet
  facet normal -0.0419569 0.999119 0
    outer loop
      vertex -19.4395 13.9862 4.5
      vertex -19.1466 13.9985 0
      vertex -19.4395 13.9862 0
    endloop
  endfacet
  facet normal 0.821246 0.570575 0
    outer loop
      vertex 24.8304 10.8737 4.5
      vertex 24.6631 11.1145 0
      vertex 24.6631 11.1145 4.5
    endloop
  endfacet
  facet normal 0.821246 0.570575 0
    outer loop
      vertex 24.6631 11.1145 0
      vertex 24.8304 10.8737 4.5
      vertex 24.8304 10.8737 0
    endloop
  endfacet
  facet normal 0.743142 0.669134 0
    outer loop
      vertex 24.299 11.5739 4.5
      vertex 24.1028 11.7918 0
      vertex 24.1028 11.7918 4.5
    endloop
  endfacet
  facet normal 0.743142 0.669134 0
    outer loop
      vertex 24.1028 11.7918 0
      vertex 24.299 11.5739 4.5
      vertex 24.299 11.5739 0
    endloop
  endfacet
  facet normal 0.770481 0.637463 0
    outer loop
      vertex 24.4859 11.348 4.5
      vertex 24.299 11.5739 0
      vertex 24.299 11.5739 4.5
    endloop
  endfacet
  facet normal 0.770481 0.637463 0
    outer loop
      vertex 24.299 11.5739 0
      vertex 24.4859 11.348 4.5
      vertex 24.4859 11.348 0
    endloop
  endfacet
  facet normal 0.886165 0.46337 0
    outer loop
      vertex 25.27 10.1124 4.5
      vertex 25.1341 10.3723 0
      vertex 25.1341 10.3723 4.5
    endloop
  endfacet
  facet normal 0.886165 0.46337 0
    outer loop
      vertex 25.1341 10.3723 0
      vertex 25.27 10.1124 4.5
      vertex 25.27 10.1124 0
    endloop
  endfacet
  facet normal 0.982249 0.187582 0
    outer loop
      vertex 25.902 8.16738 4.5
      vertex 25.847 8.45538 0
      vertex 25.847 8.45538 4.5
    endloop
  endfacet
  facet normal 0.982249 0.187582 0
    outer loop
      vertex 25.847 8.45538 0
      vertex 25.902 8.16738 4.5
      vertex 25.902 8.16738 0
    endloop
  endfacet
  facet normal 0.444756 0.895652 -0
    outer loop
      vertex 22.2431 13.2034 0
      vertex 21.9805 13.3338 4.5
      vertex 22.2431 13.2034 4.5
    endloop
  endfacet
  facet normal 0.444756 0.895652 0
    outer loop
      vertex 21.9805 13.3338 4.5
      vertex 22.2431 13.2034 0
      vertex 21.9805 13.3338 0
    endloop
  endfacet
  facet normal 0.48167 0.876353 -0
    outer loop
      vertex 22.5 13.0622 0
      vertex 22.2431 13.2034 4.5
      vertex 22.5 13.0622 4.5
    endloop
  endfacet
  facet normal 0.48167 0.876353 0
    outer loop
      vertex 22.2431 13.2034 4.5
      vertex 22.5 13.0622 0
      vertex 22.2431 13.2034 0
    endloop
  endfacet
  facet normal -0.904843 0.425744 0
    outer loop
      vertex -25.3948 9.84716 0
      vertex -25.27 10.1124 4.5
      vertex -25.27 10.1124 0
    endloop
  endfacet
  facet normal -0.904843 0.425744 0
    outer loop
      vertex -25.27 10.1124 4.5
      vertex -25.3948 9.84716 0
      vertex -25.3948 9.84716 4.5
    endloop
  endfacet
  facet normal -0.973618 0.228184 0
    outer loop
      vertex -25.847 8.45538 0
      vertex -25.7801 8.74083 4.5
      vertex -25.7801 8.74083 0
    endloop
  endfacet
  facet normal -0.973618 0.228184 0
    outer loop
      vertex -25.7801 8.74083 4.5
      vertex -25.847 8.45538 0
      vertex -25.847 8.45538 4.5
    endloop
  endfacet
  facet normal -0.994539 0.104369 0
    outer loop
      vertex -25.9754 7.58574 0
      vertex -25.9448 7.87733 4.5
      vertex -25.9448 7.87733 0
    endloop
  endfacet
  facet normal -0.994539 0.104369 0
    outer loop
      vertex -25.9448 7.87733 4.5
      vertex -25.9754 7.58574 0
      vertex -25.9754 7.58574 4.5
    endloop
  endfacet
  facet normal -0.518052 0.855349 0
    outer loop
      vertex -22.5 13.0622 0
      vertex -22.7508 12.9103 4.5
      vertex -22.5 13.0622 4.5
    endloop
  endfacet
  facet normal -0.518052 0.855349 0
    outer loop
      vertex -22.7508 12.9103 4.5
      vertex -22.5 13.0622 0
      vertex -22.7508 12.9103 0
    endloop
  endfacet
  facet normal -0.48167 0.876353 0
    outer loop
      vertex -22.2431 13.2034 0
      vertex -22.5 13.0622 4.5
      vertex -22.2431 13.2034 4.5
    endloop
  endfacet
  facet normal -0.48167 0.876353 0
    outer loop
      vertex -22.5 13.0622 4.5
      vertex -22.2431 13.2034 0
      vertex -22.5 13.0622 0
    endloop
  endfacet
  facet normal -0.328785 0.944405 0
    outer loop
      vertex -21.1631 13.6574 0
      vertex -21.44 13.561 4.5
      vertex -21.1631 13.6574 4.5
    endloop
  endfacet
  facet normal -0.328785 0.944405 0
    outer loop
      vertex -21.44 13.561 4.5
      vertex -21.1631 13.6574 0
      vertex -21.44 13.561 0
    endloop
  endfacet
  facet normal -1 -0 0
    outer loop
      vertex -9 -20.9891 28.2187
      vertex -9 -33.6062 4.5
      vertex -9 -23.7875 31.8004
    endloop
  endfacet
  facet normal -1 0 0
    outer loop
      vertex -9 -23.7875 31.8004
      vertex -9 -20.8414 37.4503
      vertex -9 -19.9072 36.2384
    endloop
  endfacet
  facet normal -1 -0 0
    outer loop
      vertex -9 -20.8414 37.4503
      vertex -9 -23.7875 31.8004
      vertex -9 -21.1096 37.7936
    endloop
  endfacet
  facet normal -1 -0 0
    outer loop
      vertex -9 -21.1096 37.7936
      vertex -9 -23.7875 31.8004
      vertex -9 -21.11 37.7941
    endloop
  endfacet
  facet normal -1 -0 0
    outer loop
      vertex -9 -21.11 37.7941
      vertex -9 -23.7875 31.8004
      vertex -9 -21.1112 37.7957
    endloop
  endfacet
  facet normal -1 0 0
    outer loop
      vertex -9 -23.7875 31.8004
      vertex -9 -19.9072 36.2384
      vertex -9 -19.2249 35.3651
    endloop
  endfacet
  facet normal -1 -0 0
    outer loop
      vertex -9 -21.1112 37.7957
      vertex -9 -23.7875 31.8004
      vertex -9 -23.5179 40.8761
    endloop
  endfacet
  facet normal -1 0 0
    outer loop
      vertex -9 -44 4.5
      vertex -9 -23.7875 31.8004
      vertex -9 -33.6062 4.5
    endloop
  endfacet
  facet normal -1 -0 0
    outer loop
      vertex -9 -23.7875 31.8004
      vertex -9 -44 4.5
      vertex -9 -23.5179 40.8761
    endloop
  endfacet
  facet normal -1 0 0
    outer loop
      vertex -9 -19.8927 36.236
      vertex -9 -19.9072 36.2384
      vertex -9 -20.8414 37.4503
    endloop
  endfacet
  facet normal -1 0 0
    outer loop
      vertex -9 -21.1112 37.7957
      vertex -9 -15.6378 47.0327
      vertex -9 -13.2311 43.9524
    endloop
  endfacet
  facet normal -1 0 0
    outer loop
      vertex -9 -15.6378 47.0327
      vertex -9 -21.1112 37.7957
      vertex -9 -23.5179 40.8761
    endloop
  endfacet
  facet normal 0 -0.615661 0.788011
    outer loop
      vertex -9 -15.6378 47.0327
      vertex 9 -23.5179 40.8761
      vertex 9 -15.6378 47.0327
    endloop
  endfacet
  facet normal 0 -0.615661 0.788011
    outer loop
      vertex 9 -23.5179 40.8761
      vertex -9 -15.6378 47.0327
      vertex -9 -23.5179 40.8761
    endloop
  endfacet
  facet normal 0 -0.871365 0.490635
    outer loop
      vertex -9 -44 4.5
      vertex 9 -23.5179 40.8761
      vertex -9 -23.5179 40.8761
    endloop
  endfacet
  facet normal 0 -0.871365 0.490635
    outer loop
      vertex 9 -23.5179 40.8761
      vertex -9 -44 4.5
      vertex 9 -44 4.5
    endloop
  endfacet
  facet normal 1 0 0
    outer loop
      vertex 9 -15.6378 47.0327
      vertex 9 -21.1112 37.7957
      vertex 9 -13.2311 43.9524
    endloop
  endfacet
  facet normal 1 0 -0
    outer loop
      vertex 9 -21.1112 37.7957
      vertex 9 -15.6378 47.0327
      vertex 9 -23.5179 40.8761
    endloop
  endfacet
  facet normal 1 0 0
    outer loop
      vertex 9 -19.8927 36.236
      vertex 9 -20.8414 37.4503
      vertex 9 -19.9072 36.2384
    endloop
  endfacet
  facet normal 1 0 0
    outer loop
      vertex 9 -23.7875 31.8004
      vertex 9 -20.8414 37.4503
      vertex 9 -21.1096 37.7936
    endloop
  endfacet
  facet normal 1 0 0
    outer loop
      vertex 9 -23.7875 31.8004
      vertex 9 -21.1096 37.7936
      vertex 9 -21.11 37.7941
    endloop
  endfacet
  facet normal 1 0 0
    outer loop
      vertex 9 -23.7875 31.8004
      vertex 9 -21.11 37.7941
      vertex 9 -21.1112 37.7957
    endloop
  endfacet
  facet normal 1 0 0
    outer loop
      vertex 9 -23.7875 31.8004
      vertex 9 -21.1112 37.7957
      vertex 9 -23.5179 40.8761
    endloop
  endfacet
  facet normal 1 0 0
    outer loop
      vertex 9 -19.9072 36.2384
      vertex 9 -23.7875 31.8004
      vertex 9 -19.2249 35.3651
    endloop
  endfacet
  facet normal 1 0 0
    outer loop
      vertex 9 -20.8414 37.4503
      vertex 9 -23.7875 31.8004
      vertex 9 -19.9072 36.2384
    endloop
  endfacet
  facet normal 1 0 0
    outer loop
      vertex 9 -44 4.5
      vertex 9 -23.7875 31.8004
      vertex 9 -23.5179 40.8761
    endloop
  endfacet
  facet normal 1 0 0
    outer loop
      vertex 9 -23.7875 31.8004
      vertex 9 -44 4.5
      vertex 9 -33.6062 4.5
    endloop
  endfacet
  facet normal 1 0 0
    outer loop
      vertex 9 -20.9891 28.2187
      vertex 9 -23.7875 31.8004
      vertex 9 -33.6062 4.5
    endloop
  endfacet
  facet normal 0 0.78801 0.615662
    outer loop
      vertex 9 -15.6378 47.0327
      vertex 0.487958 -14.3418 45.3739
      vertex -9 -15.6378 47.0327
    endloop
  endfacet
  facet normal -2.93927e-05 0.787937 0.615756
    outer loop
      vertex 9 -15.6378 47.0327
      vertex 1.46302 -14.3166 45.3417
      vertex 0.487958 -14.3418 45.3739
    endloop
  endfacet
  facet normal 1.03523e-05 0.788023 0.615646
    outer loop
      vertex 9 -15.6378 47.0327
      vertex 2.43551 -14.2663 45.2773
      vertex 1.46302 -14.3166 45.3417
    endloop
  endfacet
  facet normal -6.7072e-06 0.787992 0.615686
    outer loop
      vertex 9 -15.6378 47.0327
      vertex 3.35492 -14.1948 45.1858
      vertex 2.43551 -14.2663 45.2773
    endloop
  endfacet
  facet normal 1.97835e-05 0.788031 0.615635
    outer loop
      vertex 9 -15.6378 47.0327
      vertex 3.46984 -14.1841 45.1721
      vertex 3.35492 -14.1948 45.1858
    endloop
  endfacet
  facet normal -7.51545e-06 0.787992 0.615686
    outer loop
      vertex 9 -15.6378 47.0327
      vertex 4.36598 -14.0908 45.0527
      vertex 3.46984 -14.1841 45.1721
    endloop
  endfacet
  facet normal 1.89588e-05 0.788022 0.615647
    outer loop
      vertex 9 -15.6378 47.0327
      vertex 5.32057 -13.9659 44.8928
      vertex 4.36598 -14.0908 45.0527
    endloop
  endfacet
  facet normal -9.76373e-06 0.787998 0.615678
    outer loop
      vertex 9 -15.6378 47.0327
      vertex 6.26583 -13.8165 44.7016
      vertex 5.32057 -13.9659 44.8928
    endloop
  endfacet
  facet normal -1.0489e-05 0.787997 0.615679
    outer loop
      vertex 9 -15.6378 47.0327
      vertex 7.2001 -13.6428 44.4793
      vertex 6.26583 -13.8165 44.7016
    endloop
  endfacet
  facet normal -4.58465e-06 0.787999 0.615676
    outer loop
      vertex 9 -15.6378 47.0327
      vertex 8.12173 -13.4452 44.2264
      vertex 7.2001 -13.6428 44.4793
    endloop
  endfacet
  facet normal -1.64367e-05 0.787998 0.615678
    outer loop
      vertex 8.12173 -13.4452 44.2264
      vertex 9 -15.6378 47.0327
      vertex 9 -13.2311 43.9524
    endloop
  endfacet
  facet normal -0 0.78801 0.615662
    outer loop
      vertex -0.487958 -14.3418 45.3739
      vertex -9 -15.6378 47.0327
      vertex 0.487958 -14.3418 45.3739
    endloop
  endfacet
  facet normal 2.93927e-05 0.787937 0.615756
    outer loop
      vertex -1.46302 -14.3166 45.3417
      vertex -9 -15.6378 47.0327
      vertex -0.487958 -14.3418 45.3739
    endloop
  endfacet
  facet normal -1.03523e-05 0.788023 0.615646
    outer loop
      vertex -2.43551 -14.2663 45.2773
      vertex -9 -15.6378 47.0327
      vertex -1.46302 -14.3166 45.3417
    endloop
  endfacet
  facet normal 6.7072e-06 0.787992 0.615686
    outer loop
      vertex -3.35492 -14.1948 45.1858
      vertex -9 -15.6378 47.0327
      vertex -2.43551 -14.2663 45.2773
    endloop
  endfacet
  facet normal -1.97835e-05 0.788031 0.615635
    outer loop
      vertex -3.46984 -14.1841 45.1721
      vertex -9 -15.6378 47.0327
      vertex -3.35492 -14.1948 45.1858
    endloop
  endfacet
  facet normal 7.51545e-06 0.787992 0.615686
    outer loop
      vertex -4.36598 -14.0908 45.0527
      vertex -9 -15.6378 47.0327
      vertex -3.46984 -14.1841 45.1721
    endloop
  endfacet
  facet normal -1.89588e-05 0.788022 0.615647
    outer loop
      vertex -5.32057 -13.9659 44.8928
      vertex -9 -15.6378 47.0327
      vertex -4.36598 -14.0908 45.0527
    endloop
  endfacet
  facet normal 9.76373e-06 0.787998 0.615678
    outer loop
      vertex -6.26583 -13.8165 44.7016
      vertex -9 -15.6378 47.0327
      vertex -5.32057 -13.9659 44.8928
    endloop
  endfacet
  facet normal 1.0489e-05 0.787997 0.615679
    outer loop
      vertex -7.2001 -13.6428 44.4793
      vertex -9 -15.6378 47.0327
      vertex -6.26583 -13.8165 44.7016
    endloop
  endfacet
  facet normal 4.58465e-06 0.787999 0.615676
    outer loop
      vertex -8.12173 -13.4452 44.2264
      vertex -9 -15.6378 47.0327
      vertex -7.2001 -13.6428 44.4793
    endloop
  endfacet
  facet normal 1.64367e-05 0.787998 0.615678
    outer loop
      vertex -9 -15.6378 47.0327
      vertex -8.12173 -13.4452 44.2264
      vertex -9 -13.2311 43.9524
    endloop
  endfacet
  facet normal 0 0.882861 -0.469635
    outer loop
      vertex 9 -33.6062 4.5
      vertex -9 -20.9891 28.2187
      vertex 9 -20.9891 28.2187
    endloop
  endfacet
  facet normal 0 0.882861 -0.469635
    outer loop
      vertex -9 -20.9891 28.2187
      vertex 9 -33.6062 4.5
      vertex -9 -33.6062 4.5
    endloop
  endfacet
  facet normal 0.99978 0.0129205 -0.0165374
    outer loop
      vertex -18.9833 -0.489843 27.6442
      vertex -19 -1.41842 25.9091
      vertex -19 8.72764e-08 27.0173
    endloop
  endfacet
  facet normal 0.99978 0.0129206 -0.0165374
    outer loop
      vertex -19 -1.41842 25.9091
      vertex -18.9833 -0.489843 27.6442
      vertex -18.9833 -1.90826 26.536
    endloop
  endfacet
  facet normal 0 0.61567 -0.788004
    outer loop
      vertex -0.397905 -13.1134 40.878
      vertex 0.397905 -11.695 41.9862
      vertex 0.397905 -13.1134 40.878
    endloop
  endfacet
  facet normal 0 0.61567 -0.788004
    outer loop
      vertex 0.397905 -11.695 41.9862
      vertex -0.397905 -13.1134 40.878
      vertex -0.397905 -11.695 41.9862
    endloop
  endfacet
  facet normal 0 -0.615635 0.788031
    outer loop
      vertex -0.397905 11.695 12.0483
      vertex 0.397905 10.2766 10.9402
      vertex 0.397905 11.695 12.0483
    endloop
  endfacet
  facet normal 0 -0.615635 0.788031
    outer loop
      vertex 0.397905 10.2766 10.9402
      vertex -0.397905 11.695 12.0483
      vertex -0.397905 10.2766 10.9402
    endloop
  endfacet
  facet normal -0.714494 0.430722 -0.551341
    outer loop
      vertex 13.8504 -9.42595 36.1583
      vertex 13.2936 -8.35759 37.7145
      vertex 13.8504 -8.00754 37.2664
    endloop
  endfacet
  facet normal -0.714449 0.430773 -0.551359
    outer loop
      vertex 13.2936 -8.35759 37.7145
      vertex 13.8504 -9.42595 36.1583
      vertex 13.2936 -9.77601 36.6063
    endloop
  endfacet
  facet normal 0.684571 0.448786 -0.574416
    outer loop
      vertex -12.7135 -8.69299 38.1438
      vertex -13.2936 -9.77601 36.6063
      vertex -13.2936 -8.35759 37.7145
    endloop
  endfacet
  facet normal 0.684567 0.448791 -0.574417
    outer loop
      vertex -13.2936 -9.77601 36.6063
      vertex -12.7135 -8.69299 38.1438
      vertex -12.7135 -10.1114 37.0356
    endloop
  endfacet
  facet normal 0.821203 0.351321 -0.449667
    outer loop
      vertex -15.5733 -6.69678 35.5888
      vertex -15.8255 -7.89175 34.1946
      vertex -15.8255 -6.47333 35.3028
    endloop
  endfacet
  facet normal 0.821025 0.351478 -0.449868
    outer loop
      vertex -15.3713 -8.29408 34.7095
      vertex -15.5733 -6.69678 35.5888
      vertex -15.3713 -6.87566 35.8177
    endloop
  endfacet
  facet normal 0.821124 0.351417 -0.449735
    outer loop
      vertex -15.5733 -6.69678 35.5888
      vertex -15.3713 -8.29408 34.7095
      vertex -15.8255 -7.89175 34.1946
    endloop
  endfacet
  facet normal 0.653398 0.466069 -0.596532
    outer loop
      vertex -12.1111 -9.01313 38.5535
      vertex -12.7135 -10.1114 37.0356
      vertex -12.7135 -8.69299 38.1438
    endloop
  endfacet
  facet normal 0.653481 0.465987 -0.596506
    outer loop
      vertex -12.7135 -10.1114 37.0356
      vertex -12.1111 -9.01313 38.5535
      vertex -12.1111 -10.4316 37.4454
    endloop
  endfacet
  facet normal 0.12533 0.610815 -0.781791
    outer loop
      vertex -2.77558 -12.9905 40.7207
      vertex -1.98604 -11.6335 41.9075
      vertex -1.98604 -13.0519 40.7993
    endloop
  endfacet
  facet normal 0.12533 0.610815 -0.781791
    outer loop
      vertex -1.98604 -11.6335 41.9075
      vertex -2.77558 -12.9905 40.7207
      vertex -2.77558 -11.5721 41.8289
    endloop
  endfacet
  facet normal -0.653398 0.466069 -0.596532
    outer loop
      vertex 12.7135 -10.1114 37.0356
      vertex 12.1111 -9.01313 38.5535
      vertex 12.7135 -8.69299 38.1438
    endloop
  endfacet
  facet normal -0.653481 0.465987 -0.596506
    outer loop
      vertex 12.1111 -9.01313 38.5535
      vertex 12.7135 -10.1114 37.0356
      vertex 12.1111 -10.4316 37.4454
    endloop
  endfacet
  facet normal 0.973584 0.140575 -0.179926
    outer loop
      vertex -18.4031 -2.90907 30.7407
      vertex -18.5848 -3.85048 29.022
      vertex -18.5848 -2.43206 30.1302
    endloop
  endfacet
  facet normal 0.973584 0.140575 -0.179926
    outer loop
      vertex -18.5848 -3.85048 29.022
      vertex -18.4031 -2.90907 30.7407
      vertex -18.4031 -4.32749 29.6325
    endloop
  endfacet
  facet normal 0.553318 0.51283 -0.656387
    outer loop
      vertex -10.8436 -11.0239 38.2035
      vertex -10.1807 -9.87658 39.6587
      vertex -10.1807 -11.295 38.5505
    endloop
  endfacet
  facet normal 0.553334 0.512817 -0.656384
    outer loop
      vertex -10.1807 -9.87658 39.6587
      vertex -10.8436 -11.0239 38.2035
      vertex -10.8436 -9.60545 39.3117
    endloop
  endfacet
  facet normal 0.621175 0.482442 -0.61757
    outer loop
      vertex -11.4874 -9.31746 38.9431
      vertex -12.1111 -10.4316 37.4454
      vertex -12.1111 -9.01313 38.5535
    endloop
  endfacet
  facet normal 0.6211 0.482512 -0.61759
    outer loop
      vertex -12.1111 -10.4316 37.4454
      vertex -11.4874 -9.31746 38.9431
      vertex -11.4874 -10.7359 37.8349
    endloop
  endfacet
  facet normal 0.328884 0.581395 -0.744188
    outer loop
      vertex -6.62287 -12.3823 39.9423
      vertex -5.87132 -11.125 41.2567
      vertex -5.87132 -12.5435 40.1485
    endloop
  endfacet
  facet normal 0.328884 0.581395 -0.744188
    outer loop
      vertex -5.87132 -11.125 41.2567
      vertex -6.62287 -12.3823 39.9423
      vertex -6.20763 -11.0529 41.1644
    endloop
  endfacet
  facet normal 0.328918 0.581381 -0.744184
    outer loop
      vertex -6.20763 -11.0529 41.1644
      vertex -6.62287 -12.3823 39.9423
      vertex -6.62287 -10.9639 41.0504
    endloop
  endfacet
  facet normal 0.0836056 0.613514 -0.785245
    outer loop
      vertex -1.98604 -13.0519 40.7993
      vertex -1.19302 -11.6745 41.9599
      vertex -1.19302 -13.0929 40.8517
    endloop
  endfacet
  facet normal 0.0836056 0.613514 -0.785245
    outer loop
      vertex -1.19302 -11.6745 41.9599
      vertex -1.98604 -13.0519 40.7993
      vertex -1.98604 -11.6335 41.9075
    endloop
  endfacet
  facet normal -0.714568 -0.430698 0.551264
    outer loop
      vertex 13.2936 6.93917 15.2118
      vertex 13.3639 8.3134 16.3766
      vertex 13.2936 8.35759 16.32
    endloop
  endfacet
  facet normal -0.714494 -0.430749 0.55132
    outer loop
      vertex 13.8504 6.58912 15.6599
      vertex 13.3639 8.3134 16.3766
      vertex 13.2936 6.93917 15.2118
    endloop
  endfacet
  facet normal -0.714483 -0.430751 0.551332
    outer loop
      vertex 13.3639 8.3134 16.3766
      vertex 13.8504 6.58912 15.6599
      vertex 13.8504 8.00754 16.7681
    endloop
  endfacet
  facet normal -0.84434 -0.329879 0.42222
    outer loop
      vertex 15.8255 5.05492 17.6236
      vertex 16.2519 6.05966 19.2613
      vertex 15.8255 6.47333 18.7318
    endloop
  endfacet
  facet normal -0.844342 -0.329876 0.422218
    outer loop
      vertex 16.2519 6.05966 19.2613
      vertex 15.8255 5.05492 17.6236
      vertex 16.2519 4.64124 18.1531
    endloop
  endfacet
  facet normal 0.368035 -0.572457 0.732696
    outer loop
      vertex -7.3628 10.7836 13.2149
      vertex -6.62287 9.5455 11.8759
      vertex -6.62287 10.9639 12.9841
    endloop
  endfacet
  facet normal 0.368161 -0.572379 0.732693
    outer loop
      vertex -6.62287 9.5455 11.8759
      vertex -7.3628 10.7836 13.2149
      vertex -7.3628 9.36514 12.1068
    endloop
  endfacet
  facet normal 0.796555 -0.37221 0.476404
    outer loop
      vertex -15.3713 6.87566 18.2168
      vertex -14.8902 5.8475 16.6091
      vertex -14.8902 7.26592 17.7173
    endloop
  endfacet
  facet normal 0.796555 -0.37221 0.476404
    outer loop
      vertex -14.8902 5.8475 16.6091
      vertex -15.3713 6.87566 18.2168
      vertex -15.3713 5.45724 17.1086
    endloop
  endfacet
  facet normal -0.12533 -0.610815 0.781791
    outer loop
      vertex 1.98604 10.2151 11.0189
      vertex 2.77558 11.5721 12.2057
      vertex 1.98604 11.6335 12.1271
    endloop
  endfacet
  facet normal -0.12533 -0.610815 0.781791
    outer loop
      vertex 2.77558 11.5721 12.2057
      vertex 1.98604 10.2151 11.0189
      vertex 2.77558 10.1537 11.0975
    endloop
  endfacet
  facet normal -0.328815 -0.581443 0.744181
    outer loop
      vertex 5.87132 9.70663 11.6697
      vertex 6.62287 10.9639 12.9841
      vertex 5.87132 11.125 12.7779
    endloop
  endfacet
  facet normal -0.328835 -0.581431 0.744181
    outer loop
      vertex 6.62287 10.9639 12.9841
      vertex 5.87132 9.70663 11.6697
      vertex 6.62287 9.5455 11.8759
    endloop
  endfacet
  facet normal -0.770566 0.3924 -0.502245
    outer loop
      vertex 14.8902 -8.68434 35.209
      vertex 14.7736 -7.35269 36.4283
      vertex 14.8902 -7.26592 36.3172
    endloop
  endfacet
  facet normal -0.770495 0.392462 -0.502306
    outer loop
      vertex 14.3829 -9.06185 35.6922
      vertex 14.7736 -7.35269 36.4283
      vertex 14.8902 -8.68434 35.209
    endloop
  endfacet
  facet normal -0.770474 0.392468 -0.502333
    outer loop
      vertex 14.7736 -7.35269 36.4283
      vertex 14.3829 -9.06185 35.6922
      vertex 14.3829 -7.64343 36.8004
    endloop
  endfacet
  facet normal -0.743134 0.411968 -0.52729
    outer loop
      vertex 14.3829 -9.06185 35.6922
      vertex 13.8504 -8.00754 37.2664
      vertex 14.3829 -7.64343 36.8004
    endloop
  endfacet
  facet normal -0.743175 0.411918 -0.527271
    outer loop
      vertex 13.8504 -8.00754 37.2664
      vertex 14.3829 -9.06185 35.6922
      vertex 13.8504 -9.42595 36.1583
    endloop
  endfacet
  facet normal -0.821203 0.351321 -0.449667
    outer loop
      vertex 15.8255 -7.89175 34.1946
      vertex 15.5733 -6.69678 35.5888
      vertex 15.8255 -6.47333 35.3028
    endloop
  endfacet
  facet normal -0.821124 0.351417 -0.449735
    outer loop
      vertex 15.3713 -8.29408 34.7095
      vertex 15.5733 -6.69678 35.5888
      vertex 15.8255 -7.89175 34.1946
    endloop
  endfacet
  facet normal -0.821025 0.351478 -0.449868
    outer loop
      vertex 15.5733 -6.69678 35.5888
      vertex 15.3713 -8.29408 34.7095
      vertex 15.3713 -6.87566 35.8177
    endloop
  endfacet
  facet normal -0.866031 0.307828 -0.393996
    outer loop
      vertex 16.6498 -7.05376 33.122
      vertex 16.2519 -6.05966 34.7733
      vertex 16.6498 -5.63535 34.2302
    endloop
  endfacet
  facet normal -0.866033 0.307825 -0.393994
    outer loop
      vertex 16.2519 -6.05966 34.7733
      vertex 16.6498 -7.05376 33.122
      vertex 16.2519 -7.47808 33.6651
    endloop
  endfacet
  facet normal -0.904761 0.262224 -0.335629
    outer loop
      vertex 17.2294 -6.34371 32.2132
      vertex 17.0185 -5.20115 33.6744
      vertex 17.2294 -4.92529 33.3214
    endloop
  endfacet
  facet normal -0.904761 0.262224 -0.335629
    outer loop
      vertex 17.0185 -5.20115 33.6744
      vertex 17.2294 -6.34371 32.2132
      vertex 17.0185 -6.61957 32.5662
    endloop
  endfacet
  facet normal -0.0836056 0.613514 -0.785245
    outer loop
      vertex 1.19302 -11.6745 41.9599
      vertex 1.98604 -13.0519 40.7993
      vertex 1.19302 -13.0929 40.8517
    endloop
  endfacet
  facet normal -0.0836056 0.613514 -0.785245
    outer loop
      vertex 1.98604 -13.0519 40.7993
      vertex 1.19302 -11.6745 41.9599
      vertex 1.98604 -11.6335 41.9075
    endloop
  endfacet
  facet normal -0.288977 0.589403 -0.754385
    outer loop
      vertex 5.10948 -11.2667 41.4379
      vertex 5.87132 -12.5435 40.1485
      vertex 5.10948 -12.6851 40.3297
    endloop
  endfacet
  facet normal -0.289048 0.589364 -0.754388
    outer loop
      vertex 5.87132 -12.5435 40.1485
      vertex 5.10948 -11.2667 41.4379
      vertex 5.87132 -11.125 41.2567
    endloop
  endfacet
  facet normal -0.248698 0.596326 -0.763246
    outer loop
      vertex 4.33867 -11.3885 41.5939
      vertex 5.10948 -12.6851 40.3297
      vertex 4.33867 -12.8069 40.4857
    endloop
  endfacet
  facet normal -0.248698 0.596326 -0.763246
    outer loop
      vertex 5.10948 -12.6851 40.3297
      vertex 4.33867 -11.3885 41.5939
      vertex 5.10948 -11.2667 41.4379
    endloop
  endfacet
  facet normal -0.12533 0.610815 -0.781791
    outer loop
      vertex 1.98604 -11.6335 41.9075
      vertex 2.77558 -12.9905 40.7207
      vertex 1.98604 -13.0519 40.7993
    endloop
  endfacet
  facet normal -0.12533 0.610815 -0.781791
    outer loop
      vertex 2.77558 -12.9905 40.7207
      vertex 1.98604 -11.6335 41.9075
      vertex 2.77558 -11.5721 41.8289
    endloop
  endfacet
  facet normal -0.0419014 0.615129 -0.787312
    outer loop
      vertex 0.397905 -11.695 41.9862
      vertex 1.19302 -13.0929 40.8517
      vertex 0.397905 -13.1134 40.878
    endloop
  endfacet
  facet normal -0.0419014 0.615129 -0.787312
    outer loop
      vertex 1.19302 -13.0929 40.8517
      vertex 0.397905 -11.695 41.9862
      vertex 1.19302 -11.6745 41.9599
    endloop
  endfacet
  facet normal -0.368121 0.572404 -0.732694
    outer loop
      vertex 6.62287 -10.9639 41.0504
      vertex 7.3628 -12.202 39.7114
      vertex 6.62287 -12.3823 39.9423
    endloop
  endfacet
  facet normal -0.368035 0.572457 -0.732696
    outer loop
      vertex 7.3628 -12.202 39.7114
      vertex 6.62287 -10.9639 41.0504
      vertex 7.3628 -10.7836 40.8196
    endloop
  endfacet
  facet normal -0.518057 0.526611 -0.674016
    outer loop
      vertex 9.5 -10.1304 39.9836
      vertex 10.1807 -11.295 38.5505
      vertex 9.5 -11.5488 38.8754
    endloop
  endfacet
  facet normal -0.518069 0.526602 -0.674014
    outer loop
      vertex 10.1807 -11.295 38.5505
      vertex 9.5 -10.1304 39.9836
      vertex 10.1807 -9.87658 39.6587
    endloop
  endfacet
  facet normal -0.48157 0.539578 -0.690613
    outer loop
      vertex 9.5 -11.5488 38.8754
      vertex 9.14942 -10.249 40.1354
      vertex 9.5 -10.1304 39.9836
    endloop
  endfacet
  facet normal -0.481721 0.539527 -0.690547
    outer loop
      vertex 8.80262 -10.3664 40.2857
      vertex 9.5 -11.5488 38.8754
      vertex 8.80262 -11.7848 39.1775
    endloop
  endfacet
  facet normal -0.481874 0.539415 -0.690529
    outer loop
      vertex 9.5 -11.5488 38.8754
      vertex 8.80262 -10.3664 40.2857
      vertex 9.14942 -10.249 40.1354
    endloop
  endfacet
  facet normal -0.553318 0.51283 -0.656387
    outer loop
      vertex 10.1807 -9.87658 39.6587
      vertex 10.8436 -11.0239 38.2035
      vertex 10.1807 -11.295 38.5505
    endloop
  endfacet
  facet normal -0.553334 0.512817 -0.656384
    outer loop
      vertex 10.8436 -11.0239 38.2035
      vertex 10.1807 -9.87658 39.6587
      vertex 10.8436 -9.60545 39.3117
    endloop
  endfacet
  facet normal -0.684571 0.448786 -0.574416
    outer loop
      vertex 13.2936 -9.77601 36.6063
      vertex 12.7135 -8.69299 38.1438
      vertex 13.2936 -8.35759 37.7145
    endloop
  endfacet
  facet normal -0.684567 0.448791 -0.574417
    outer loop
      vertex 12.7135 -8.69299 38.1438
      vertex 13.2936 -9.77601 36.6063
      vertex 12.7135 -10.1114 37.0356
    endloop
  endfacet
  facet normal 0.99452 0.0643643 -0.0823821
    outer loop
      vertex -18.8502 -1.46609 28.8938
      vertex -18.9334 -2.39725 27.1619
      vertex -18.9334 -0.978827 28.2701
    endloop
  endfacet
  facet normal 0.99452 0.0643646 -0.0823822
    outer loop
      vertex -18.9334 -2.39725 27.1619
      vertex -18.8502 -1.46609 28.8938
      vertex -18.8502 -2.88451 27.7856
    endloop
  endfacet
  facet normal 0.714494 0.430722 -0.551341
    outer loop
      vertex -13.2936 -8.35759 37.7145
      vertex -13.8504 -9.42595 36.1583
      vertex -13.8504 -8.00754 37.2664
    endloop
  endfacet
  facet normal 0.714449 0.430773 -0.551359
    outer loop
      vertex -13.8504 -9.42595 36.1583
      vertex -13.2936 -8.35759 37.7145
      vertex -13.2936 -9.77601 36.6063
    endloop
  endfacet
  facet normal 0.84434 0.329878 -0.422221
    outer loop
      vertex -15.8255 -6.47333 35.3028
      vertex -16.2519 -7.47808 33.6651
      vertex -16.2519 -6.05966 34.7733
    endloop
  endfacet
  facet normal 0.84434 0.329878 -0.422221
    outer loop
      vertex -16.2519 -7.47808 33.6651
      vertex -15.8255 -6.47333 35.3028
      vertex -15.8255 -7.89175 34.1946
    endloop
  endfacet
  facet normal 0.904794 0.262181 -0.335574
    outer loop
      vertex -17.0185 -5.20115 33.6744
      vertex -17.3574 -6.17625 31.9988
      vertex -17.3574 -4.75783 33.107
    endloop
  endfacet
  facet normal 0.904794 0.262181 -0.335574
    outer loop
      vertex -17.3574 -6.17625 31.9988
      vertex -17.0185 -5.20115 33.6744
      vertex -17.0185 -6.61957 32.5662
    endloop
  endfacet
  facet normal 0.921858 0.238588 -0.305376
    outer loop
      vertex -17.3574 -4.75783 33.107
      vertex -17.6658 -5.72458 31.4207
      vertex -17.6658 -4.30616 32.5289
    endloop
  endfacet
  facet normal 0.921858 0.238588 -0.305376
    outer loop
      vertex -17.6658 -5.72458 31.4207
      vertex -17.3574 -4.75783 33.107
      vertex -17.3574 -6.17625 31.9988
    endloop
  endfacet
  facet normal 0.937325 0.214533 -0.274587
    outer loop
      vertex -17.6658 -4.30616 32.5289
      vertex -17.9431 -5.26536 30.8329
      vertex -17.9431 -3.84694 31.9411
    endloop
  endfacet
  facet normal 0.937325 0.214533 -0.274587
    outer loop
      vertex -17.9431 -5.26536 30.8329
      vertex -17.6658 -4.30616 32.5289
      vertex -17.6658 -5.72458 31.4207
    endloop
  endfacet
  facet normal 0.982292 0.115349 -0.147639
    outer loop
      vertex -18.5848 -2.43206 30.1302
      vertex -18.7339 -3.36921 28.406
      vertex -18.7339 -1.95079 29.5142
    endloop
  endfacet
  facet normal 0.982292 0.115349 -0.147639
    outer loop
      vertex -18.7339 -3.36921 28.406
      vertex -18.5848 -2.43206 30.1302
      vertex -18.5848 -3.85048 29.022
    endloop
  endfacet
  facet normal 0.998032 0.0386033 -0.0494095
    outer loop
      vertex -18.9334 -0.978827 28.2701
      vertex -18.9833 -1.90826 26.536
      vertex -18.9833 -0.489843 27.6442
    endloop
  endfacet
  facet normal 0.998032 0.038603 -0.0494093
    outer loop
      vertex -18.9833 -1.90826 26.536
      vertex -18.9334 -0.978827 28.2701
      vertex -18.9334 -2.39725 27.1619
    endloop
  endfacet
  facet normal 0.481721 0.539527 -0.690547
    outer loop
      vertex -9.5 -11.5488 38.8754
      vertex -8.80262 -10.3664 40.2857
      vertex -8.80262 -11.7848 39.1775
    endloop
  endfacet
  facet normal 0.481874 0.539415 -0.690529
    outer loop
      vertex -8.80262 -10.3664 40.2857
      vertex -9.5 -11.5488 38.8754
      vertex -9.14942 -10.249 40.1354
    endloop
  endfacet
  facet normal 0.48157 0.539578 -0.690613
    outer loop
      vertex -9.14942 -10.249 40.1354
      vertex -9.5 -11.5488 38.8754
      vertex -9.5 -10.1304 39.9836
    endloop
  endfacet
  facet normal 0.518057 0.526611 -0.674016
    outer loop
      vertex -10.1807 -11.295 38.5505
      vertex -9.5 -10.1304 39.9836
      vertex -9.5 -11.5488 38.8754
    endloop
  endfacet
  facet normal 0.518069 0.526602 -0.674014
    outer loop
      vertex -9.5 -10.1304 39.9836
      vertex -10.1807 -11.295 38.5505
      vertex -10.1807 -9.87658 39.6587
    endloop
  endfacet
  facet normal 0.587804 0.498068 -0.637506
    outer loop
      vertex -11.4874 -10.7359 37.8349
      vertex -10.8436 -9.60545 39.3117
      vertex -10.8436 -11.0239 38.2035
    endloop
  endfacet
  facet normal 0.587799 0.498072 -0.637508
    outer loop
      vertex -10.8436 -9.60545 39.3117
      vertex -11.4874 -10.7359 37.8349
      vertex -11.4874 -9.31746 38.9431
    endloop
  endfacet
  facet normal 0.368121 0.572404 -0.732694
    outer loop
      vertex -7.3628 -12.202 39.7114
      vertex -6.62287 -10.9639 41.0504
      vertex -6.62287 -12.3823 39.9423
    endloop
  endfacet
  facet normal 0.368035 0.572457 -0.732696
    outer loop
      vertex -6.62287 -10.9639 41.0504
      vertex -7.3628 -12.202 39.7114
      vertex -7.3628 -10.7836 40.8196
    endloop
  endfacet
  facet normal 0.20795 0.602211 -0.770778
    outer loop
      vertex -4.33867 -12.8069 40.4857
      vertex -3.56024 -11.4904 41.7243
      vertex -3.56024 -12.9088 40.6161
    endloop
  endfacet
  facet normal 0.20795 0.602211 -0.770778
    outer loop
      vertex -3.56024 -11.4904 41.7243
      vertex -4.33867 -12.8069 40.4857
      vertex -4.33867 -11.3885 41.5939
    endloop
  endfacet
  facet normal 0.288977 0.589403 -0.754385
    outer loop
      vertex -5.87132 -12.5435 40.1485
      vertex -5.10948 -11.2667 41.4379
      vertex -5.10948 -12.6851 40.3297
    endloop
  endfacet
  facet normal 0.289048 0.589364 -0.754388
    outer loop
      vertex -5.10948 -11.2667 41.4379
      vertex -5.87132 -12.5435 40.1485
      vertex -5.87132 -11.125 41.2567
    endloop
  endfacet
  facet normal 0.166781 0.607047 -0.776967
    outer loop
      vertex -3.56024 -12.9088 40.6161
      vertex -2.77558 -11.5721 41.8289
      vertex -2.77558 -12.9905 40.7207
    endloop
  endfacet
  facet normal 0.166781 0.607047 -0.776967
    outer loop
      vertex -2.77558 -11.5721 41.8289
      vertex -3.56024 -12.9088 40.6161
      vertex -3.56024 -11.4904 41.7243
    endloop
  endfacet
  facet normal 0.0419014 0.615129 -0.787312
    outer loop
      vertex -1.19302 -13.0929 40.8517
      vertex -0.397905 -11.695 41.9862
      vertex -0.397905 -13.1134 40.878
    endloop
  endfacet
  facet normal 0.0419014 0.615129 -0.787312
    outer loop
      vertex -0.397905 -11.695 41.9862
      vertex -1.19302 -13.0929 40.8517
      vertex -1.19302 -11.6745 41.9599
    endloop
  endfacet
  facet normal -0.743134 -0.411968 0.52729
    outer loop
      vertex 13.8504 6.58912 15.6599
      vertex 14.3829 7.64343 17.2341
      vertex 13.8504 8.00754 16.7681
    endloop
  endfacet
  facet normal -0.743134 -0.411968 0.52729
    outer loop
      vertex 14.3829 7.64343 17.2341
      vertex 13.8504 6.58912 15.6599
      vertex 14.3829 6.22501 16.1259
    endloop
  endfacet
  facet normal -0.406776 -0.562385 0.7199
    outer loop
      vertex 7.3628 9.36514 12.1068
      vertex 8.08981 10.5843 13.47
      vertex 7.3628 10.7836 13.2149
    endloop
  endfacet
  facet normal -0.40668 -0.562448 0.719905
    outer loop
      vertex 8.08981 10.5843 13.47
      vertex 7.3628 9.36514 12.1068
      vertex 8.08981 9.16586 12.3618
    endloop
  endfacet
  facet normal 0.743134 -0.411968 0.52729
    outer loop
      vertex -14.3829 7.64343 17.2341
      vertex -13.8504 6.58912 15.6599
      vertex -13.8504 8.00754 16.7681
    endloop
  endfacet
  facet normal 0.743134 -0.411968 0.52729
    outer loop
      vertex -13.8504 6.58912 15.6599
      vertex -14.3829 7.64343 17.2341
      vertex -14.3829 6.22501 16.1259
    endloop
  endfacet
  facet normal 0.973589 -0.140561 0.179908
    outer loop
      vertex -18.5848 2.43206 23.9044
      vertex -18.4031 1.49065 22.1856
      vertex -18.4031 2.90907 23.2938
    endloop
  endfacet
  facet normal 0.973589 -0.140561 0.179908
    outer loop
      vertex -18.4031 1.49065 22.1856
      vertex -18.5848 2.43206 23.9044
      vertex -18.5848 1.01364 22.7962
    endloop
  endfacet
  facet normal 0.921858 -0.238588 0.305376
    outer loop
      vertex -17.6658 4.30616 21.5056
      vertex -17.3574 3.33941 19.8193
      vertex -17.3574 4.75783 20.9275
    endloop
  endfacet
  facet normal 0.921858 -0.238588 0.305376
    outer loop
      vertex -17.3574 3.33941 19.8193
      vertex -17.6658 4.30616 21.5056
      vertex -17.6658 2.88774 20.3974
    endloop
  endfacet
  facet normal -0.166781 -0.607047 0.776967
    outer loop
      vertex 2.77558 10.1537 11.0975
      vertex 3.56024 11.4904 12.3103
      vertex 2.77558 11.5721 12.2057
    endloop
  endfacet
  facet normal -0.166781 -0.607047 0.776967
    outer loop
      vertex 3.56024 11.4904 12.3103
      vertex 2.77558 10.1537 11.0975
      vertex 3.56024 10.072 11.2021
    endloop
  endfacet
  facet normal -0.796555 0.37221 -0.476404
    outer loop
      vertex 15.3713 -8.29408 34.7095
      vertex 14.8902 -7.26592 36.3172
      vertex 15.3713 -6.87566 35.8177
    endloop
  endfacet
  facet normal -0.796555 0.37221 -0.476404
    outer loop
      vertex 14.8902 -7.26592 36.3172
      vertex 15.3713 -8.29408 34.7095
      vertex 14.8902 -8.68434 35.209
    endloop
  endfacet
  facet normal -0.84434 0.329878 -0.422221
    outer loop
      vertex 16.2519 -7.47808 33.6651
      vertex 15.8255 -6.47333 35.3028
      vertex 16.2519 -6.05966 34.7733
    endloop
  endfacet
  facet normal -0.84434 0.329878 -0.422221
    outer loop
      vertex 15.8255 -6.47333 35.3028
      vertex 16.2519 -7.47808 33.6651
      vertex 15.8255 -7.89175 34.1946
    endloop
  endfacet
  facet normal -0.886214 0.285223 -0.365065
    outer loop
      vertex 17.0185 -6.61957 32.5662
      vertex 16.6498 -5.63535 34.2302
      vertex 17.0185 -5.20115 33.6744
    endloop
  endfacet
  facet normal -0.886212 0.285226 -0.365067
    outer loop
      vertex 16.6498 -5.63535 34.2302
      vertex 17.0185 -6.61957 32.5662
      vertex 16.6498 -7.05376 33.122
    endloop
  endfacet
  facet normal -0.328918 0.581381 -0.744184
    outer loop
      vertex 6.62287 -12.3823 39.9423
      vertex 6.20763 -11.0529 41.1644
      vertex 6.62287 -10.9639 41.0504
    endloop
  endfacet
  facet normal -0.328884 0.581395 -0.744188
    outer loop
      vertex 5.87132 -11.125 41.2567
      vertex 6.62287 -12.3823 39.9423
      vertex 5.87132 -12.5435 40.1485
    endloop
  endfacet
  facet normal -0.328884 0.581395 -0.744188
    outer loop
      vertex 6.62287 -12.3823 39.9423
      vertex 5.87132 -11.125 41.2567
      vertex 6.20763 -11.0529 41.1644
    endloop
  endfacet
  facet normal -0.166781 0.607047 -0.776967
    outer loop
      vertex 2.77558 -11.5721 41.8289
      vertex 3.56024 -12.9088 40.6161
      vertex 2.77558 -12.9905 40.7207
    endloop
  endfacet
  facet normal -0.166781 0.607047 -0.776967
    outer loop
      vertex 3.56024 -12.9088 40.6161
      vertex 2.77558 -11.5721 41.8289
      vertex 3.56024 -11.4904 41.7243
    endloop
  endfacet
  facet normal -0.20795 0.602211 -0.770778
    outer loop
      vertex 3.56024 -11.4904 41.7243
      vertex 4.33867 -12.8069 40.4857
      vertex 3.56024 -12.9088 40.6161
    endloop
  endfacet
  facet normal -0.20795 0.602211 -0.770778
    outer loop
      vertex 4.33867 -12.8069 40.4857
      vertex 3.56024 -11.4904 41.7243
      vertex 4.33867 -11.3885 41.5939
    endloop
  endfacet
  facet normal -0.444643 0.55146 -0.705821
    outer loop
      vertex 8.08981 -10.5843 40.5645
      vertex 8.80262 -11.7848 39.1775
      vertex 8.08981 -12.0027 39.4563
    endloop
  endfacet
  facet normal -0.444643 0.55146 -0.705821
    outer loop
      vertex 8.80262 -11.7848 39.1775
      vertex 8.08981 -10.5843 40.5645
      vertex 8.80262 -10.3664 40.2857
    endloop
  endfacet
  facet normal -0.406776 0.562432 -0.719864
    outer loop
      vertex 7.3628 -10.7836 40.8196
      vertex 8.08981 -12.0027 39.4563
      vertex 7.3628 -12.202 39.7114
    endloop
  endfacet
  facet normal -0.406776 0.562432 -0.719864
    outer loop
      vertex 8.08981 -12.0027 39.4563
      vertex 7.3628 -10.7836 40.8196
      vertex 8.08981 -10.5843 40.5645
    endloop
  endfacet
  facet normal -0.621175 0.482442 -0.61757
    outer loop
      vertex 12.1111 -10.4316 37.4454
      vertex 11.4874 -9.31746 38.9431
      vertex 12.1111 -9.01313 38.5535
    endloop
  endfacet
  facet normal -0.6211 0.482512 -0.61759
    outer loop
      vertex 11.4874 -9.31746 38.9431
      vertex 12.1111 -10.4316 37.4454
      vertex 11.4874 -10.7359 37.8349
    endloop
  endfacet
  facet normal -0.587804 0.498068 -0.637506
    outer loop
      vertex 10.8436 -9.60545 39.3117
      vertex 11.4874 -10.7359 37.8349
      vertex 10.8436 -11.0239 38.2035
    endloop
  endfacet
  facet normal -0.587799 0.498072 -0.637508
    outer loop
      vertex 11.4874 -10.7359 37.8349
      vertex 10.8436 -9.60545 39.3117
      vertex 11.4874 -9.31746 38.9431
    endloop
  endfacet
  facet normal 0.796555 0.37221 -0.476404
    outer loop
      vertex -14.8902 -7.26592 36.3172
      vertex -15.3713 -8.29408 34.7095
      vertex -15.3713 -6.87566 35.8177
    endloop
  endfacet
  facet normal 0.796555 0.37221 -0.476404
    outer loop
      vertex -15.3713 -8.29408 34.7095
      vertex -14.8902 -7.26592 36.3172
      vertex -14.8902 -8.68434 35.209
    endloop
  endfacet
  facet normal 0.770474 0.392468 -0.502333
    outer loop
      vertex -14.3829 -9.06185 35.6922
      vertex -14.7736 -7.35269 36.4283
      vertex -14.3829 -7.64343 36.8004
    endloop
  endfacet
  facet normal 0.770566 0.3924 -0.502245
    outer loop
      vertex -14.7736 -7.35269 36.4283
      vertex -14.8902 -8.68434 35.209
      vertex -14.8902 -7.26592 36.3172
    endloop
  endfacet
  facet normal 0.770495 0.392462 -0.502306
    outer loop
      vertex -14.7736 -7.35269 36.4283
      vertex -14.3829 -9.06185 35.6922
      vertex -14.8902 -8.68434 35.209
    endloop
  endfacet
  facet normal 0.743134 0.411968 -0.52729
    outer loop
      vertex -13.8504 -8.00754 37.2664
      vertex -14.3829 -9.06185 35.6922
      vertex -14.3829 -7.64343 36.8004
    endloop
  endfacet
  facet normal 0.743175 0.411918 -0.527271
    outer loop
      vertex -14.3829 -9.06185 35.6922
      vertex -13.8504 -8.00754 37.2664
      vertex -13.8504 -9.42595 36.1583
    endloop
  endfacet
  facet normal 0.866031 0.307828 -0.393996
    outer loop
      vertex -16.2519 -6.05966 34.7733
      vertex -16.6498 -7.05376 33.122
      vertex -16.6498 -5.63535 34.2302
    endloop
  endfacet
  facet normal 0.866033 0.307825 -0.393994
    outer loop
      vertex -16.6498 -7.05376 33.122
      vertex -16.2519 -6.05966 34.7733
      vertex -16.2519 -7.47808 33.6651
    endloop
  endfacet
  facet normal 0.886214 0.285223 -0.365065
    outer loop
      vertex -16.6498 -5.63535 34.2302
      vertex -17.0185 -6.61957 32.5662
      vertex -17.0185 -5.20115 33.6744
    endloop
  endfacet
  facet normal 0.886212 0.285226 -0.365067
    outer loop
      vertex -17.0185 -6.61957 32.5662
      vertex -16.6498 -5.63535 34.2302
      vertex -16.6498 -7.05376 33.122
    endloop
  endfacet
  facet normal 0.96318 0.165526 -0.211861
    outer loop
      vertex -18.1891 -4.79939 30.2365
      vertex -18.2161 -3.32139 31.2685
      vertex -18.1891 -3.38097 31.3447
    endloop
  endfacet
  facet normal 0.963163 0.165564 -0.21191
    outer loop
      vertex -18.2161 -3.32139 31.2685
      vertex -18.4031 -4.32749 29.6325
      vertex -18.4031 -2.90907 30.7407
    endloop
  endfacet
  facet normal 0.963165 0.165556 -0.211906
    outer loop
      vertex -18.2161 -3.32139 31.2685
      vertex -18.1891 -4.79939 30.2365
      vertex -18.4031 -4.32749 29.6325
    endloop
  endfacet
  facet normal 0.951025 0.19031 -0.243584
    outer loop
      vertex -17.9431 -3.84694 31.9411
      vertex -18.1891 -4.79939 30.2365
      vertex -18.1891 -3.38097 31.3447
    endloop
  endfacet
  facet normal 0.951025 0.19031 -0.243584
    outer loop
      vertex -18.1891 -4.79939 30.2365
      vertex -17.9431 -3.84694 31.9411
      vertex -17.9431 -5.26536 30.8329
    endloop
  endfacet
  facet normal 0.989265 0.0899705 -0.115156
    outer loop
      vertex -18.7339 -1.95079 29.5142
      vertex -18.8502 -2.88451 27.7856
      vertex -18.8502 -1.46609 28.8938
    endloop
  endfacet
  facet normal 0.989265 0.0899705 -0.115156
    outer loop
      vertex -18.8502 -2.88451 27.7856
      vertex -18.7339 -1.95079 29.5142
      vertex -18.7339 -3.36921 28.406
    endloop
  endfacet
  facet normal 0.444643 0.55146 -0.705821
    outer loop
      vertex -8.80262 -11.7848 39.1775
      vertex -8.08981 -10.5843 40.5645
      vertex -8.08981 -12.0027 39.4563
    endloop
  endfacet
  facet normal 0.444643 0.55146 -0.705821
    outer loop
      vertex -8.08981 -10.5843 40.5645
      vertex -8.80262 -11.7848 39.1775
      vertex -8.80262 -10.3664 40.2857
    endloop
  endfacet
  facet normal 0.406776 0.562432 -0.719864
    outer loop
      vertex -8.08981 -12.0027 39.4563
      vertex -7.3628 -10.7836 40.8196
      vertex -7.3628 -12.202 39.7114
    endloop
  endfacet
  facet normal 0.406776 0.562432 -0.719864
    outer loop
      vertex -7.3628 -10.7836 40.8196
      vertex -8.08981 -12.0027 39.4563
      vertex -8.08981 -10.5843 40.5645
    endloop
  endfacet
  facet normal 0.248698 0.596326 -0.763246
    outer loop
      vertex -5.10948 -12.6851 40.3297
      vertex -4.33867 -11.3885 41.5939
      vertex -4.33867 -12.8069 40.4857
    endloop
  endfacet
  facet normal 0.248698 0.596326 -0.763246
    outer loop
      vertex -4.33867 -11.3885 41.5939
      vertex -5.10948 -12.6851 40.3297
      vertex -5.10948 -11.2667 41.4379
    endloop
  endfacet
  facet normal -0.653502 -0.466012 0.596463
    outer loop
      vertex 12.1111 7.59471 14.3728
      vertex 12.3789 8.87079 15.6632
      vertex 12.1111 9.01313 15.481
    endloop
  endfacet
  facet normal -0.653454 -0.466047 0.596488
    outer loop
      vertex 12.7135 7.27457 14.7826
      vertex 12.3789 8.87079 15.6632
      vertex 12.1111 7.59471 14.3728
    endloop
  endfacet
  facet normal -0.653314 -0.466085 0.596611
    outer loop
      vertex 12.3789 8.87079 15.6632
      vertex 12.7135 7.27457 14.7826
      vertex 12.7135 8.69299 15.8907
    endloop
  endfacet
  facet normal -0.517996 -0.526627 0.674051
    outer loop
      vertex 9.5 8.71197 12.9428
      vertex 10.1807 9.87658 14.3758
      vertex 9.5 10.1304 14.051
    endloop
  endfacet
  facet normal -0.517991 -0.526631 0.674052
    outer loop
      vertex 10.1807 9.87658 14.3758
      vertex 9.5 8.71197 12.9428
      vertex 10.1807 8.45816 13.2676
    endloop
  endfacet
  facet normal 0.684571 -0.448761 0.574435
    outer loop
      vertex -13.2936 8.35759 16.32
      vertex -12.7135 7.27457 14.7826
      vertex -12.7135 8.69299 15.8907
    endloop
  endfacet
  facet normal 0.684518 -0.448817 0.574455
    outer loop
      vertex -12.7135 7.27457 14.7826
      vertex -13.2936 8.35759 16.32
      vertex -13.2936 6.93917 15.2118
    endloop
  endfacet
  facet normal 0.714483 -0.430751 0.551332
    outer loop
      vertex -13.8504 6.58912 15.6599
      vertex -13.3639 8.3134 16.3766
      vertex -13.8504 8.00754 16.7681
    endloop
  endfacet
  facet normal 0.714568 -0.430698 0.551264
    outer loop
      vertex -13.3639 8.3134 16.3766
      vertex -13.2936 6.93917 15.2118
      vertex -13.2936 8.35759 16.32
    endloop
  endfacet
  facet normal 0.714494 -0.430749 0.55132
    outer loop
      vertex -13.3639 8.3134 16.3766
      vertex -13.8504 6.58912 15.6599
      vertex -13.2936 6.93917 15.2118
    endloop
  endfacet
  facet normal 0.84434 -0.329879 0.42222
    outer loop
      vertex -16.2519 6.05966 19.2613
      vertex -15.8255 5.05492 17.6236
      vertex -15.8255 6.47333 18.7318
    endloop
  endfacet
  facet normal 0.844342 -0.329876 0.422218
    outer loop
      vertex -15.8255 5.05492 17.6236
      vertex -16.2519 6.05966 19.2613
      vertex -16.2519 4.64124 18.1531
    endloop
  endfacet
  facet normal 0.821156 -0.351362 0.449719
    outer loop
      vertex -15.8255 6.47333 18.7318
      vertex -15.3713 5.45724 17.1086
      vertex -15.3713 6.87566 18.2168
    endloop
  endfacet
  facet normal 0.821153 -0.351366 0.449721
    outer loop
      vertex -15.3713 5.45724 17.1086
      vertex -15.8255 6.47333 18.7318
      vertex -15.8255 5.05492 17.6236
    endloop
  endfacet
  facet normal 0.904794 -0.262181 0.335574
    outer loop
      vertex -17.3574 4.75783 20.9275
      vertex -17.0185 3.78273 19.2519
      vertex -17.0185 5.20115 20.3601
    endloop
  endfacet
  facet normal 0.904794 -0.262181 0.335574
    outer loop
      vertex -17.0185 3.78273 19.2519
      vertex -17.3574 4.75783 20.9275
      vertex -17.3574 3.33941 19.8193
    endloop
  endfacet
  facet normal 0.937325 -0.214533 0.274587
    outer loop
      vertex -17.9431 3.84694 22.0934
      vertex -17.6658 2.88774 20.3974
      vertex -17.6658 4.30616 21.5056
    endloop
  endfacet
  facet normal 0.937325 -0.214533 0.274587
    outer loop
      vertex -17.6658 2.88774 20.3974
      vertex -17.9431 3.84694 22.0934
      vertex -17.9431 2.42852 20.9852
    endloop
  endfacet
  facet normal 0.963165 -0.165559 0.211904
    outer loop
      vertex -18.4031 2.90907 23.2938
      vertex -18.1891 1.96255 21.5816
      vertex -18.1891 3.38097 22.6898
    endloop
  endfacet
  facet normal 0.963165 -0.165559 0.211904
    outer loop
      vertex -18.1891 1.96255 21.5816
      vertex -18.4031 2.90907 23.2938
      vertex -18.4031 1.49065 22.1856
    endloop
  endfacet
  facet normal 0.994519 -0.0643709 0.0823901
    outer loop
      vertex -18.9334 0.978827 25.7644
      vertex -18.8502 0.0476747 24.0326
      vertex -18.8502 1.46609 25.1408
    endloop
  endfacet
  facet normal 0.994519 -0.0643706 0.0823899
    outer loop
      vertex -18.8502 0.0476747 24.0326
      vertex -18.9334 0.978827 25.7644
      vertex -18.9334 -0.439592 24.6562
    endloop
  endfacet
  facet normal -0.368035 -0.572457 0.732696
    outer loop
      vertex 6.62287 9.5455 11.8759
      vertex 7.3628 10.7836 13.2149
      vertex 6.62287 10.9639 12.9841
    endloop
  endfacet
  facet normal -0.368161 -0.572379 0.732693
    outer loop
      vertex 7.3628 10.7836 13.2149
      vertex 6.62287 9.5455 11.8759
      vertex 7.3628 9.36514 12.1068
    endloop
  endfacet
  facet normal -0.289138 -0.589358 0.754358
    outer loop
      vertex 5.10948 9.84824 11.4884
      vertex 5.87132 11.125 12.7779
      vertex 5.10948 11.2667 12.5966
    endloop
  endfacet
  facet normal -0.289075 -0.589393 0.754356
    outer loop
      vertex 5.87132 11.125 12.7779
      vertex 5.10948 9.84824 11.4884
      vertex 5.87132 9.70663 11.6697
    endloop
  endfacet
  facet normal -0.90479 -0.262186 0.33558
    outer loop
      vertex 17.0185 3.78273 19.2519
      vertex 17.2294 4.92529 20.7132
      vertex 17.0185 5.20115 20.3601
    endloop
  endfacet
  facet normal -0.90479 -0.262186 0.33558
    outer loop
      vertex 17.2294 4.92529 20.7132
      vertex 17.0185 3.78273 19.2519
      vertex 17.2294 3.50687 19.605
    endloop
  endfacet
  facet normal -0.770495 -0.392453 0.502313
    outer loop
      vertex 14.3829 6.22501 16.1259
      vertex 14.8902 7.26592 17.7173
      vertex 14.3829 7.64343 17.2341
    endloop
  endfacet
  facet normal -0.770495 -0.392453 0.502313
    outer loop
      vertex 14.8902 7.26592 17.7173
      vertex 14.3829 6.22501 16.1259
      vertex 14.8902 5.8475 16.6091
    endloop
  endfacet
  facet normal -0.821156 -0.351362 0.449719
    outer loop
      vertex 15.3713 5.45724 17.1086
      vertex 15.8255 6.47333 18.7318
      vertex 15.3713 6.87566 18.2168
    endloop
  endfacet
  facet normal -0.821153 -0.351366 0.449721
    outer loop
      vertex 15.8255 6.47333 18.7318
      vertex 15.3713 5.45724 17.1086
      vertex 15.8255 5.05492 17.6236
    endloop
  endfacet
  facet normal -0.587799 -0.498077 0.637504
    outer loop
      vertex 10.8436 8.18703 13.6147
      vertex 11.4874 9.31746 15.0915
      vertex 10.8436 9.60545 14.7229
    endloop
  endfacet
  facet normal -0.587799 -0.498077 0.637504
    outer loop
      vertex 11.4874 9.31746 15.0915
      vertex 10.8436 8.18703 13.6147
      vertex 11.4874 7.89904 13.9833
    endloop
  endfacet
  facet normal -0.481797 -0.539473 0.690536
    outer loop
      vertex 8.80262 8.94801 12.6407
      vertex 9.5 10.1304 14.051
      vertex 8.80262 10.3664 13.7488
    endloop
  endfacet
  facet normal -0.481745 -0.539512 0.690543
    outer loop
      vertex 9.5 10.1304 14.051
      vertex 8.80262 8.94801 12.6407
      vertex 9.5 8.71197 12.9428
    endloop
  endfacet
  facet normal 0.517996 -0.526627 0.674051
    outer loop
      vertex -10.1807 9.87658 14.3758
      vertex -9.5 8.71197 12.9428
      vertex -9.5 10.1304 14.051
    endloop
  endfacet
  facet normal 0.517991 -0.526631 0.674052
    outer loop
      vertex -9.5 8.71197 12.9428
      vertex -10.1807 9.87658 14.3758
      vertex -10.1807 8.45816 13.2676
    endloop
  endfacet
  facet normal 0.770495 -0.392453 0.502313
    outer loop
      vertex -14.8902 7.26592 17.7173
      vertex -14.3829 6.22501 16.1259
      vertex -14.3829 7.64343 17.2341
    endloop
  endfacet
  facet normal 0.770495 -0.392453 0.502313
    outer loop
      vertex -14.3829 6.22501 16.1259
      vertex -14.8902 7.26592 17.7173
      vertex -14.8902 5.8475 16.6091
    endloop
  endfacet
  facet normal 0.982292 -0.115349 0.147639
    outer loop
      vertex -18.7339 1.95079 24.5204
      vertex -18.5848 1.01364 22.7962
      vertex -18.5848 2.43206 23.9044
    endloop
  endfacet
  facet normal 0.982292 -0.115349 0.147639
    outer loop
      vertex -18.5848 1.01364 22.7962
      vertex -18.7339 1.95079 24.5204
      vertex -18.7339 0.53237 23.4122
    endloop
  endfacet
  facet normal 0.998032 -0.0386033 0.0494095
    outer loop
      vertex -18.9833 0.489843 26.3903
      vertex -18.9334 -0.439592 24.6562
      vertex -18.9334 0.978827 25.7644
    endloop
  endfacet
  facet normal 0.998032 -0.0386033 0.0494095
    outer loop
      vertex -18.9334 -0.439592 24.6562
      vertex -18.9833 0.489843 26.3903
      vertex -18.9833 -0.928576 25.2821
    endloop
  endfacet
  facet normal 0.99978 -0.0129193 0.0165358
    outer loop
      vertex -19 8.72764e-08 27.0173
      vertex -18.9833 -0.928576 25.2821
      vertex -18.9833 0.489843 26.3903
    endloop
  endfacet
  facet normal 0.99978 -0.0129192 0.0165357
    outer loop
      vertex -18.9833 -0.928576 25.2821
      vertex -19 8.72764e-08 27.0173
      vertex -19 -1.41842 25.9091
    endloop
  endfacet
  facet normal -0.886193 -0.285248 0.365098
    outer loop
      vertex 16.6498 4.21693 18.6962
      vertex 17.0185 5.20115 20.3601
      vertex 16.6498 5.63535 19.8044
    endloop
  endfacet
  facet normal -0.886193 -0.285248 0.365098
    outer loop
      vertex 17.0185 5.20115 20.3601
      vertex 16.6498 4.21693 18.6962
      vertex 17.0185 3.78273 19.2519
    endloop
  endfacet
  facet normal -0.866031 -0.307827 0.393997
    outer loop
      vertex 16.2519 4.64124 18.1531
      vertex 16.6498 5.63535 19.8044
      vertex 16.2519 6.05966 19.2613
    endloop
  endfacet
  facet normal -0.866031 -0.307827 0.393997
    outer loop
      vertex 16.6498 5.63535 19.8044
      vertex 16.2519 4.64124 18.1531
      vertex 16.6498 4.21693 18.6962
    endloop
  endfacet
  facet normal -0.621114 -0.482509 0.617578
    outer loop
      vertex 11.4874 7.89904 13.9833
      vertex 12.1111 9.01313 15.481
      vertex 11.4874 9.31746 15.0915
    endloop
  endfacet
  facet normal -0.621114 -0.482509 0.617578
    outer loop
      vertex 12.1111 9.01313 15.481
      vertex 11.4874 7.89904 13.9833
      vertex 12.1111 7.59471 14.3728
    endloop
  endfacet
  facet normal 0.083704 -0.613509 0.785239
    outer loop
      vertex -1.98604 11.6335 12.1271
      vertex -1.19302 10.2561 10.9664
      vertex -1.19302 11.6745 12.0746
    endloop
  endfacet
  facet normal 0.083704 -0.613509 0.785239
    outer loop
      vertex -1.19302 10.2561 10.9664
      vertex -1.98604 11.6335 12.1271
      vertex -1.98604 10.2151 11.0189
    endloop
  endfacet
  facet normal 0.0419014 -0.615095 0.787339
    outer loop
      vertex -1.19302 11.6745 12.0746
      vertex -0.397905 10.2766 10.9402
      vertex -0.397905 11.695 12.0483
    endloop
  endfacet
  facet normal 0.0418026 -0.615132 0.787315
    outer loop
      vertex -0.397905 10.2766 10.9402
      vertex -1.19302 11.6745 12.0746
      vertex -1.19302 10.2561 10.9664
    endloop
  endfacet
  facet normal 0.406776 -0.562385 0.7199
    outer loop
      vertex -8.08981 10.5843 13.47
      vertex -7.3628 9.36514 12.1068
      vertex -7.3628 10.7836 13.2149
    endloop
  endfacet
  facet normal 0.40668 -0.562448 0.719905
    outer loop
      vertex -7.3628 9.36514 12.1068
      vertex -8.08981 10.5843 13.47
      vertex -8.08981 9.16586 12.3618
    endloop
  endfacet
  facet normal 0.866031 -0.307827 0.393997
    outer loop
      vertex -16.6498 5.63535 19.8044
      vertex -16.2519 4.64124 18.1531
      vertex -16.2519 6.05966 19.2613
    endloop
  endfacet
  facet normal 0.866031 -0.307827 0.393997
    outer loop
      vertex -16.2519 4.64124 18.1531
      vertex -16.6498 5.63535 19.8044
      vertex -16.6498 4.21693 18.6962
    endloop
  endfacet
  facet normal 0.886193 -0.285248 0.365098
    outer loop
      vertex -17.0185 5.20115 20.3601
      vertex -16.6498 4.21693 18.6962
      vertex -16.6498 5.63535 19.8044
    endloop
  endfacet
  facet normal 0.886193 -0.285248 0.365098
    outer loop
      vertex -16.6498 4.21693 18.6962
      vertex -17.0185 5.20115 20.3601
      vertex -17.0185 3.78273 19.2519
    endloop
  endfacet
  facet normal 0.951025 -0.19031 0.243584
    outer loop
      vertex -18.1891 3.38097 22.6898
      vertex -17.9431 2.42852 20.9852
      vertex -17.9431 3.84694 22.0934
    endloop
  endfacet
  facet normal 0.951025 -0.19031 0.243584
    outer loop
      vertex -17.9431 2.42852 20.9852
      vertex -18.1891 3.38097 22.6898
      vertex -18.1891 1.96255 21.5816
    endloop
  endfacet
  facet normal 0.989265 -0.0899705 0.115156
    outer loop
      vertex -18.8502 1.46609 25.1408
      vertex -18.7339 0.53237 23.4122
      vertex -18.7339 1.95079 24.5204
    endloop
  endfacet
  facet normal 0.989265 -0.089971 0.115156
    outer loop
      vertex -18.7339 0.53237 23.4122
      vertex -18.8502 1.46609 25.1408
      vertex -18.8502 0.0476747 24.0326
    endloop
  endfacet
  facet normal -0.083704 -0.613509 0.785239
    outer loop
      vertex 1.19302 10.2561 10.9664
      vertex 1.98604 11.6335 12.1271
      vertex 1.19302 11.6745 12.0746
    endloop
  endfacet
  facet normal -0.083704 -0.613509 0.785239
    outer loop
      vertex 1.98604 11.6335 12.1271
      vertex 1.19302 10.2561 10.9664
      vertex 1.98604 10.2151 11.0189
    endloop
  endfacet
  facet normal -0.0419014 -0.615095 0.787339
    outer loop
      vertex 0.397905 10.2766 10.9402
      vertex 1.19302 11.6745 12.0746
      vertex 0.397905 11.695 12.0483
    endloop
  endfacet
  facet normal -0.0418026 -0.615132 0.787315
    outer loop
      vertex 1.19302 11.6745 12.0746
      vertex 0.397905 10.2766 10.9402
      vertex 1.19302 10.2561 10.9664
    endloop
  endfacet
  facet normal -0.248484 -0.596344 0.763302
    outer loop
      vertex 4.93231 11.2947 12.5608
      vertex 5.10948 9.84824 11.4884
      vertex 5.10948 11.2667 12.5966
    endloop
  endfacet
  facet normal -0.248762 -0.59628 0.763261
    outer loop
      vertex 4.33867 9.97009 11.3325
      vertex 4.93231 11.2947 12.5608
      vertex 4.33867 11.3885 12.4406
    endloop
  endfacet
  facet normal -0.248641 -0.596333 0.763259
    outer loop
      vertex 4.93231 11.2947 12.5608
      vertex 4.33867 9.97009 11.3325
      vertex 5.10948 9.84824 11.4884
    endloop
  endfacet
  facet normal -0.207856 -0.602223 0.770794
    outer loop
      vertex 3.56024 10.072 11.2021
      vertex 4.33867 11.3885 12.4406
      vertex 3.56024 11.4904 12.3103
    endloop
  endfacet
  facet normal -0.207958 -0.602174 0.770805
    outer loop
      vertex 4.33867 11.3885 12.4406
      vertex 3.56024 10.072 11.2021
      vertex 4.33867 9.97009 11.3325
    endloop
  endfacet
  facet normal -0.796555 -0.37221 0.476404
    outer loop
      vertex 14.8902 5.8475 16.6091
      vertex 15.3713 6.87566 18.2168
      vertex 14.8902 7.26592 17.7173
    endloop
  endfacet
  facet normal -0.796555 -0.37221 0.476404
    outer loop
      vertex 15.3713 6.87566 18.2168
      vertex 14.8902 5.8475 16.6091
      vertex 15.3713 5.45724 17.1086
    endloop
  endfacet
  facet normal -0.684571 -0.448761 0.574435
    outer loop
      vertex 12.7135 7.27457 14.7826
      vertex 13.2936 8.35759 16.32
      vertex 12.7135 8.69299 15.8907
    endloop
  endfacet
  facet normal -0.684518 -0.448817 0.574455
    outer loop
      vertex 13.2936 8.35759 16.32
      vertex 12.7135 7.27457 14.7826
      vertex 13.2936 6.93917 15.2118
    endloop
  endfacet
  facet normal -0.553403 -0.512795 0.656343
    outer loop
      vertex 10.1807 8.45816 13.2676
      vertex 10.8436 9.60545 14.7229
      vertex 10.1807 9.87658 14.3758
    endloop
  endfacet
  facet normal -0.553403 -0.512795 0.656343
    outer loop
      vertex 10.8436 9.60545 14.7229
      vertex 10.1807 8.45816 13.2676
      vertex 10.8436 8.18703 13.6147
    endloop
  endfacet
  facet normal -0.444643 -0.551451 0.705829
    outer loop
      vertex 8.08981 9.16586 12.3618
      vertex 8.80262 10.3664 13.7488
      vertex 8.08981 10.5843 13.47
    endloop
  endfacet
  facet normal -0.444692 -0.551417 0.705825
    outer loop
      vertex 8.80262 10.3664 13.7488
      vertex 8.08981 9.16586 12.3618
      vertex 8.80262 8.94801 12.6407
    endloop
  endfacet
  facet normal 0.248762 -0.59628 0.763261
    outer loop
      vertex -4.93231 11.2947 12.5608
      vertex -4.33867 9.97009 11.3325
      vertex -4.33867 11.3885 12.4406
    endloop
  endfacet
  facet normal 0.248484 -0.596344 0.763302
    outer loop
      vertex -5.10948 9.84824 11.4884
      vertex -4.93231 11.2947 12.5608
      vertex -5.10948 11.2667 12.5966
    endloop
  endfacet
  facet normal 0.248641 -0.596333 0.763259
    outer loop
      vertex -4.93231 11.2947 12.5608
      vertex -5.10948 9.84824 11.4884
      vertex -4.33867 9.97009 11.3325
    endloop
  endfacet
  facet normal 0.12533 -0.610815 0.781791
    outer loop
      vertex -2.77558 11.5721 12.2057
      vertex -1.98604 10.2151 11.0189
      vertex -1.98604 11.6335 12.1271
    endloop
  endfacet
  facet normal 0.12533 -0.610815 0.781791
    outer loop
      vertex -1.98604 10.2151 11.0189
      vertex -2.77558 11.5721 12.2057
      vertex -2.77558 10.1537 11.0975
    endloop
  endfacet
  facet normal 0.481797 -0.539473 0.690536
    outer loop
      vertex -9.5 10.1304 14.051
      vertex -8.80262 8.94801 12.6407
      vertex -8.80262 10.3664 13.7488
    endloop
  endfacet
  facet normal 0.481745 -0.539512 0.690543
    outer loop
      vertex -8.80262 8.94801 12.6407
      vertex -9.5 10.1304 14.051
      vertex -9.5 8.71197 12.9428
    endloop
  endfacet
  facet normal 0.553403 -0.512795 0.656343
    outer loop
      vertex -10.8436 9.60545 14.7229
      vertex -10.1807 8.45816 13.2676
      vertex -10.1807 9.87658 14.3758
    endloop
  endfacet
  facet normal 0.553403 -0.512795 0.656343
    outer loop
      vertex -10.1807 8.45816 13.2676
      vertex -10.8436 9.60545 14.7229
      vertex -10.8436 8.18703 13.6147
    endloop
  endfacet
  facet normal 0.653502 -0.466012 0.596463
    outer loop
      vertex -12.3789 8.87079 15.6632
      vertex -12.1111 7.59471 14.3728
      vertex -12.1111 9.01313 15.481
    endloop
  endfacet
  facet normal 0.653314 -0.466085 0.596611
    outer loop
      vertex -12.7135 7.27457 14.7826
      vertex -12.3789 8.87079 15.6632
      vertex -12.7135 8.69299 15.8907
    endloop
  endfacet
  facet normal 0.653454 -0.466047 0.596488
    outer loop
      vertex -12.3789 8.87079 15.6632
      vertex -12.7135 7.27457 14.7826
      vertex -12.1111 7.59471 14.3728
    endloop
  endfacet
  facet normal 0.587799 -0.498077 0.637504
    outer loop
      vertex -11.4874 9.31746 15.0915
      vertex -10.8436 8.18703 13.6147
      vertex -10.8436 9.60545 14.7229
    endloop
  endfacet
  facet normal 0.587799 -0.498077 0.637504
    outer loop
      vertex -10.8436 8.18703 13.6147
      vertex -11.4874 9.31746 15.0915
      vertex -11.4874 7.89904 13.9833
    endloop
  endfacet
  facet normal 0.289138 -0.589358 0.754358
    outer loop
      vertex -5.87132 11.125 12.7779
      vertex -5.10948 9.84824 11.4884
      vertex -5.10948 11.2667 12.5966
    endloop
  endfacet
  facet normal 0.289075 -0.589393 0.754356
    outer loop
      vertex -5.10948 9.84824 11.4884
      vertex -5.87132 11.125 12.7779
      vertex -5.87132 9.70663 11.6697
    endloop
  endfacet
  facet normal 0.328815 -0.581443 0.744181
    outer loop
      vertex -6.62287 10.9639 12.9841
      vertex -5.87132 9.70663 11.6697
      vertex -5.87132 11.125 12.7779
    endloop
  endfacet
  facet normal 0.328835 -0.581431 0.744181
    outer loop
      vertex -5.87132 9.70663 11.6697
      vertex -6.62287 10.9639 12.9841
      vertex -6.62287 9.5455 11.8759
    endloop
  endfacet
  facet normal 0.207856 -0.602223 0.770794
    outer loop
      vertex -4.33867 11.3885 12.4406
      vertex -3.56024 10.072 11.2021
      vertex -3.56024 11.4904 12.3103
    endloop
  endfacet
  facet normal 0.207958 -0.602174 0.770805
    outer loop
      vertex -3.56024 10.072 11.2021
      vertex -4.33867 11.3885 12.4406
      vertex -4.33867 9.97009 11.3325
    endloop
  endfacet
  facet normal 0.444643 -0.551451 0.705829
    outer loop
      vertex -8.80262 10.3664 13.7488
      vertex -8.08981 9.16586 12.3618
      vertex -8.08981 10.5843 13.47
    endloop
  endfacet
  facet normal 0.444692 -0.551417 0.705825
    outer loop
      vertex -8.08981 9.16586 12.3618
      vertex -8.80262 10.3664 13.7488
      vertex -8.80262 8.94801 12.6407
    endloop
  endfacet
  facet normal 0.621114 -0.482509 0.617578
    outer loop
      vertex -12.1111 9.01313 15.481
      vertex -11.4874 7.89904 13.9833
      vertex -11.4874 9.31746 15.0915
    endloop
  endfacet
  facet normal 0.621114 -0.482509 0.617578
    outer loop
      vertex -11.4874 7.89904 13.9833
      vertex -12.1111 9.01313 15.481
      vertex -12.1111 7.59471 14.3728
    endloop
  endfacet
  facet normal 0.166781 -0.607047 0.776967
    outer loop
      vertex -3.56024 11.4904 12.3103
      vertex -2.77558 10.1537 11.0975
      vertex -2.77558 11.5721 12.2057
    endloop
  endfacet
  facet normal 0.166781 -0.607047 0.776967
    outer loop
      vertex -2.77558 10.1537 11.0975
      vertex -3.56024 11.4904 12.3103
      vertex -3.56024 10.072 11.2021
    endloop
  endfacet
  facet normal -0.886201 0.285237 -0.365086
    outer loop
      vertex 18.3621 -12.7039 28.659
      vertex 17.9643 -7.49866 33.6914
      vertex 18.3621 -7.03019 33.0918
    endloop
  endfacet
  facet normal -0.88621 0.285225 -0.365074
    outer loop
      vertex 17.9643 -7.49866 33.6914
      vertex 18.3621 -12.7039 28.659
      vertex 17.9643 -13.1723 29.2587
    endloop
  endfacet
  facet normal -0.406727 0.562439 -0.719886
    outer loop
      vertex 7.94407 -13.0533 40.8011
      vertex 8.72847 -18.512 36.0931
      vertex 7.94407 -18.727 36.3683
    endloop
  endfacet
  facet normal -0.406727 0.562439 -0.719886
    outer loop
      vertex 8.72847 -18.512 36.0931
      vertex 7.94407 -13.0533 40.8011
      vertex 8.72847 -12.8383 40.5259
    endloop
  endfacet
  facet normal -0.406787 0.562422 -0.719865
    outer loop
      vertex 7.94407 -19.5229 35.7465
      vertex 8.72847 -23.8704 31.9066
      vertex 7.94407 -24.0855 32.1818
    endloop
  endfacet
  facet normal -0.406727 0.562446 -0.71988
    outer loop
      vertex 8.72847 -23.8704 31.9066
      vertex 7.94407 -19.5229 35.7465
      vertex 8.72847 -19.3079 35.4713
    endloop
  endfacet
  facet normal 0.994528 0.0643169 -0.0823231
    outer loop
      vertex -20.3384 -3.00026 27.9337
      vertex -20.4281 -8.1482 22.8281
      vertex -20.4281 -2.47452 27.2608
    endloop
  endfacet
  facet normal 0.994528 0.0643174 -0.0823236
    outer loop
      vertex -20.4281 -8.1482 22.8281
      vertex -20.3384 -3.00026 27.9337
      vertex -20.3384 -8.67393 23.501
    endloop
  endfacet
  facet normal 0.904819 0.262149 -0.335529
    outer loop
      vertex -18.3621 -7.03019 33.0918
      vertex -18.7277 -12.2255 28.0468
      vertex -18.7277 -6.55187 32.4796
    endloop
  endfacet
  facet normal 0.90483 0.262133 -0.335514
    outer loop
      vertex -18.7277 -12.2255 28.0468
      vertex -18.3621 -7.03019 33.0918
      vertex -18.3621 -12.7039 28.659
    endloop
  endfacet
  facet normal 0.328821 0.581434 -0.744185
    outer loop
      vertex -7.14573 -18.9216 36.6174
      vertex -6.33485 -13.4218 41.2727
      vertex -6.33485 -19.0954 36.8399
    endloop
  endfacet
  facet normal 0.328967 0.581388 -0.744156
    outer loop
      vertex -6.33485 -13.4218 41.2727
      vertex -7.14573 -18.9216 36.6174
      vertex -7.14573 -13.2479 41.0501
    endloop
  endfacet
  facet normal 0.328821 0.581427 -0.744191
    outer loop
      vertex -7.14573 -24.2801 32.4309
      vertex -6.33485 -19.8913 36.2181
      vertex -6.33485 -24.4539 32.6534
    endloop
  endfacet
  facet normal 0.328821 0.581427 -0.744191
    outer loop
      vertex -6.33485 -19.8913 36.2181
      vertex -7.14573 -24.2801 32.4309
      vertex -7.14573 -19.7175 35.9956
    endloop
  endfacet
  facet normal 0.587793 0.498078 -0.637508
    outer loop
      vertex -12.3943 -17.1451 34.3436
      vertex -11.6996 -11.7822 39.1741
      vertex -11.6996 -17.4559 34.7413
    endloop
  endfacet
  facet normal 0.587746 0.498105 -0.637531
    outer loop
      vertex -11.6996 -11.7822 39.1741
      vertex -12.3943 -17.1451 34.3436
      vertex -12.3943 -11.4715 38.7764
    endloop
  endfacet
  facet normal -0.40674 -0.562435 0.719882
    outer loop
      vertex 7.94407 -0.815679 2.39783
      vertex 8.72847 1.30771 4.5
      vertex 7.94407 1.87497 4.5
    endloop
  endfacet
  facet normal -0.406742 -0.562434 0.719882
    outer loop
      vertex 8.72847 1.30771 4.5
      vertex 7.94407 -0.815679 2.39783
      vertex 8.72847 -1.03069 2.67304
    endloop
  endfacet
  facet normal -0.406727 -0.562436 0.719888
    outer loop
      vertex 7.94407 4.54279 6.58433
      vertex 8.72847 10.0015 11.2923
      vertex 7.94407 10.2165 11.0171
    endloop
  endfacet
  facet normal -0.406741 -0.562431 0.719884
    outer loop
      vertex 8.72847 10.0015 11.2923
      vertex 7.94407 4.54279 6.58433
      vertex 8.72847 4.32778 6.85954
    endloop
  endfacet
  facet normal -0.821113 0.3514 -0.449769
    outer loop
      vertex 17.0749 -14.0765 30.4159
      vertex 16.5848 -8.83689 35.4043
      vertex 17.0749 -8.40281 34.8487
    endloop
  endfacet
  facet normal -0.821117 0.351395 -0.449764
    outer loop
      vertex 16.5848 -8.83689 35.4043
      vertex 17.0749 -14.0765 30.4159
      vertex 16.5848 -14.5106 30.9715
    endloop
  endfacet
  facet normal -0.207928 0.602207 -0.770787
    outer loop
      vertex 3.84132 -13.8159 41.7772
      vertex 4.68119 -19.3797 37.2037
      vertex 3.84132 -19.4896 37.3444
    endloop
  endfacet
  facet normal -0.207928 0.602207 -0.770787
    outer loop
      vertex 4.68119 -19.3797 37.2037
      vertex 3.84132 -13.8159 41.7772
      vertex 4.68119 -13.706 41.6365
    endloop
  endfacet
  facet normal -0.207928 0.602206 -0.770788
    outer loop
      vertex 3.84132 -20.2855 36.7226
      vertex 4.68119 -24.7382 33.0172
      vertex 3.84132 -24.8481 33.1579
    endloop
  endfacet
  facet normal -0.207928 0.602206 -0.770788
    outer loop
      vertex 4.68119 -24.7382 33.0172
      vertex 3.84132 -20.2855 36.7226
      vertex 4.68119 -20.1756 36.5819
    endloop
  endfacet
  facet normal -0.125292 0.610812 -0.7818
    outer loop
      vertex 2.14283 -13.9703 41.9748
      vertex 2.9947 -19.5778 37.4572
      vertex 2.14283 -19.644 37.542
    endloop
  endfacet
  facet normal -0.125292 0.610812 -0.7818
    outer loop
      vertex 2.9947 -19.5778 37.4572
      vertex 2.14283 -13.9703 41.9748
      vertex 2.9947 -13.9041 41.89
    endloop
  endfacet
  facet normal -0.125362 0.610805 -0.781794
    outer loop
      vertex 2.14283 -20.4399 36.9202
      vertex 2.9947 -24.9362 33.2707
      vertex 2.14283 -25.0025 33.3555
    endloop
  endfacet
  facet normal -0.125292 0.610819 -0.781794
    outer loop
      vertex 2.9947 -24.9362 33.2707
      vertex 2.14283 -20.4399 36.9202
      vertex 2.9947 -20.3737 36.8354
    endloop
  endfacet
  facet normal -0.621184 0.482467 -0.617541
    outer loop
      vertex 13.0672 -16.8168 33.9234
      vertex 12.3943 -11.4715 38.7764
      vertex 13.0672 -11.1431 38.3561
    endloop
  endfacet
  facet normal -0.621083 0.482528 -0.617594
    outer loop
      vertex 12.3943 -11.4715 38.7764
      vertex 13.0672 -16.8168 33.9234
      vertex 12.3943 -17.1451 34.3436
    endloop
  endfacet
  facet normal -0.4447 0.551437 -0.705804
    outer loop
      vertex 8.72847 -12.8383 40.5259
      vertex 9.49757 -18.2769 35.7922
      vertex 8.72847 -18.512 36.0931
    endloop
  endfacet
  facet normal -0.4447 0.551437 -0.705804
    outer loop
      vertex 9.49757 -18.2769 35.7922
      vertex 8.72847 -12.8383 40.5259
      vertex 9.49757 -12.6032 40.225
    endloop
  endfacet
  facet normal -0.444467 0.551515 -0.70589
    outer loop
      vertex 8.72847 -19.3079 35.4713
      vertex 9 -23.7875 31.8004
      vertex 8.72847 -23.8704 31.9066
    endloop
  endfacet
  facet normal -0.44463 0.551457 -0.705832
    outer loop
      vertex 9 -23.7875 31.8004
      vertex 8.72847 -19.3079 35.4713
      vertex 9 -19.2249 35.3651
    endloop
  endfacet
  facet normal 0.9736 0.140529 -0.179872
    outer loop
      vertex -19.856 -4.55715 29.9265
      vertex -20.052 -9.71616 24.835
      vertex -20.052 -4.04248 29.2677
    endloop
  endfacet
  facet normal 0.973594 0.140547 -0.17989
    outer loop
      vertex -20.052 -9.71616 24.835
      vertex -19.856 -4.55715 29.9265
      vertex -19.856 -10.2308 25.4937
    endloop
  endfacet
  facet normal 0.989262 0.0899809 -0.115172
    outer loop
      vertex -20.2129 -3.52322 28.6031
      vertex -20.3384 -8.67393 23.501
      vertex -20.3384 -3.00026 27.9337
    endloop
  endfacet
  facet normal 0.98926 0.0899903 -0.115181
    outer loop
      vertex -20.3384 -8.67393 23.501
      vertex -20.2129 -3.52322 28.6031
      vertex -20.2129 -9.19689 24.1703
    endloop
  endfacet
  facet normal 0.770545 0.392412 -0.502268
    outer loop
      vertex -15.5184 -9.66528 36.4646
      vertex -16.0657 -14.9316 31.5105
      vertex -16.0657 -9.25796 35.9432
    endloop
  endfacet
  facet normal 0.770531 0.392424 -0.502279
    outer loop
      vertex -16.0657 -14.9316 31.5105
      vertex -15.5184 -9.66528 36.4646
      vertex -15.5184 -15.339 32.0318
    endloop
  endfacet
  facet normal 0.886201 0.285237 -0.365086
    outer loop
      vertex -17.9643 -7.49866 33.6914
      vertex -18.3621 -12.7039 28.659
      vertex -18.3621 -7.03019 33.0918
    endloop
  endfacet
  facet normal 0.88621 0.285225 -0.365074
    outer loop
      vertex -18.3621 -12.7039 28.659
      vertex -17.9643 -7.49866 33.6914
      vertex -17.9643 -13.1723 29.2587
    endloop
  endfacet
  facet normal 0.125292 0.610812 -0.7818
    outer loop
      vertex -2.9947 -19.5778 37.4572
      vertex -2.14283 -13.9703 41.9748
      vertex -2.14283 -19.644 37.542
    endloop
  endfacet
  facet normal 0.125292 0.610812 -0.7818
    outer loop
      vertex -2.14283 -13.9703 41.9748
      vertex -2.9947 -19.5778 37.4572
      vertex -2.9947 -13.9041 41.89
    endloop
  endfacet
  facet normal 0.125362 0.610805 -0.781794
    outer loop
      vertex -2.9947 -24.9362 33.2707
      vertex -2.14283 -20.4399 36.9202
      vertex -2.14283 -25.0025 33.3555
    endloop
  endfacet
  facet normal 0.125292 0.610819 -0.781794
    outer loop
      vertex -2.14283 -20.4399 36.9202
      vertex -2.9947 -24.9362 33.2707
      vertex -2.9947 -20.3737 36.8354
    endloop
  endfacet
  facet normal 0.289069 0.589378 -0.754369
    outer loop
      vertex -6.33485 -19.0954 36.8399
      vertex -5.51286 -13.5746 41.4682
      vertex -5.51286 -19.2482 37.0355
    endloop
  endfacet
  facet normal 0.288985 0.589402 -0.754383
    outer loop
      vertex -5.51286 -13.5746 41.4682
      vertex -6.33485 -19.0954 36.8399
      vertex -6.33485 -13.4218 41.2727
    endloop
  endfacet
  facet normal 0.289069 0.589368 -0.754377
    outer loop
      vertex -6.33485 -24.4539 32.6534
      vertex -5.51286 -20.0441 36.4136
      vertex -5.51286 -24.6067 32.849
    endloop
  endfacet
  facet normal 0.288985 0.589394 -0.754389
    outer loop
      vertex -5.51286 -20.0441 36.4136
      vertex -6.33485 -24.4539 32.6534
      vertex -6.33485 -19.8913 36.2181
    endloop
  endfacet
  facet normal 0.481672 0.539538 -0.690573
    outer loop
      vertex -10.25 -18.0223 35.4663
      vertex -9.49757 -12.6032 40.225
      vertex -9.49757 -18.2769 35.7922
    endloop
  endfacet
  facet normal 0.481742 0.539506 -0.690549
    outer loop
      vertex -9.49757 -12.6032 40.225
      vertex -10.25 -18.0223 35.4663
      vertex -10.25 -12.3486 39.899
    endloop
  endfacet
  facet normal -0.684525 -0.448814 0.574449
    outer loop
      vertex 13.7172 2.28718 9.47139
      vertex 14.3431 7.59898 14.3673
      vertex 13.7172 7.96086 13.9042
    endloop
  endfacet
  facet normal -0.684555 -0.448792 0.57443
    outer loop
      vertex 14.3431 7.59898 14.3673
      vertex 13.7172 2.28718 9.47139
      vertex 14.3431 1.92531 9.93456
    endloop
  endfacet
  facet normal 0.821113 -0.351401 0.449768
    outer loop
      vertex -17.0749 5.56597 16.9695
      vertex -16.5848 0.326376 11.9811
      vertex -16.5848 6.00005 16.4139
    endloop
  endfacet
  facet normal 0.821114 -0.351399 0.449767
    outer loop
      vertex -16.5848 0.326376 11.9811
      vertex -17.0749 5.56597 16.9695
      vertex -17.0749 -0.107709 12.5367
    endloop
  endfacet
  facet normal -0.684581 0.448773 -0.574414
    outer loop
      vertex 14.3431 -16.1095 33.0181
      vertex 13.7172 -10.7977 37.914
      vertex 14.3431 -10.4358 37.4508
    endloop
  endfacet
  facet normal -0.684533 0.448808 -0.574445
    outer loop
      vertex 13.7172 -10.7977 37.914
      vertex 14.3431 -16.1095 33.0181
      vertex 13.7172 -16.4714 33.4812
    endloop
  endfacet
  facet normal -0.866043 0.30781 -0.393982
    outer loop
      vertex 17.9643 -13.1723 29.2587
      vertex 17.535 -7.95647 34.2774
      vertex 17.9643 -7.49866 33.6914
    endloop
  endfacet
  facet normal -0.866018 0.307841 -0.394012
    outer loop
      vertex 17.535 -7.95647 34.2774
      vertex 17.9643 -13.1723 29.2587
      vertex 17.535 -13.6301 29.8446
    endloop
  endfacet
  facet normal -0.796533 0.372227 -0.476427
    outer loop
      vertex 16.5848 -14.5106 30.9715
      vertex 16.0657 -9.25796 35.9432
      vertex 16.5848 -8.83689 35.4043
    endloop
  endfacet
  facet normal -0.796548 0.372212 -0.476413
    outer loop
      vertex 16.0657 -9.25796 35.9432
      vertex 16.5848 -14.5106 30.9715
      vertex 16.0657 -14.9316 31.5105
    endloop
  endfacet
  facet normal -0.770545 0.392412 -0.502268
    outer loop
      vertex 16.0657 -14.9316 31.5105
      vertex 15.5184 -9.66528 36.4646
      vertex 16.0657 -9.25796 35.9432
    endloop
  endfacet
  facet normal -0.770531 0.392424 -0.502279
    outer loop
      vertex 15.5184 -9.66528 36.4646
      vertex 16.0657 -14.9316 31.5105
      vertex 15.5184 -15.339 32.0318
    endloop
  endfacet
  facet normal -0.74315 0.411955 -0.527278
    outer loop
      vertex 15.5184 -15.339 32.0318
      vertex 14.9439 -10.0581 36.9674
      vertex 15.5184 -9.66528 36.4646
    endloop
  endfacet
  facet normal -0.743143 0.41196 -0.527283
    outer loop
      vertex 14.9439 -10.0581 36.9674
      vertex 15.5184 -15.339 32.0318
      vertex 14.9439 -15.7318 32.5346
    endloop
  endfacet
  facet normal -0.71444 0.430777 -0.551367
    outer loop
      vertex 14.9439 -15.7318 32.5346
      vertex 14.3431 -10.4358 37.4508
      vertex 14.9439 -10.0581 36.9674
    endloop
  endfacet
  facet normal -0.714485 0.430743 -0.551336
    outer loop
      vertex 14.3431 -10.4358 37.4508
      vertex 14.9439 -15.7318 32.5346
      vertex 14.3431 -16.1095 33.0181
    endloop
  endfacet
  facet normal 0 0.615663 -0.788009
    outer loop
      vertex -0.429319 -19.7104 37.627
      vertex 0.429319 -14.0367 42.0598
      vertex 0.429319 -19.7104 37.627
    endloop
  endfacet
  facet normal 0 0.615663 -0.788009
    outer loop
      vertex 0.429319 -14.0367 42.0598
      vertex -0.429319 -19.7104 37.627
      vertex -0.429319 -14.0367 42.0598
    endloop
  endfacet
  facet normal 0 0.615662 -0.78801
    outer loop
      vertex -0.429319 -25.0689 33.4405
      vertex 0.429319 -20.5063 37.0052
      vertex 0.429319 -25.0689 33.4405
    endloop
  endfacet
  facet normal 0 0.615662 -0.78801
    outer loop
      vertex 0.429319 -20.5063 37.0052
      vertex -0.429319 -25.0689 33.4405
      vertex -0.429319 -20.5063 37.0052
    endloop
  endfacet
  facet normal -0.328821 0.581434 -0.744185
    outer loop
      vertex 6.33485 -13.4218 41.2727
      vertex 7.14573 -18.9216 36.6174
      vertex 6.33485 -19.0954 36.8399
    endloop
  endfacet
  facet normal -0.328967 0.581388 -0.744156
    outer loop
      vertex 7.14573 -18.9216 36.6174
      vertex 6.33485 -13.4218 41.2727
      vertex 7.14573 -13.2479 41.0501
    endloop
  endfacet
  facet normal -0.328821 0.581427 -0.744191
    outer loop
      vertex 6.33485 -19.8913 36.2181
      vertex 7.14573 -24.2801 32.4309
      vertex 6.33485 -24.4539 32.6534
    endloop
  endfacet
  facet normal -0.328821 0.581427 -0.744191
    outer loop
      vertex 7.14573 -24.2801 32.4309
      vertex 6.33485 -19.8913 36.2181
      vertex 7.14573 -19.7175 35.9956
    endloop
  endfacet
  facet normal -0.289069 0.589378 -0.754369
    outer loop
      vertex 5.51286 -13.5746 41.4682
      vertex 6.33485 -19.0954 36.8399
      vertex 5.51286 -19.2482 37.0355
    endloop
  endfacet
  facet normal -0.288985 0.589402 -0.754383
    outer loop
      vertex 6.33485 -19.0954 36.8399
      vertex 5.51286 -13.5746 41.4682
      vertex 6.33485 -13.4218 41.2727
    endloop
  endfacet
  facet normal -0.289069 0.589368 -0.754377
    outer loop
      vertex 5.51286 -20.0441 36.4136
      vertex 6.33485 -24.4539 32.6534
      vertex 5.51286 -24.6067 32.849
    endloop
  endfacet
  facet normal -0.288985 0.589394 -0.754389
    outer loop
      vertex 6.33485 -24.4539 32.6534
      vertex 5.51286 -20.0441 36.4136
      vertex 6.33485 -19.8913 36.2181
    endloop
  endfacet
  facet normal -0.248653 0.596327 -0.76326
    outer loop
      vertex 4.68119 -13.706 41.6365
      vertex 5.51286 -19.2482 37.0355
      vertex 4.68119 -19.3797 37.2037
    endloop
  endfacet
  facet normal -0.248672 0.596322 -0.763258
    outer loop
      vertex 5.51286 -19.2482 37.0355
      vertex 4.68119 -13.706 41.6365
      vertex 5.51286 -13.5746 41.4682
    endloop
  endfacet
  facet normal -0.248653 0.596326 -0.763261
    outer loop
      vertex 4.68119 -20.1756 36.5819
      vertex 5.51286 -24.6067 32.849
      vertex 4.68119 -24.7382 33.0172
    endloop
  endfacet
  facet normal -0.248739 0.596302 -0.763252
    outer loop
      vertex 5.51286 -24.6067 32.849
      vertex 4.68119 -20.1756 36.5819
      vertex 5.51286 -20.0441 36.4136
    endloop
  endfacet
  facet normal -0.166762 0.607042 -0.776975
    outer loop
      vertex 2.9947 -13.9041 41.89
      vertex 3.84132 -19.4896 37.3444
      vertex 2.9947 -19.5778 37.4572
    endloop
  endfacet
  facet normal -0.166762 0.607042 -0.776975
    outer loop
      vertex 3.84132 -19.4896 37.3444
      vertex 2.9947 -13.9041 41.89
      vertex 3.84132 -13.8159 41.7772
    endloop
  endfacet
  facet normal -0.166692 0.607057 -0.776979
    outer loop
      vertex 2.9947 -20.3737 36.8354
      vertex 3.84132 -24.8481 33.1579
      vertex 2.9947 -24.9362 33.2707
    endloop
  endfacet
  facet normal -0.166762 0.607041 -0.776976
    outer loop
      vertex 3.84132 -24.8481 33.1579
      vertex 2.9947 -20.3737 36.8354
      vertex 3.84132 -20.2855 36.7226
    endloop
  endfacet
  facet normal -0.368141 0.572417 -0.732674
    outer loop
      vertex 7.14573 -13.2479 41.0501
      vertex 7.94407 -18.727 36.3683
      vertex 7.14573 -18.9216 36.6174
    endloop
  endfacet
  facet normal -0.368061 0.572445 -0.732692
    outer loop
      vertex 7.94407 -18.727 36.3683
      vertex 7.14573 -13.2479 41.0501
      vertex 7.94407 -13.0533 40.8011
    endloop
  endfacet
  facet normal -0.368141 0.572424 -0.732668
    outer loop
      vertex 7.14573 -19.7175 35.9956
      vertex 7.94407 -24.0855 32.1818
      vertex 7.14573 -24.2801 32.4309
    endloop
  endfacet
  facet normal -0.368141 0.572424 -0.732668
    outer loop
      vertex 7.94407 -24.0855 32.1818
      vertex 7.14573 -19.7175 35.9956
      vertex 7.94407 -19.5229 35.7465
    endloop
  endfacet
  facet normal -0.481672 0.539538 -0.690573
    outer loop
      vertex 9.49757 -12.6032 40.225
      vertex 10.25 -18.0223 35.4663
      vertex 9.49757 -18.2769 35.7922
    endloop
  endfacet
  facet normal -0.481742 0.539506 -0.690549
    outer loop
      vertex 10.25 -18.0223 35.4663
      vertex 9.49757 -12.6032 40.225
      vertex 10.25 -12.3486 39.899
    endloop
  endfacet
  facet normal -0.587793 0.498078 -0.637508
    outer loop
      vertex 11.6996 -11.7822 39.1741
      vertex 12.3943 -17.1451 34.3436
      vertex 11.6996 -17.4559 34.7413
    endloop
  endfacet
  facet normal -0.587746 0.498105 -0.637531
    outer loop
      vertex 12.3943 -17.1451 34.3436
      vertex 11.6996 -11.7822 39.1741
      vertex 12.3943 -11.4715 38.7764
    endloop
  endfacet
  facet normal -0.653397 0.466067 -0.596536
    outer loop
      vertex 13.7172 -16.4714 33.4812
      vertex 13.0672 -11.1431 38.3561
      vertex 13.7172 -10.7977 37.914
    endloop
  endfacet
  facet normal -0.653449 0.466032 -0.596505
    outer loop
      vertex 13.0672 -11.1431 38.3561
      vertex 13.7172 -16.4714 33.4812
      vertex 13.0672 -16.8168 33.9234
    endloop
  endfacet
  facet normal 0.99978 0.0129073 -0.0165204
    outer loop
      vertex -20.482 -1.94693 26.5855
      vertex -20.5 -7.0921 21.4763
      vertex -20.5 -1.41842 25.9091
    endloop
  endfacet
  facet normal 0.99978 0.0129059 -0.0165191
    outer loop
      vertex -20.5 -7.0921 21.4763
      vertex -20.482 -1.94693 26.5855
      vertex -20.482 -7.62061 22.1528
    endloop
  endfacet
  facet normal 0.937272 0.21462 -0.274697
    outer loop
      vertex -19.0604 -6.06454 31.8558
      vertex -19.3597 -11.2427 26.7889
      vertex -19.3597 -5.56906 31.2217
    endloop
  endfacet
  facet normal 0.937285 0.214595 -0.274673
    outer loop
      vertex -19.3597 -11.2427 26.7889
      vertex -19.0604 -6.06454 31.8558
      vertex -19.0604 -11.7382 27.4231
    endloop
  endfacet
  facet normal 0.951068 0.19023 -0.243481
    outer loop
      vertex -19.3597 -5.56906 31.2217
      vertex -19.625 -10.74 26.1454
      vertex -19.625 -5.06631 30.5782
    endloop
  endfacet
  facet normal 0.951064 0.190237 -0.243489
    outer loop
      vertex -19.625 -10.74 26.1454
      vertex -19.3597 -5.56906 31.2217
      vertex -19.3597 -11.2427 26.7889
    endloop
  endfacet
  facet normal 0.963135 0.165627 -0.21199
    outer loop
      vertex -19.625 -5.06631 30.5782
      vertex -19.856 -10.2308 25.4937
      vertex -19.856 -4.55715 29.9265
    endloop
  endfacet
  facet normal 0.963137 0.165621 -0.211984
    outer loop
      vertex -19.856 -10.2308 25.4937
      vertex -19.625 -5.06631 30.5782
      vertex -19.625 -10.74 26.1454
    endloop
  endfacet
  facet normal 0.982285 0.115373 -0.147669
    outer loop
      vertex -20.052 -4.04248 29.2677
      vertex -20.2129 -9.19689 24.1703
      vertex -20.2129 -3.52322 28.6031
    endloop
  endfacet
  facet normal 0.982288 0.11536 -0.147656
    outer loop
      vertex -20.2129 -9.19689 24.1703
      vertex -20.052 -4.04248 29.2677
      vertex -20.052 -9.71616 24.835
    endloop
  endfacet
  facet normal 0.921886 0.238544 -0.305325
    outer loop
      vertex -18.7277 -6.55187 32.4796
      vertex -19.0604 -11.7382 27.4231
      vertex -19.0604 -6.06454 31.8558
    endloop
  endfacet
  facet normal 0.921869 0.238573 -0.305354
    outer loop
      vertex -19.0604 -11.7382 27.4231
      vertex -18.7277 -6.55187 32.4796
      vertex -18.7277 -12.2255 28.0468
    endloop
  endfacet
  facet normal 0.844322 0.329897 -0.422242
    outer loop
      vertex -17.0749 -8.40281 34.8487
      vertex -17.535 -13.6301 29.8446
      vertex -17.535 -7.95647 34.2774
    endloop
  endfacet
  facet normal 0.844335 0.329883 -0.422228
    outer loop
      vertex -17.535 -13.6301 29.8446
      vertex -17.0749 -8.40281 34.8487
      vertex -17.0749 -14.0765 30.4159
    endloop
  endfacet
  facet normal 0.796533 0.372227 -0.476427
    outer loop
      vertex -16.0657 -9.25796 35.9432
      vertex -16.5848 -14.5106 30.9715
      vertex -16.5848 -8.83689 35.4043
    endloop
  endfacet
  facet normal 0.796548 0.372212 -0.476413
    outer loop
      vertex -16.5848 -14.5106 30.9715
      vertex -16.0657 -9.25796 35.9432
      vertex -16.0657 -14.9316 31.5105
    endloop
  endfacet
  facet normal 0.74315 0.411955 -0.527278
    outer loop
      vertex -14.9439 -10.0581 36.9674
      vertex -15.5184 -15.339 32.0318
      vertex -15.5184 -9.66528 36.4646
    endloop
  endfacet
  facet normal 0.743143 0.41196 -0.527283
    outer loop
      vertex -15.5184 -15.339 32.0318
      vertex -14.9439 -10.0581 36.9674
      vertex -14.9439 -15.7318 32.5346
    endloop
  endfacet
  facet normal 0.821113 0.3514 -0.449769
    outer loop
      vertex -16.5848 -8.83689 35.4043
      vertex -17.0749 -14.0765 30.4159
      vertex -17.0749 -8.40281 34.8487
    endloop
  endfacet
  facet normal 0.821117 0.351395 -0.449764
    outer loop
      vertex -17.0749 -14.0765 30.4159
      vertex -16.5848 -8.83689 35.4043
      vertex -16.5848 -14.5106 30.9715
    endloop
  endfacet
  facet normal 0.368141 0.572417 -0.732674
    outer loop
      vertex -7.94407 -18.727 36.3683
      vertex -7.14573 -13.2479 41.0501
      vertex -7.14573 -18.9216 36.6174
    endloop
  endfacet
  facet normal 0.368061 0.572445 -0.732692
    outer loop
      vertex -7.14573 -13.2479 41.0501
      vertex -7.94407 -18.727 36.3683
      vertex -7.94407 -13.0533 40.8011
    endloop
  endfacet
  facet normal 0.368141 0.572424 -0.732668
    outer loop
      vertex -7.94407 -24.0855 32.1818
      vertex -7.14573 -19.7175 35.9956
      vertex -7.14573 -24.2801 32.4309
    endloop
  endfacet
  facet normal 0.368141 0.572424 -0.732668
    outer loop
      vertex -7.14573 -19.7175 35.9956
      vertex -7.94407 -24.0855 32.1818
      vertex -7.94407 -19.5229 35.7465
    endloop
  endfacet
  facet normal 0.248653 0.596326 -0.763261
    outer loop
      vertex -5.51286 -24.6067 32.849
      vertex -4.68119 -20.1756 36.5819
      vertex -4.68119 -24.7382 33.0172
    endloop
  endfacet
  facet normal 0.248739 0.596302 -0.763252
    outer loop
      vertex -4.68119 -20.1756 36.5819
      vertex -5.51286 -24.6067 32.849
      vertex -5.51286 -20.0441 36.4136
    endloop
  endfacet
  facet normal 0.248653 0.596327 -0.76326
    outer loop
      vertex -5.51286 -19.2482 37.0355
      vertex -4.68119 -13.706 41.6365
      vertex -4.68119 -19.3797 37.2037
    endloop
  endfacet
  facet normal 0.248672 0.596322 -0.763258
    outer loop
      vertex -4.68119 -13.706 41.6365
      vertex -5.51286 -19.2482 37.0355
      vertex -5.51286 -13.5746 41.4682
    endloop
  endfacet
  facet normal 0.083799 0.613489 -0.785244
    outer loop
      vertex -2.14283 -19.644 37.542
      vertex -1.2872 -14.0146 42.0314
      vertex -1.2872 -19.6883 37.5987
    endloop
  endfacet
  facet normal 0.0837079 0.613502 -0.785244
    outer loop
      vertex -1.2872 -14.0146 42.0314
      vertex -2.14283 -19.644 37.542
      vertex -2.14283 -13.9703 41.9748
    endloop
  endfacet
  facet normal 0.0837278 0.61349 -0.785252
    outer loop
      vertex -2.14283 -25.0025 33.3555
      vertex -1.2872 -20.4841 36.9768
      vertex -1.2872 -25.0467 33.4122
    endloop
  endfacet
  facet normal 0.0836367 0.613505 -0.785249
    outer loop
      vertex -1.2872 -20.4841 36.9768
      vertex -2.14283 -25.0025 33.3555
      vertex -2.14283 -20.4399 36.9202
    endloop
  endfacet
  facet normal 0.166762 0.607042 -0.776975
    outer loop
      vertex -3.84132 -19.4896 37.3444
      vertex -2.9947 -13.9041 41.89
      vertex -2.9947 -19.5778 37.4572
    endloop
  endfacet
  facet normal 0.166762 0.607042 -0.776975
    outer loop
      vertex -2.9947 -13.9041 41.89
      vertex -3.84132 -19.4896 37.3444
      vertex -3.84132 -13.8159 41.7772
    endloop
  endfacet
  facet normal 0.166692 0.607057 -0.776979
    outer loop
      vertex -3.84132 -24.8481 33.1579
      vertex -2.9947 -20.3737 36.8354
      vertex -2.9947 -24.9362 33.2707
    endloop
  endfacet
  facet normal 0.166762 0.607041 -0.776976
    outer loop
      vertex -2.9947 -20.3737 36.8354
      vertex -3.84132 -24.8481 33.1579
      vertex -3.84132 -20.2855 36.7226
    endloop
  endfacet
  facet normal 0.207928 0.602206 -0.770788
    outer loop
      vertex -4.68119 -24.7382 33.0172
      vertex -3.84132 -20.2855 36.7226
      vertex -3.84132 -24.8481 33.1579
    endloop
  endfacet
  facet normal 0.207928 0.602206 -0.770788
    outer loop
      vertex -3.84132 -20.2855 36.7226
      vertex -4.68119 -24.7382 33.0172
      vertex -4.68119 -20.1756 36.5819
    endloop
  endfacet
  facet normal 0.207928 0.602207 -0.770787
    outer loop
      vertex -4.68119 -19.3797 37.2037
      vertex -3.84132 -13.8159 41.7772
      vertex -3.84132 -19.4896 37.3444
    endloop
  endfacet
  facet normal 0.207928 0.602207 -0.770787
    outer loop
      vertex -3.84132 -13.8159 41.7772
      vertex -4.68119 -19.3797 37.2037
      vertex -4.68119 -13.706 41.6365
    endloop
  endfacet
  facet normal 0.518077 0.52659 -0.674017
    outer loop
      vertex -10.9844 -17.7484 35.1158
      vertex -10.25 -12.3486 39.899
      vertex -10.25 -18.0223 35.4663
    endloop
  endfacet
  facet normal 0.518077 0.52659 -0.674017
    outer loop
      vertex -10.25 -12.3486 39.899
      vertex -10.9844 -17.7484 35.1158
      vertex -10.9844 -12.0747 39.5485
    endloop
  endfacet
  facet normal 0.406727 0.562439 -0.719886
    outer loop
      vertex -8.72847 -18.512 36.0931
      vertex -7.94407 -13.0533 40.8011
      vertex -7.94407 -18.727 36.3683
    endloop
  endfacet
  facet normal 0.406727 0.562439 -0.719886
    outer loop
      vertex -7.94407 -13.0533 40.8011
      vertex -8.72847 -18.512 36.0931
      vertex -8.72847 -12.8383 40.5259
    endloop
  endfacet
  facet normal 0.406787 0.562422 -0.719865
    outer loop
      vertex -8.72847 -23.8704 31.9066
      vertex -7.94407 -19.5229 35.7465
      vertex -7.94407 -24.0855 32.1818
    endloop
  endfacet
  facet normal 0.406727 0.562446 -0.71988
    outer loop
      vertex -7.94407 -19.5229 35.7465
      vertex -8.72847 -23.8704 31.9066
      vertex -8.72847 -19.3079 35.4713
    endloop
  endfacet
  facet normal 0.553402 0.512787 -0.65635
    outer loop
      vertex -11.6996 -17.4559 34.7413
      vertex -10.9844 -12.0747 39.5485
      vertex -10.9844 -17.7484 35.1158
    endloop
  endfacet
  facet normal 0.553339 0.512821 -0.656378
    outer loop
      vertex -10.9844 -12.0747 39.5485
      vertex -11.6996 -17.4559 34.7413
      vertex -11.6996 -11.7822 39.1741
    endloop
  endfacet
  facet normal 0.653397 0.466067 -0.596536
    outer loop
      vertex -13.0672 -11.1431 38.3561
      vertex -13.7172 -16.4714 33.4812
      vertex -13.7172 -10.7977 37.914
    endloop
  endfacet
  facet normal 0.653449 0.466032 -0.596505
    outer loop
      vertex -13.7172 -16.4714 33.4812
      vertex -13.0672 -11.1431 38.3561
      vertex -13.0672 -16.8168 33.9234
    endloop
  endfacet
  facet normal 0.71444 0.430777 -0.551367
    outer loop
      vertex -14.3431 -10.4358 37.4508
      vertex -14.9439 -15.7318 32.5346
      vertex -14.9439 -10.0581 36.9674
    endloop
  endfacet
  facet normal 0.714485 0.430743 -0.551336
    outer loop
      vertex -14.9439 -15.7318 32.5346
      vertex -14.3431 -10.4358 37.4508
      vertex -14.3431 -16.1095 33.0181
    endloop
  endfacet
  facet normal 0.684581 0.448773 -0.574414
    outer loop
      vertex -13.7172 -10.7977 37.914
      vertex -14.3431 -16.1095 33.0181
      vertex -14.3431 -10.4358 37.4508
    endloop
  endfacet
  facet normal 0.684533 0.448808 -0.574445
    outer loop
      vertex -14.3431 -16.1095 33.0181
      vertex -13.7172 -10.7977 37.914
      vertex -13.7172 -16.4714 33.4812
    endloop
  endfacet
  facet normal 0 -0.615661 0.788011
    outer loop
      vertex -0.429319 11.1999 9.7584
      vertex 0.429319 5.5262 5.32563
      vertex 0.429319 11.1999 9.7584
    endloop
  endfacet
  facet normal 0 -0.615661 0.788011
    outer loop
      vertex 0.429319 5.5262 5.32563
      vertex -0.429319 11.1999 9.7584
      vertex -0.429319 5.5262 5.32563
    endloop
  endfacet
  facet normal 0 -0.615661 0.788011
    outer loop
      vertex -0.429319 4.46943 4.5
      vertex 0.429319 0.167723 1.13914
      vertex 0.429319 4.46943 4.5
    endloop
  endfacet
  facet normal 0 -0.615661 0.788011
    outer loop
      vertex 0.429319 0.167723 1.13914
      vertex -0.429319 4.46943 4.5
      vertex -0.429319 0.167723 1.13914
    endloop
  endfacet
  facet normal 0.98926 -0.0899902 0.115181
    outer loop
      vertex -20.3384 0.163419 23.8844
      vertex -20.2129 -4.9873 18.7823
      vertex -20.2129 0.686379 23.2151
    endloop
  endfacet
  facet normal 0.989262 -0.0899808 0.115172
    outer loop
      vertex -20.2129 -4.9873 18.7823
      vertex -20.3384 0.163419 23.8844
      vertex -20.3384 -5.51026 19.4517
    endloop
  endfacet
  facet normal -0.289069 -0.589376 0.754371
    outer loop
      vertex 5.51286 5.06404 5.91717
      vertex 6.33485 10.5849 10.5455
      vertex 5.51286 10.7377 10.3499
    endloop
  endfacet
  facet normal -0.289043 -0.589383 0.754375
    outer loop
      vertex 6.33485 10.5849 10.5455
      vertex 5.51286 5.06404 5.91717
      vertex 6.33485 4.91124 6.11274
    endloop
  endfacet
  facet normal -0.289032 -0.589385 0.754378
    outer loop
      vertex 5.51286 -0.294437 1.73067
      vertex 6.33485 2.84704 4.5
      vertex 5.51286 3.25014 4.5
    endloop
  endfacet
  facet normal -0.289038 -0.589383 0.754377
    outer loop
      vertex 6.33485 2.84704 4.5
      vertex 5.51286 -0.294437 1.73067
      vertex 6.33485 -0.447228 1.92624
    endloop
  endfacet
  facet normal -0.328821 -0.581427 0.744191
    outer loop
      vertex 6.33485 4.91124 6.11274
      vertex 7.14573 10.4111 10.768
      vertex 6.33485 10.5849 10.5455
    endloop
  endfacet
  facet normal -0.328855 -0.581416 0.744184
    outer loop
      vertex 7.14573 10.4111 10.768
      vertex 6.33485 4.91124 6.11274
      vertex 7.14573 4.7374 6.33525
    endloop
  endfacet
  facet normal -0.328867 -0.581415 0.744179
    outer loop
      vertex 6.33485 -0.447228 1.92624
      vertex 7.14573 2.38838 4.5
      vertex 6.33485 2.84704 4.5
    endloop
  endfacet
  facet normal -0.328869 -0.581415 0.744179
    outer loop
      vertex 7.14573 2.38838 4.5
      vertex 6.33485 -0.447228 1.92624
      vertex 7.14573 -0.621077 2.14876
    endloop
  endfacet
  facet normal -0.904819 0.262149 -0.335529
    outer loop
      vertex 18.7277 -12.2255 28.0468
      vertex 18.3621 -7.03019 33.0918
      vertex 18.7277 -6.55187 32.4796
    endloop
  endfacet
  facet normal -0.90483 0.262133 -0.335514
    outer loop
      vertex 18.3621 -7.03019 33.0918
      vertex 18.7277 -12.2255 28.0468
      vertex 18.3621 -12.7039 28.659
    endloop
  endfacet
  facet normal -0.844322 0.329897 -0.422242
    outer loop
      vertex 17.535 -13.6301 29.8446
      vertex 17.0749 -8.40281 34.8487
      vertex 17.535 -7.95647 34.2774
    endloop
  endfacet
  facet normal -0.844335 0.329883 -0.422228
    outer loop
      vertex 17.0749 -8.40281 34.8487
      vertex 17.535 -13.6301 29.8446
      vertex 17.0749 -14.0765 30.4159
    endloop
  endfacet
  facet normal -0.083799 0.613489 -0.785244
    outer loop
      vertex 1.2872 -14.0146 42.0314
      vertex 2.14283 -19.644 37.542
      vertex 1.2872 -19.6883 37.5987
    endloop
  endfacet
  facet normal -0.0837079 0.613502 -0.785244
    outer loop
      vertex 2.14283 -19.644 37.542
      vertex 1.2872 -14.0146 42.0314
      vertex 2.14283 -13.9703 41.9748
    endloop
  endfacet
  facet normal -0.0837278 0.61349 -0.785252
    outer loop
      vertex 1.2872 -20.4841 36.9768
      vertex 2.14283 -25.0025 33.3555
      vertex 1.2872 -25.0467 33.4122
    endloop
  endfacet
  facet normal -0.0836367 0.613505 -0.785249
    outer loop
      vertex 2.14283 -25.0025 33.3555
      vertex 1.2872 -20.4841 36.9768
      vertex 2.14283 -20.4399 36.9202
    endloop
  endfacet
  facet normal -0.0418186 0.615125 -0.78732
    outer loop
      vertex 0.429319 -14.0367 42.0598
      vertex 1.2872 -19.6883 37.5987
      vertex 0.429319 -19.7104 37.627
    endloop
  endfacet
  facet normal -0.0419102 0.615114 -0.787324
    outer loop
      vertex 1.2872 -19.6883 37.5987
      vertex 0.429319 -14.0367 42.0598
      vertex 1.2872 -14.0146 42.0314
    endloop
  endfacet
  facet normal -0.0418902 0.615122 -0.787319
    outer loop
      vertex 0.429319 -20.5063 37.0052
      vertex 1.2872 -25.0467 33.4122
      vertex 0.429319 -25.0689 33.4405
    endloop
  endfacet
  facet normal -0.0419818 0.615109 -0.787324
    outer loop
      vertex 1.2872 -25.0467 33.4122
      vertex 0.429319 -20.5063 37.0052
      vertex 1.2872 -20.4841 36.9768
    endloop
  endfacet
  facet normal -0.553402 0.512787 -0.65635
    outer loop
      vertex 10.9844 -12.0747 39.5485
      vertex 11.6996 -17.4559 34.7413
      vertex 10.9844 -17.7484 35.1158
    endloop
  endfacet
  facet normal -0.553339 0.512821 -0.656378
    outer loop
      vertex 11.6996 -17.4559 34.7413
      vertex 10.9844 -12.0747 39.5485
      vertex 11.6996 -11.7822 39.1741
    endloop
  endfacet
  facet normal -0.518077 0.52659 -0.674017
    outer loop
      vertex 10.25 -12.3486 39.899
      vertex 10.9844 -17.7484 35.1158
      vertex 10.25 -18.0223 35.4663
    endloop
  endfacet
  facet normal -0.518077 0.52659 -0.674017
    outer loop
      vertex 10.9844 -17.7484 35.1158
      vertex 10.25 -12.3486 39.899
      vertex 10.9844 -12.0747 39.5485
    endloop
  endfacet
  facet normal 0.998028 0.0386464 -0.0494658
    outer loop
      vertex -20.4281 -2.47452 27.2608
      vertex -20.482 -7.62061 22.1528
      vertex -20.482 -1.94693 26.5855
    endloop
  endfacet
  facet normal 0.998028 0.0386464 -0.0494658
    outer loop
      vertex -20.482 -7.62061 22.1528
      vertex -20.4281 -2.47452 27.2608
      vertex -20.4281 -8.1482 22.8281
    endloop
  endfacet
  facet normal -8.66017e-05 0.788074 0.615581
    outer loop
      vertex 9 -20.9891 28.2187
      vertex 0.429319 -25.0689 33.4405
      vertex 1.2872 -25.0467 33.4122
    endloop
  endfacet
  facet normal 0 0.788005 0.615669
    outer loop
      vertex 0.429319 -25.0689 33.4405
      vertex 9 -20.9891 28.2187
      vertex -0.429319 -25.0689 33.4405
    endloop
  endfacet
  facet normal 0.000100935 0.787939 0.615754
    outer loop
      vertex 9 -20.9891 28.2187
      vertex 1.2872 -25.0467 33.4122
      vertex 2.14283 -25.0025 33.3555
    endloop
  endfacet
  facet normal -0 0.788005 0.615669
    outer loop
      vertex -9 -20.9891 28.2187
      vertex -0.429319 -25.0689 33.4405
      vertex 9 -20.9891 28.2187
    endloop
  endfacet
  facet normal -4.84983e-05 0.788035 0.61563
    outer loop
      vertex 9 -20.9891 28.2187
      vertex 2.14283 -25.0025 33.3555
      vertex 2.9947 -24.9362 33.2707
    endloop
  endfacet
  facet normal 8.66017e-05 0.788074 0.615581
    outer loop
      vertex -0.429319 -25.0689 33.4405
      vertex -9 -20.9891 28.2187
      vertex -1.2872 -25.0467 33.4122
    endloop
  endfacet
  facet normal 3.32031e-05 0.787988 0.61569
    outer loop
      vertex 9 -20.9891 28.2187
      vertex 2.9947 -24.9362 33.2707
      vertex 3.84132 -24.8481 33.1579
    endloop
  endfacet
  facet normal -0.000100935 0.787939 0.615754
    outer loop
      vertex -1.2872 -25.0467 33.4122
      vertex -9 -20.9891 28.2187
      vertex -2.14283 -25.0025 33.3555
    endloop
  endfacet
  facet normal 3.2975e-05 0.787988 0.61569
    outer loop
      vertex 9 -20.9891 28.2187
      vertex 3.84132 -24.8481 33.1579
      vertex 4.68119 -24.7382 33.0172
    endloop
  endfacet
  facet normal 4.84983e-05 0.788035 0.61563
    outer loop
      vertex -2.14283 -25.0025 33.3555
      vertex -9 -20.9891 28.2187
      vertex -2.9947 -24.9362 33.2707
    endloop
  endfacet
  facet normal -9.7561e-05 0.788045 0.615617
    outer loop
      vertex 9 -20.9891 28.2187
      vertex 4.68119 -24.7382 33.0172
      vertex 5.51286 -24.6067 32.849
    endloop
  endfacet
  facet normal -3.32031e-05 0.787988 0.61569
    outer loop
      vertex -2.9947 -24.9362 33.2707
      vertex -9 -20.9891 28.2187
      vertex -3.84132 -24.8481 33.1579
    endloop
  endfacet
  facet normal 2.3388e-05 0.788001 0.615674
    outer loop
      vertex 9 -20.9891 28.2187
      vertex 5.51286 -24.6067 32.849
      vertex 6.33485 -24.4539 32.6534
    endloop
  endfacet
  facet normal -3.2975e-05 0.787988 0.61569
    outer loop
      vertex -3.84132 -24.8481 33.1579
      vertex -9 -20.9891 28.2187
      vertex -4.68119 -24.7382 33.0172
    endloop
  endfacet
  facet normal 4.38578e-05 0.787995 0.615681
    outer loop
      vertex 9 -20.9891 28.2187
      vertex 6.33485 -24.4539 32.6534
      vertex 7.14573 -24.2801 32.4309
    endloop
  endfacet
  facet normal 9.7561e-05 0.788045 0.615617
    outer loop
      vertex -4.68119 -24.7382 33.0172
      vertex -9 -20.9891 28.2187
      vertex -5.51286 -24.6067 32.849
    endloop
  endfacet
  facet normal 2.5529e-05 0.787999 0.615676
    outer loop
      vertex 9 -20.9891 28.2187
      vertex 7.14573 -24.2801 32.4309
      vertex 7.94407 -24.0855 32.1818
    endloop
  endfacet
  facet normal -2.3388e-05 0.788001 0.615674
    outer loop
      vertex -5.51286 -24.6067 32.849
      vertex -9 -20.9891 28.2187
      vertex -6.33485 -24.4539 32.6534
    endloop
  endfacet
  facet normal -9.32649e-05 0.788014 0.615657
    outer loop
      vertex 9 -20.9891 28.2187
      vertex 7.94407 -24.0855 32.1818
      vertex 8.72847 -23.8704 31.9066
    endloop
  endfacet
  facet normal -4.38578e-05 0.787995 0.615681
    outer loop
      vertex -6.33485 -24.4539 32.6534
      vertex -9 -20.9891 28.2187
      vertex -7.14573 -24.2801 32.4309
    endloop
  endfacet
  facet normal 0.000216459 0.788003 0.615671
    outer loop
      vertex 9 -20.9891 28.2187
      vertex 8.72847 -23.8704 31.9066
      vertex 9 -23.7875 31.8004
    endloop
  endfacet
  facet normal -2.5529e-05 0.787999 0.615676
    outer loop
      vertex -7.14573 -24.2801 32.4309
      vertex -9 -20.9891 28.2187
      vertex -7.94407 -24.0855 32.1818
    endloop
  endfacet
  facet normal 9.32649e-05 0.788014 0.615657
    outer loop
      vertex -7.94407 -24.0855 32.1818
      vertex -9 -20.9891 28.2187
      vertex -8.72847 -23.8704 31.9066
    endloop
  endfacet
  facet normal -0.000216459 0.788003 0.615671
    outer loop
      vertex -8.72847 -23.8704 31.9066
      vertex -9 -20.9891 28.2187
      vertex -9 -23.7875 31.8004
    endloop
  endfacet
  facet normal 0.000556862 0.78848 0.615061
    outer loop
      vertex 11.6996 -2.0868 4.02479
      vertex 12.5184 -2.45807 4.5
      vertex 12.3943 -2.39752 4.42249
    endloop
  endfacet
  facet normal 0 0.788015 0.615657
    outer loop
      vertex 12.5184 -2.45807 4.5
      vertex 11.6996 -2.0868 4.02479
      vertex -12.5184 -2.45807 4.5
    endloop
  endfacet
  facet normal -0 0.788015 0.615657
    outer loop
      vertex -11.6996 -2.0868 4.02479
      vertex -12.5184 -2.45807 4.5
      vertex 11.6996 -2.0868 4.02479
    endloop
  endfacet
  facet normal -0.000556862 0.78848 0.615061
    outer loop
      vertex -12.5184 -2.45807 4.5
      vertex -11.6996 -2.0868 4.02479
      vertex -12.3943 -2.39752 4.42249
    endloop
  endfacet
  facet normal 0 0.788007 0.615666
    outer loop
      vertex 10.9844 -1.79426 3.65036
      vertex -11.6996 -2.0868 4.02479
      vertex 11.6996 -2.0868 4.02479
    endloop
  endfacet
  facet normal 0 0.788007 0.615666
    outer loop
      vertex 10.9844 -1.79426 3.65036
      vertex -10.9844 -1.79426 3.65036
      vertex -11.6996 -2.0868 4.02479
    endloop
  endfacet
  facet normal 0 0.788009 0.615664
    outer loop
      vertex 10.25 -1.52041 3.29985
      vertex -10.9844 -1.79426 3.65036
      vertex 10.9844 -1.79426 3.65036
    endloop
  endfacet
  facet normal 0 0.788009 0.615664
    outer loop
      vertex 10.25 -1.52041 3.29985
      vertex -10.25 -1.52041 3.29985
      vertex -10.9844 -1.79426 3.65036
    endloop
  endfacet
  facet normal 0 0.788008 0.615665
    outer loop
      vertex 9.49757 -1.26574 2.97389
      vertex -10.25 -1.52041 3.29985
      vertex 10.25 -1.52041 3.29985
    endloop
  endfacet
  facet normal 0 0.788008 0.615665
    outer loop
      vertex 9.49757 -1.26574 2.97389
      vertex -9.49757 -1.26574 2.97389
      vertex -10.25 -1.52041 3.29985
    endloop
  endfacet
  facet normal 0 0.78801 0.615662
    outer loop
      vertex 8.72847 -1.03069 2.67304
      vertex -9.49757 -1.26574 2.97389
      vertex 9.49757 -1.26574 2.97389
    endloop
  endfacet
  facet normal 0 0.78801 0.615662
    outer loop
      vertex 8.72847 -1.03069 2.67304
      vertex -8.72847 -1.03069 2.67304
      vertex -9.49757 -1.26574 2.97389
    endloop
  endfacet
  facet normal 0 0.78802 0.61565
    outer loop
      vertex 7.94407 -0.815679 2.39783
      vertex -8.72847 -1.03069 2.67304
      vertex 8.72847 -1.03069 2.67304
    endloop
  endfacet
  facet normal 0 0.78802 0.61565
    outer loop
      vertex 7.94407 -0.815679 2.39783
      vertex -7.94407 -0.815679 2.39783
      vertex -8.72847 -1.03069 2.67304
    endloop
  endfacet
  facet normal 0 0.788 0.615676
    outer loop
      vertex 7.14573 -0.621077 2.14876
      vertex -7.94407 -0.815679 2.39783
      vertex 7.94407 -0.815679 2.39783
    endloop
  endfacet
  facet normal 0 0.788 0.615676
    outer loop
      vertex 7.14573 -0.621077 2.14876
      vertex -7.14573 -0.621077 2.14876
      vertex -7.94407 -0.815679 2.39783
    endloop
  endfacet
  facet normal 0 0.788015 0.615656
    outer loop
      vertex 6.33485 -0.447228 1.92624
      vertex -7.14573 -0.621077 2.14876
      vertex 7.14573 -0.621077 2.14876
    endloop
  endfacet
  facet normal 0 0.788015 0.615656
    outer loop
      vertex 6.33485 -0.447228 1.92624
      vertex -6.33485 -0.447228 1.92624
      vertex -7.14573 -0.621077 2.14876
    endloop
  endfacet
  facet normal 0 0.788021 0.615649
    outer loop
      vertex 5.51286 -0.294437 1.73067
      vertex -6.33485 -0.447228 1.92624
      vertex 6.33485 -0.447228 1.92624
    endloop
  endfacet
  facet normal 0 0.788021 0.615649
    outer loop
      vertex 5.51286 -0.294437 1.73067
      vertex -5.51286 -0.294437 1.73067
      vertex -6.33485 -0.447228 1.92624
    endloop
  endfacet
  facet normal 0 0.787995 0.615681
    outer loop
      vertex 4.68119 -0.162971 1.56241
      vertex -5.51286 -0.294437 1.73067
      vertex 5.51286 -0.294437 1.73067
    endloop
  endfacet
  facet normal 0 0.787995 0.615681
    outer loop
      vertex 4.68119 -0.162971 1.56241
      vertex -4.68119 -0.162971 1.56241
      vertex -5.51286 -0.294437 1.73067
    endloop
  endfacet
  facet normal 0 0.788019 0.615651
    outer loop
      vertex 3.84132 -0.0530628 1.42173
      vertex -4.68119 -0.162971 1.56241
      vertex 4.68119 -0.162971 1.56241
    endloop
  endfacet
  facet normal 0 0.788019 0.615651
    outer loop
      vertex 3.84132 -0.0530628 1.42173
      vertex -3.84132 -0.0530628 1.42173
      vertex -4.68119 -0.162971 1.56241
    endloop
  endfacet
  facet normal 0 0.788015 0.615656
    outer loop
      vertex 2.9947 0.0350963 1.30889
      vertex -3.84132 -0.0530628 1.42173
      vertex 3.84132 -0.0530628 1.42173
    endloop
  endfacet
  facet normal 0 0.788015 0.615656
    outer loop
      vertex 2.9947 0.0350963 1.30889
      vertex -2.9947 0.0350963 1.30889
      vertex -3.84132 -0.0530628 1.42173
    endloop
  endfacet
  facet normal 0 0.788003 0.615671
    outer loop
      vertex 2.14283 0.101351 1.22409
      vertex -2.9947 0.0350963 1.30889
      vertex 2.9947 0.0350963 1.30889
    endloop
  endfacet
  facet normal 0 0.788003 0.615671
    outer loop
      vertex 2.14283 0.101351 1.22409
      vertex -2.14283 0.101351 1.22409
      vertex -2.9947 0.0350963 1.30889
    endloop
  endfacet
  facet normal 0 0.78802 0.615649
    outer loop
      vertex 1.2872 0.145586 1.16747
      vertex -2.14283 0.101351 1.22409
      vertex 2.14283 0.101351 1.22409
    endloop
  endfacet
  facet normal 0 0.78802 0.615649
    outer loop
      vertex 1.2872 0.145586 1.16747
      vertex -1.2872 0.145586 1.16747
      vertex -2.14283 0.101351 1.22409
    endloop
  endfacet
  facet normal 0 0.787968 0.615716
    outer loop
      vertex 0.429319 0.167723 1.13914
      vertex -1.2872 0.145586 1.16747
      vertex 1.2872 0.145586 1.16747
    endloop
  endfacet
  facet normal 0 0.787968 0.615716
    outer loop
      vertex -1.2872 0.145586 1.16747
      vertex 0.429319 0.167723 1.13914
      vertex -0.429319 0.167723 1.13914
    endloop
  endfacet
  facet normal 0.866043 0.30781 -0.393982
    outer loop
      vertex -17.535 -7.95647 34.2774
      vertex -17.9643 -13.1723 29.2587
      vertex -17.9643 -7.49866 33.6914
    endloop
  endfacet
  facet normal 0.866018 0.307841 -0.394012
    outer loop
      vertex -17.9643 -13.1723 29.2587
      vertex -17.535 -7.95647 34.2774
      vertex -17.535 -13.6301 29.8446
    endloop
  endfacet
  facet normal 0.0418186 0.615125 -0.78732
    outer loop
      vertex -1.2872 -19.6883 37.5987
      vertex -0.429319 -14.0367 42.0598
      vertex -0.429319 -19.7104 37.627
    endloop
  endfacet
  facet normal 0.0419102 0.615114 -0.787324
    outer loop
      vertex -0.429319 -14.0367 42.0598
      vertex -1.2872 -19.6883 37.5987
      vertex -1.2872 -14.0146 42.0314
    endloop
  endfacet
  facet normal 0.0418902 0.615122 -0.787319
    outer loop
      vertex -1.2872 -25.0467 33.4122
      vertex -0.429319 -20.5063 37.0052
      vertex -0.429319 -25.0689 33.4405
    endloop
  endfacet
  facet normal 0.0419818 0.615109 -0.787324
    outer loop
      vertex -0.429319 -20.5063 37.0052
      vertex -1.2872 -25.0467 33.4122
      vertex -1.2872 -20.4841 36.9768
    endloop
  endfacet
  facet normal 0.4447 0.551437 -0.705804
    outer loop
      vertex -9.49757 -18.2769 35.7922
      vertex -8.72847 -12.8383 40.5259
      vertex -8.72847 -18.512 36.0931
    endloop
  endfacet
  facet normal 0.4447 0.551437 -0.705804
    outer loop
      vertex -8.72847 -12.8383 40.5259
      vertex -9.49757 -18.2769 35.7922
      vertex -9.49757 -12.6032 40.225
    endloop
  endfacet
  facet normal 0.444467 0.551515 -0.70589
    outer loop
      vertex -9 -23.7875 31.8004
      vertex -8.72847 -19.3079 35.4713
      vertex -8.72847 -23.8704 31.9066
    endloop
  endfacet
  facet normal 0.44463 0.551457 -0.705832
    outer loop
      vertex -8.72847 -19.3079 35.4713
      vertex -9 -23.7875 31.8004
      vertex -9 -19.2249 35.3651
    endloop
  endfacet
  facet normal 0.621184 0.482467 -0.617541
    outer loop
      vertex -12.3943 -11.4715 38.7764
      vertex -13.0672 -16.8168 33.9234
      vertex -13.0672 -11.1431 38.3561
    endloop
  endfacet
  facet normal 0.621083 0.482528 -0.617594
    outer loop
      vertex -13.0672 -16.8168 33.9234
      vertex -12.3943 -11.4715 38.7764
      vertex -12.3943 -17.1451 34.3436
    endloop
  endfacet
  facet normal -0.553422 -0.512785 0.656335
    outer loop
      vertex 10.9844 3.56422 7.83685
      vertex 11.6996 8.94535 12.6441
      vertex 10.9844 9.23789 12.2696
    endloop
  endfacet
  facet normal -0.553384 -0.512804 0.656352
    outer loop
      vertex 11.6996 8.94535 12.6441
      vertex 10.9844 3.56422 7.83685
      vertex 11.6996 3.27168 8.21129
    endloop
  endfacet
  facet normal -0.553376 -0.512801 0.656361
    outer loop
      vertex 10.9844 -1.79426 3.65036
      vertex 11.6996 -1.47855 4.5
      vertex 10.9844 -0.706761 4.5
    endloop
  endfacet
  facet normal -0.553378 -0.512799 0.656362
    outer loop
      vertex 11.6996 -1.47855 4.5
      vertex 10.9844 -1.79426 3.65036
      vertex 11.6996 -2.0868 4.02479
    endloop
  endfacet
  facet normal -0.653453 -0.466034 0.596499
    outer loop
      vertex 13.0672 2.6326 9.02927
      vertex 13.7172 7.96086 13.9042
      vertex 13.0672 8.30627 13.462
    endloop
  endfacet
  facet normal -0.653415 -0.466058 0.596521
    outer loop
      vertex 13.7172 7.96086 13.9042
      vertex 13.0672 2.6326 9.02927
      vertex 13.7172 2.28718 9.47139
    endloop
  endfacet
  facet normal -0.844322 -0.329895 0.422243
    outer loop
      vertex 17.0749 -0.107709 12.5367
      vertex 17.535 5.11963 17.5408
      vertex 17.0749 5.56597 16.9695
    endloop
  endfacet
  facet normal -0.844322 -0.329895 0.422243
    outer loop
      vertex 17.535 5.11963 17.5408
      vertex 17.0749 -0.107709 12.5367
      vertex 17.535 -0.554047 13.108
    endloop
  endfacet
  facet normal 0.368141 -0.572421 0.732671
    outer loop
      vertex -7.94407 10.2165 11.0171
      vertex -7.14573 4.7374 6.33525
      vertex -7.14573 10.4111 10.768
    endloop
  endfacet
  facet normal 0.368131 -0.572425 0.732673
    outer loop
      vertex -7.14573 4.7374 6.33525
      vertex -7.94407 10.2165 11.0171
      vertex -7.94407 4.54279 6.58433
    endloop
  endfacet
  facet normal 0.368126 -0.572426 0.732674
    outer loop
      vertex -7.94407 1.87497 4.5
      vertex -7.14573 -0.621077 2.14876
      vertex -7.14573 2.38838 4.5
    endloop
  endfacet
  facet normal 0.368118 -0.57243 0.732675
    outer loop
      vertex -7.14573 -0.621077 2.14876
      vertex -7.94407 1.87497 4.5
      vertex -7.94407 -0.815679 2.39783
    endloop
  endfacet
  facet normal 0.921872 -0.238567 0.305349
    outer loop
      vertex -19.0604 3.2277 19.9623
      vertex -18.7277 -1.95865 14.9058
      vertex -18.7277 3.71503 19.3386
    endloop
  endfacet
  facet normal 0.921872 -0.238567 0.305349
    outer loop
      vertex -18.7277 -1.95865 14.9058
      vertex -19.0604 3.2277 19.9623
      vertex -19.0604 -2.44598 15.5295
    endloop
  endfacet
  facet normal 0.86602 -0.307838 0.394011
    outer loop
      vertex -17.9643 4.66182 18.1267
      vertex -17.535 -0.554047 13.108
      vertex -17.535 5.11963 17.5408
    endloop
  endfacet
  facet normal 0.866042 -0.307811 0.393985
    outer loop
      vertex -17.535 -0.554047 13.108
      vertex -17.9643 4.66182 18.1267
      vertex -17.9643 -1.01185 13.694
    endloop
  endfacet
  facet normal -0.125362 -0.610804 0.781794
    outer loop
      vertex 2.14283 5.45982 5.41059
      vertex 2.9947 11.0672 9.92815
      vertex 2.14283 11.1335 9.84335
    endloop
  endfacet
  facet normal -0.125327 -0.61081 0.781795
    outer loop
      vertex 2.9947 11.0672 9.92815
      vertex 2.14283 5.45982 5.41059
      vertex 2.9947 5.39357 5.49539
    endloop
  endfacet
  facet normal -0.125335 -0.610806 0.781797
    outer loop
      vertex 2.14283 0.101351 1.22409
      vertex 2.9947 4.11953 4.5
      vertex 2.14283 4.29433 4.5
    endloop
  endfacet
  facet normal -0.12533 -0.610807 0.781797
    outer loop
      vertex 2.9947 4.11953 4.5
      vertex 2.14283 0.101351 1.22409
      vertex 2.9947 0.0350963 1.30889
    endloop
  endfacet
  facet normal -0.166771 -0.60704 0.776975
    outer loop
      vertex 2.9947 0.0350963 1.30889
      vertex 3.84132 3.88694 4.5
      vertex 2.9947 4.11953 4.5
    endloop
  endfacet
  facet normal -0.166769 -0.60704 0.776975
    outer loop
      vertex 3.84132 3.88694 4.5
      vertex 2.9947 0.0350963 1.30889
      vertex 3.84132 -0.0530628 1.42173
    endloop
  endfacet
  facet normal -0.166737 -0.607046 0.776977
    outer loop
      vertex 2.9947 5.39357 5.49539
      vertex 3.84132 10.9791 10.041
      vertex 2.9947 11.0672 9.92815
    endloop
  endfacet
  facet normal -0.16677 -0.607039 0.776976
    outer loop
      vertex 3.84132 10.9791 10.041
      vertex 2.9947 5.39357 5.49539
      vertex 3.84132 5.30541 5.60823
    endloop
  endfacet
  facet normal -0.368126 -0.572426 0.732674
    outer loop
      vertex 7.14573 -0.621077 2.14876
      vertex 7.94407 1.87497 4.5
      vertex 7.14573 2.38838 4.5
    endloop
  endfacet
  facet normal -0.368118 -0.57243 0.732675
    outer loop
      vertex 7.94407 1.87497 4.5
      vertex 7.14573 -0.621077 2.14876
      vertex 7.94407 -0.815679 2.39783
    endloop
  endfacet
  facet normal -0.368141 -0.572421 0.732671
    outer loop
      vertex 7.14573 4.7374 6.33525
      vertex 7.94407 10.2165 11.0171
      vertex 7.14573 10.4111 10.768
    endloop
  endfacet
  facet normal -0.368131 -0.572425 0.732673
    outer loop
      vertex 7.94407 10.2165 11.0171
      vertex 7.14573 4.7374 6.33525
      vertex 7.94407 4.54279 6.58433
    endloop
  endfacet
  facet normal -0.921879 0.238556 -0.305335
    outer loop
      vertex 18.8698 -12.0174 27.7804
      vertex 18.7277 -6.55187 32.4796
      vertex 18.8698 -6.34371 32.2132
    endloop
  endfacet
  facet normal -0.921864 0.238579 -0.305362
    outer loop
      vertex 18.7277 -6.55187 32.4796
      vertex 18.8698 -12.0174 27.7804
      vertex 18.7277 -12.2255 28.0468
    endloop
  endfacet
  facet normal -0.921879 -0.238556 0.305335
    outer loop
      vertex 18.7277 -1.95865 14.9058
      vertex 18.8698 3.50687 19.605
      vertex 18.7277 3.71503 19.3386
    endloop
  endfacet
  facet normal -0.921879 -0.238556 0.305335
    outer loop
      vertex 18.8698 3.50687 19.605
      vertex 18.7277 -1.95865 14.9058
      vertex 18.8698 -2.16681 15.1722
    endloop
  endfacet
  facet normal -0.86602 -0.307838 0.394011
    outer loop
      vertex 17.535 -0.554047 13.108
      vertex 17.9643 4.66182 18.1267
      vertex 17.535 5.11963 17.5408
    endloop
  endfacet
  facet normal -0.866042 -0.307811 0.393985
    outer loop
      vertex 17.9643 4.66182 18.1267
      vertex 17.535 -0.554047 13.108
      vertex 17.9643 -1.01185 13.694
    endloop
  endfacet
  facet normal -0.58776 -0.498087 0.637532
    outer loop
      vertex 11.6996 -2.0868 4.02479
      vertex 12.3943 -2.29832 4.5
      vertex 11.6996 -1.47855 4.5
    endloop
  endfacet
  facet normal -0.587756 -0.49812 0.637511
    outer loop
      vertex 12.3943 -2.29832 4.5
      vertex 11.6996 -2.0868 4.02479
      vertex 12.3943 -2.39752 4.42249
    endloop
  endfacet
  facet normal -0.587756 -0.498098 0.637528
    outer loop
      vertex 11.6996 3.27168 8.21129
      vertex 12.3943 8.63463 13.0418
      vertex 11.6996 8.94535 12.6441
    endloop
  endfacet
  facet normal -0.587756 -0.498098 0.637528
    outer loop
      vertex 12.3943 8.63463 13.0418
      vertex 11.6996 3.27168 8.21129
      vertex 12.3943 2.96096 8.60899
    endloop
  endfacet
  facet normal -0.621134 -0.482521 0.617548
    outer loop
      vertex 12.5184 -2.45807 4.5
      vertex 12.3943 -2.29832 4.5
      vertex 12.3943 -2.39752 4.42249
    endloop
  endfacet
  facet normal -0.62111 -0.482512 0.61758
    outer loop
      vertex 12.3943 2.96096 8.60899
      vertex 13.0672 8.30627 13.462
      vertex 12.3943 8.63463 13.0418
    endloop
  endfacet
  facet normal -0.621155 -0.482485 0.617556
    outer loop
      vertex 13.0672 8.30627 13.462
      vertex 12.3943 2.96096 8.60899
      vertex 13.0672 2.6326 9.02927
    endloop
  endfacet
  facet normal -0.481754 -0.539508 0.690539
    outer loop
      vertex 9.49757 -1.26574 2.97389
      vertex 10.25 0.0157112 4.5
      vertex 9.49757 0.687594 4.5
    endloop
  endfacet
  facet normal -0.481752 -0.539509 0.69054
    outer loop
      vertex 10.25 0.0157112 4.5
      vertex 9.49757 -1.26574 2.97389
      vertex 10.25 -1.52041 3.29985
    endloop
  endfacet
  facet normal -0.481781 -0.539496 0.69053
    outer loop
      vertex 9.49757 4.09273 7.16038
      vertex 10.25 9.51174 11.9191
      vertex 9.49757 9.76641 11.5931
    endloop
  endfacet
  facet normal -0.481759 -0.539505 0.690537
    outer loop
      vertex 10.25 9.51174 11.9191
      vertex 9.49757 4.09273 7.16038
      vertex 10.25 3.83806 7.48635
    endloop
  endfacet
  facet normal -0.714437 -0.430777 0.551372
    outer loop
      vertex 14.3431 1.92531 9.93456
      vertex 14.9439 7.22129 14.8507
      vertex 14.3431 7.59898 14.3673
    endloop
  endfacet
  facet normal -0.714458 -0.430761 0.551357
    outer loop
      vertex 14.9439 7.22129 14.8507
      vertex 14.3431 1.92531 9.93456
      vertex 14.9439 1.54761 10.418
    endloop
  endfacet
  facet normal -0.7432 -0.411916 0.527237
    outer loop
      vertex 14.9439 1.54761 10.418
      vertex 15.5184 6.82844 15.3536
      vertex 14.9439 7.22129 14.8507
    endloop
  endfacet
  facet normal -0.743159 -0.41195 0.527268
    outer loop
      vertex 15.5184 6.82844 15.3536
      vertex 14.9439 1.54761 10.418
      vertex 15.5184 1.15476 10.9208
    endloop
  endfacet
  facet normal 0.553376 -0.512801 0.656361
    outer loop
      vertex -11.6996 -1.47855 4.5
      vertex -10.9844 -1.79426 3.65036
      vertex -10.9844 -0.706761 4.5
    endloop
  endfacet
  facet normal 0.553378 -0.512799 0.656362
    outer loop
      vertex -10.9844 -1.79426 3.65036
      vertex -11.6996 -1.47855 4.5
      vertex -11.6996 -2.0868 4.02479
    endloop
  endfacet
  facet normal 0.553422 -0.512785 0.656335
    outer loop
      vertex -11.6996 8.94535 12.6441
      vertex -10.9844 3.56422 7.83685
      vertex -10.9844 9.23789 12.2696
    endloop
  endfacet
  facet normal 0.553384 -0.512804 0.656352
    outer loop
      vertex -10.9844 3.56422 7.83685
      vertex -11.6996 8.94535 12.6441
      vertex -11.6996 3.27168 8.21129
    endloop
  endfacet
  facet normal 0.684525 -0.448814 0.574449
    outer loop
      vertex -14.3431 7.59898 14.3673
      vertex -13.7172 2.28718 9.47139
      vertex -13.7172 7.96086 13.9042
    endloop
  endfacet
  facet normal 0.684555 -0.448792 0.57443
    outer loop
      vertex -13.7172 2.28718 9.47139
      vertex -14.3431 7.59898 14.3673
      vertex -14.3431 1.92531 9.93456
    endloop
  endfacet
  facet normal 0.0836549 -0.613506 0.785247
    outer loop
      vertex -2.14283 11.1335 9.84335
      vertex -1.2872 5.50406 5.35397
      vertex -1.2872 11.1777 9.78673
    endloop
  endfacet
  facet normal 0.0836834 -0.613502 0.785247
    outer loop
      vertex -1.2872 5.50406 5.35397
      vertex -2.14283 11.1335 9.84335
      vertex -2.14283 5.45982 5.41059
    endloop
  endfacet
  facet normal 0.083676 -0.613502 0.785247
    outer loop
      vertex -2.14283 4.29433 4.5
      vertex -1.2872 0.145586 1.16747
      vertex -1.2872 4.41103 4.5
    endloop
  endfacet
  facet normal 0.0836798 -0.613502 0.785247
    outer loop
      vertex -1.2872 0.145586 1.16747
      vertex -2.14283 4.29433 4.5
      vertex -2.14283 0.101351 1.22409
    endloop
  endfacet
  facet normal 0.99978 -0.012906 0.0165188
    outer loop
      vertex -20.5 -1.41842 25.9091
      vertex -20.482 -6.56358 20.7998
      vertex -20.482 -0.889904 25.2326
    endloop
  endfacet
  facet normal 0.99978 -0.012906 0.0165188
    outer loop
      vertex -20.482 -6.56358 20.7998
      vertex -20.5 -1.41842 25.9091
      vertex -20.5 -7.0921 21.4763
    endloop
  endfacet
  facet normal 0.982288 -0.11536 0.147656
    outer loop
      vertex -20.2129 0.686379 23.2151
      vertex -20.052 -4.46803 18.1177
      vertex -20.052 1.20565 22.5504
    endloop
  endfacet
  facet normal 0.982285 -0.115372 0.147668
    outer loop
      vertex -20.052 -4.46803 18.1177
      vertex -20.2129 0.686379 23.2151
      vertex -20.2129 -4.9873 18.7823
    endloop
  endfacet
  facet normal 0.994528 -0.0643171 0.0823234
    outer loop
      vertex -20.4281 -0.362316 24.5573
      vertex -20.3384 -5.51026 19.4517
      vertex -20.3384 0.163419 23.8844
    endloop
  endfacet
  facet normal 0.994528 -0.0643174 0.0823236
    outer loop
      vertex -20.3384 -5.51026 19.4517
      vertex -20.4281 -0.362316 24.5573
      vertex -20.4281 -6.03599 20.1246
    endloop
  endfacet
  facet normal 0.951068 -0.190229 0.24348
    outer loop
      vertex -19.625 2.22947 21.24
      vertex -19.3597 -2.94145 16.1637
      vertex -19.3597 2.73223 20.5965
    endloop
  endfacet
  facet normal 0.951068 -0.190229 0.24348
    outer loop
      vertex -19.3597 -2.94145 16.1637
      vertex -19.625 2.22947 21.24
      vertex -19.625 -3.44421 16.8072
    endloop
  endfacet
  facet normal 0.714437 -0.430777 0.551372
    outer loop
      vertex -14.9439 7.22129 14.8507
      vertex -14.3431 1.92531 9.93456
      vertex -14.3431 7.59898 14.3673
    endloop
  endfacet
  facet normal 0.714458 -0.430761 0.551357
    outer loop
      vertex -14.3431 1.92531 9.93456
      vertex -14.9439 7.22129 14.8507
      vertex -14.9439 1.54761 10.418
    endloop
  endfacet
  facet normal -0.0836549 -0.613506 0.785247
    outer loop
      vertex 1.2872 5.50406 5.35397
      vertex 2.14283 11.1335 9.84335
      vertex 1.2872 11.1777 9.78673
    endloop
  endfacet
  facet normal -0.0836834 -0.613502 0.785247
    outer loop
      vertex 2.14283 11.1335 9.84335
      vertex 1.2872 5.50406 5.35397
      vertex 2.14283 5.45982 5.41059
    endloop
  endfacet
  facet normal -0.083676 -0.613502 0.785247
    outer loop
      vertex 1.2872 0.145586 1.16747
      vertex 2.14283 4.29433 4.5
      vertex 1.2872 4.41103 4.5
    endloop
  endfacet
  facet normal -0.0836798 -0.613502 0.785247
    outer loop
      vertex 2.14283 4.29433 4.5
      vertex 1.2872 0.145586 1.16747
      vertex 2.14283 0.101351 1.22409
    endloop
  endfacet
  facet normal -0.0418742 -0.615121 0.78732
    outer loop
      vertex 0.429319 0.167723 1.13914
      vertex 1.2872 4.41103 4.5
      vertex 0.429319 4.46943 4.5
    endloop
  endfacet
  facet normal -0.0418726 -0.615122 0.78732
    outer loop
      vertex 1.2872 4.41103 4.5
      vertex 0.429319 0.167723 1.13914
      vertex 1.2872 0.145586 1.16747
    endloop
  endfacet
  facet normal -0.0419177 -0.615119 0.787319
    outer loop
      vertex 0.429319 5.5262 5.32563
      vertex 1.2872 11.1777 9.78673
      vertex 0.429319 11.1999 9.7584
    endloop
  endfacet
  facet normal -0.0418839 -0.615124 0.787317
    outer loop
      vertex 1.2872 11.1777 9.78673
      vertex 0.429319 5.5262 5.32563
      vertex 1.2872 5.50406 5.35397
    endloop
  endfacet
  facet normal -0.248653 -0.596327 0.76326
    outer loop
      vertex 4.68119 5.1955 5.7489
      vertex 5.51286 10.7377 10.3499
      vertex 4.68119 10.8692 10.1817
    endloop
  endfacet
  facet normal -0.248686 -0.596318 0.763256
    outer loop
      vertex 5.51286 10.7377 10.3499
      vertex 4.68119 5.1955 5.7489
      vertex 5.51286 5.06404 5.91717
    endloop
  endfacet
  facet normal -0.248689 -0.596319 0.763255
    outer loop
      vertex 4.68119 -0.162971 1.56241
      vertex 5.51286 3.25014 4.5
      vertex 4.68119 3.59698 4.5
    endloop
  endfacet
  facet normal -0.248682 -0.596321 0.763255
    outer loop
      vertex 5.51286 3.25014 4.5
      vertex 4.68119 -0.162971 1.56241
      vertex 5.51286 -0.294437 1.73067
    endloop
  endfacet
  facet normal -0.207928 -0.602205 0.770788
    outer loop
      vertex 3.84132 5.30541 5.60823
      vertex 4.68119 10.8692 10.1817
      vertex 3.84132 10.9791 10.041
    endloop
  endfacet
  facet normal -0.207908 -0.60221 0.77079
    outer loop
      vertex 4.68119 10.8692 10.1817
      vertex 3.84132 5.30541 5.60823
      vertex 4.68119 5.1955 5.7489
    endloop
  endfacet
  facet normal -0.207909 -0.602208 0.770791
    outer loop
      vertex 3.84132 -0.0530628 1.42173
      vertex 4.68119 3.59698 4.5
      vertex 3.84132 3.88694 4.5
    endloop
  endfacet
  facet normal -0.207916 -0.602207 0.770791
    outer loop
      vertex 4.68119 3.59698 4.5
      vertex 3.84132 -0.0530628 1.42173
      vertex 4.68119 -0.162971 1.56241
    endloop
  endfacet
  facet normal -0.904836 -0.262122 0.335505
    outer loop
      vertex 18.3621 -1.48033 14.2936
      vertex 18.7277 3.71503 19.3386
      vertex 18.3621 4.19335 18.7263
    endloop
  endfacet
  facet normal -0.904819 -0.262147 0.33553
    outer loop
      vertex 18.7277 3.71503 19.3386
      vertex 18.3621 -1.48033 14.2936
      vertex 18.7277 -1.95865 14.9058
    endloop
  endfacet
  facet normal -0.886201 -0.285235 0.365088
    outer loop
      vertex 17.9643 -1.01185 13.694
      vertex 18.3621 4.19335 18.7263
      vertex 17.9643 4.66182 18.1267
    endloop
  endfacet
  facet normal -0.886202 -0.285232 0.365086
    outer loop
      vertex 18.3621 4.19335 18.7263
      vertex 17.9643 -1.01185 13.694
      vertex 18.3621 -1.48033 14.2936
    endloop
  endfacet
  facet normal -0.518051 -0.526605 0.674026
    outer loop
      vertex 10.25 3.83806 7.48635
      vertex 10.9844 9.23789 12.2696
      vertex 10.25 9.51174 11.9191
    endloop
  endfacet
  facet normal -0.518046 -0.526607 0.674028
    outer loop
      vertex 10.9844 9.23789 12.2696
      vertex 10.25 3.83806 7.48635
      vertex 10.9844 3.56422 7.83685
    endloop
  endfacet
  facet normal -0.518053 -0.526605 0.674024
    outer loop
      vertex 10.25 -1.52041 3.29985
      vertex 10.9844 -0.706761 4.5
      vertex 10.25 0.0157112 4.5
    endloop
  endfacet
  facet normal -0.518058 -0.526601 0.674024
    outer loop
      vertex 10.9844 -0.706761 4.5
      vertex 10.25 -1.52041 3.29985
      vertex 10.9844 -1.79426 3.65036
    endloop
  endfacet
  facet normal -0.444633 -0.551456 0.705831
    outer loop
      vertex 8.72847 -1.03069 2.67304
      vertex 9.49757 0.687594 4.5
      vertex 8.72847 1.30771 4.5
    endloop
  endfacet
  facet normal -0.444635 -0.551455 0.705831
    outer loop
      vertex 9.49757 0.687594 4.5
      vertex 8.72847 -1.03069 2.67304
      vertex 9.49757 -1.26574 2.97389
    endloop
  endfacet
  facet normal -0.444621 -0.551457 0.705838
    outer loop
      vertex 8.72847 4.32778 6.85954
      vertex 9.49757 9.76641 11.5931
      vertex 8.72847 10.0015 11.2923
    endloop
  endfacet
  facet normal -0.444628 -0.551454 0.705836
    outer loop
      vertex 9.49757 9.76641 11.5931
      vertex 8.72847 4.32778 6.85954
      vertex 9.49757 4.09273 7.16038
    endloop
  endfacet
  facet normal -0.770508 -0.392443 0.5023
    outer loop
      vertex 15.5184 1.15476 10.9208
      vertex 16.0657 6.42112 15.8749
      vertex 15.5184 6.82844 15.3536
    endloop
  endfacet
  facet normal -0.770543 -0.392412 0.502271
    outer loop
      vertex 16.0657 6.42112 15.8749
      vertex 15.5184 1.15476 10.9208
      vertex 16.0657 0.747447 11.4422
    endloop
  endfacet
  facet normal -0.821113 -0.351401 0.449768
    outer loop
      vertex 16.5848 0.326376 11.9811
      vertex 17.0749 5.56597 16.9695
      vertex 16.5848 6.00005 16.4139
    endloop
  endfacet
  facet normal -0.821114 -0.351399 0.449767
    outer loop
      vertex 17.0749 5.56597 16.9695
      vertex 16.5848 0.326376 11.9811
      vertex 17.0749 -0.107709 12.5367
    endloop
  endfacet
  facet normal -0.796566 -0.372196 0.476395
    outer loop
      vertex 16.0657 0.747447 11.4422
      vertex 16.5848 6.00005 16.4139
      vertex 16.0657 6.42112 15.8749
    endloop
  endfacet
  facet normal -0.796533 -0.372228 0.476426
    outer loop
      vertex 16.5848 6.00005 16.4139
      vertex 16.0657 0.747447 11.4422
      vertex 16.5848 0.326376 11.9811
    endloop
  endfacet
  facet normal 0.328867 -0.581415 0.744179
    outer loop
      vertex -7.14573 2.38838 4.5
      vertex -6.33485 -0.447228 1.92624
      vertex -6.33485 2.84704 4.5
    endloop
  endfacet
  facet normal 0.328869 -0.581415 0.744179
    outer loop
      vertex -6.33485 -0.447228 1.92624
      vertex -7.14573 2.38838 4.5
      vertex -7.14573 -0.621077 2.14876
    endloop
  endfacet
  facet normal 0.328821 -0.581427 0.744191
    outer loop
      vertex -7.14573 10.4111 10.768
      vertex -6.33485 4.91124 6.11274
      vertex -6.33485 10.5849 10.5455
    endloop
  endfacet
  facet normal 0.328855 -0.581416 0.744184
    outer loop
      vertex -6.33485 4.91124 6.11274
      vertex -7.14573 10.4111 10.768
      vertex -7.14573 4.7374 6.33525
    endloop
  endfacet
  facet normal 0.166737 -0.607046 0.776977
    outer loop
      vertex -3.84132 10.9791 10.041
      vertex -2.9947 5.39357 5.49539
      vertex -2.9947 11.0672 9.92815
    endloop
  endfacet
  facet normal 0.16677 -0.607039 0.776976
    outer loop
      vertex -2.9947 5.39357 5.49539
      vertex -3.84132 10.9791 10.041
      vertex -3.84132 5.30541 5.60823
    endloop
  endfacet
  facet normal 0.166771 -0.60704 0.776975
    outer loop
      vertex -3.84132 3.88694 4.5
      vertex -2.9947 0.0350963 1.30889
      vertex -2.9947 4.11953 4.5
    endloop
  endfacet
  facet normal 0.166769 -0.60704 0.776975
    outer loop
      vertex -2.9947 0.0350963 1.30889
      vertex -3.84132 3.88694 4.5
      vertex -3.84132 -0.0530628 1.42173
    endloop
  endfacet
  facet normal 0.125362 -0.610804 0.781794
    outer loop
      vertex -2.9947 11.0672 9.92815
      vertex -2.14283 5.45982 5.41059
      vertex -2.14283 11.1335 9.84335
    endloop
  endfacet
  facet normal 0.125327 -0.61081 0.781795
    outer loop
      vertex -2.14283 5.45982 5.41059
      vertex -2.9947 11.0672 9.92815
      vertex -2.9947 5.39357 5.49539
    endloop
  endfacet
  facet normal 0.125335 -0.610806 0.781797
    outer loop
      vertex -2.9947 4.11953 4.5
      vertex -2.14283 0.101351 1.22409
      vertex -2.14283 4.29433 4.5
    endloop
  endfacet
  facet normal 0.12533 -0.610807 0.781797
    outer loop
      vertex -2.14283 0.101351 1.22409
      vertex -2.9947 4.11953 4.5
      vertex -2.9947 0.0350963 1.30889
    endloop
  endfacet
  facet normal 0.58776 -0.498087 0.637532
    outer loop
      vertex -12.3943 -2.29832 4.5
      vertex -11.6996 -2.0868 4.02479
      vertex -11.6996 -1.47855 4.5
    endloop
  endfacet
  facet normal 0.587756 -0.49812 0.637511
    outer loop
      vertex -11.6996 -2.0868 4.02479
      vertex -12.3943 -2.29832 4.5
      vertex -12.3943 -2.39752 4.42249
    endloop
  endfacet
  facet normal 0.587756 -0.498098 0.637528
    outer loop
      vertex -12.3943 8.63463 13.0418
      vertex -11.6996 3.27168 8.21129
      vertex -11.6996 8.94535 12.6441
    endloop
  endfacet
  facet normal 0.587756 -0.498098 0.637528
    outer loop
      vertex -11.6996 3.27168 8.21129
      vertex -12.3943 8.63463 13.0418
      vertex -12.3943 2.96096 8.60899
    endloop
  endfacet
  facet normal 0.653453 -0.466034 0.596499
    outer loop
      vertex -13.7172 7.96086 13.9042
      vertex -13.0672 2.6326 9.02927
      vertex -13.0672 8.30627 13.462
    endloop
  endfacet
  facet normal 0.653415 -0.466058 0.596521
    outer loop
      vertex -13.0672 2.6326 9.02927
      vertex -13.7172 7.96086 13.9042
      vertex -13.7172 2.28718 9.47139
    endloop
  endfacet
  facet normal 8.14709e-05 -0.788008 -0.615665
    outer loop
      vertex -1.19302 -13.0929 40.8517
      vertex -0.429319 -14.0367 42.0598
      vertex -1.2872 -14.0146 42.0314
    endloop
  endfacet
  facet normal 0 -0.788018 -0.615652
    outer loop
      vertex -0.429319 -14.0367 42.0598
      vertex -0.397905 -13.1134 40.878
      vertex 0.429319 -14.0367 42.0598
    endloop
  endfacet
  facet normal -7.23883e-05 -0.788006 -0.615667
    outer loop
      vertex -1.98604 -13.0519 40.7993
      vertex -1.2872 -14.0146 42.0314
      vertex -2.14283 -13.9703 41.9748
    endloop
  endfacet
  facet normal -0 -0.788018 -0.615652
    outer loop
      vertex 0.397905 -13.1134 40.878
      vertex 0.429319 -14.0367 42.0598
      vertex -0.397905 -13.1134 40.878
    endloop
  endfacet
  facet normal 5.09609e-05 -0.788001 -0.615673
    outer loop
      vertex -2.77558 -12.9905 40.7207
      vertex -2.14283 -13.9703 41.9748
      vertex -2.9947 -13.9041 41.89
    endloop
  endfacet
  facet normal -4.6829e-05 -0.788019 -0.615651
    outer loop
      vertex 1.19302 -13.0929 40.8517
      vertex 0.429319 -14.0367 42.0598
      vertex 0.397905 -13.1134 40.878
    endloop
  endfacet
  facet normal -6.84487e-05 -0.788019 -0.61565
    outer loop
      vertex -3.56024 -12.9088 40.6161
      vertex -2.9947 -13.9041 41.89
      vertex -3.84132 -13.8159 41.7772
    endloop
  endfacet
  facet normal -8.14709e-05 -0.788008 -0.615665
    outer loop
      vertex 0.429319 -14.0367 42.0598
      vertex 1.19302 -13.0929 40.8517
      vertex 1.2872 -14.0146 42.0314
    endloop
  endfacet
  facet normal 2.36471e-05 -0.788015 -0.615656
    outer loop
      vertex -4.33867 -12.8069 40.4857
      vertex -3.84132 -13.8159 41.7772
      vertex -4.68119 -13.706 41.6365
    endloop
  endfacet
  facet normal 5.91718e-05 -0.788003 -0.615672
    outer loop
      vertex 1.98604 -13.0519 40.7993
      vertex 1.2872 -14.0146 42.0314
      vertex 1.19302 -13.0929 40.8517
    endloop
  endfacet
  facet normal 8.07246e-05 -0.788023 -0.615646
    outer loop
      vertex -5.10948 -12.6851 40.3297
      vertex -4.68119 -13.706 41.6365
      vertex -5.51286 -13.5746 41.4682
    endloop
  endfacet
  facet normal 7.23883e-05 -0.788006 -0.615667
    outer loop
      vertex 1.2872 -14.0146 42.0314
      vertex 1.98604 -13.0519 40.7993
      vertex 2.14283 -13.9703 41.9748
    endloop
  endfacet
  facet normal -5.44467e-05 -0.788007 -0.615666
    outer loop
      vertex -5.87132 -12.5435 40.1485
      vertex -5.51286 -13.5746 41.4682
      vertex -6.33485 -13.4218 41.2727
    endloop
  endfacet
  facet normal -8.83177e-06 -0.788012 -0.61566
    outer loop
      vertex 2.77558 -12.9905 40.7207
      vertex 2.14283 -13.9703 41.9748
      vertex 1.98604 -13.0519 40.7993
    endloop
  endfacet
  facet normal 2.80657e-05 -0.787986 -0.615694
    outer loop
      vertex -6.62287 -12.3823 39.9423
      vertex -6.33485 -13.4218 41.2727
      vertex -7.14573 -13.2479 41.0501
    endloop
  endfacet
  facet normal -5.09609e-05 -0.788001 -0.615673
    outer loop
      vertex 2.14283 -13.9703 41.9748
      vertex 2.77558 -12.9905 40.7207
      vertex 2.9947 -13.9041 41.89
    endloop
  endfacet
  facet normal -2.5766e-05 -0.787999 -0.615676
    outer loop
      vertex 3.56024 -12.9088 40.6161
      vertex 2.9947 -13.9041 41.89
      vertex 2.77558 -12.9905 40.7207
    endloop
  endfacet
  facet normal 4.6829e-05 -0.788019 -0.615651
    outer loop
      vertex -0.429319 -14.0367 42.0598
      vertex -1.19302 -13.0929 40.8517
      vertex -0.397905 -13.1134 40.878
    endloop
  endfacet
  facet normal -6.362e-05 -0.788018 -0.615652
    outer loop
      vertex -7.3628 -12.202 39.7114
      vertex -7.14573 -13.2479 41.0501
      vertex -7.94407 -13.0533 40.8011
    endloop
  endfacet
  facet normal -5.91718e-05 -0.788003 -0.615672
    outer loop
      vertex -1.2872 -14.0146 42.0314
      vertex -1.98604 -13.0519 40.7993
      vertex -1.19302 -13.0929 40.8517
    endloop
  endfacet
  facet normal 8.83177e-06 -0.788012 -0.61566
    outer loop
      vertex -2.14283 -13.9703 41.9748
      vertex -2.77558 -12.9905 40.7207
      vertex -1.98604 -13.0519 40.7993
    endloop
  endfacet
  facet normal 2.5766e-05 -0.787999 -0.615676
    outer loop
      vertex -2.9947 -13.9041 41.89
      vertex -3.56024 -12.9088 40.6161
      vertex -2.77558 -12.9905 40.7207
    endloop
  endfacet
  facet normal -5.34283e-06 -0.788032 -0.615635
    outer loop
      vertex -8.08981 -12.0027 39.4563
      vertex -7.94407 -13.0533 40.8011
      vertex -8.72847 -12.8383 40.5259
    endloop
  endfacet
  facet normal -2.53461e-05 -0.788024 -0.615644
    outer loop
      vertex -3.84132 -13.8159 41.7772
      vertex -4.33867 -12.8069 40.4857
      vertex -3.56024 -12.9088 40.6161
    endloop
  endfacet
  facet normal 7.72203e-05 -0.788023 -0.615646
    outer loop
      vertex -4.68119 -13.706 41.6365
      vertex -5.10948 -12.6851 40.3297
      vertex -4.33867 -12.8069 40.4857
    endloop
  endfacet
  facet normal -8.30141e-06 -0.788007 -0.615666
    outer loop
      vertex -8.80262 -11.7848 39.1775
      vertex -8.72847 -12.8383 40.5259
      vertex -9.49757 -12.6032 40.225
    endloop
  endfacet
  facet normal -2.86563e-05 -0.788004 -0.61567
    outer loop
      vertex -5.51286 -13.5746 41.4682
      vertex -5.87132 -12.5435 40.1485
      vertex -5.10948 -12.6851 40.3297
    endloop
  endfacet
  facet normal -9.68416e-05 -0.787999 -0.615677
    outer loop
      vertex -6.33485 -13.4218 41.2727
      vertex -6.62287 -12.3823 39.9423
      vertex -5.87132 -12.5435 40.1485
    endloop
  endfacet
  facet normal 9.80394e-05 -0.788017 -0.615653
    outer loop
      vertex -9.5 -11.5488 38.8754
      vertex -9.49757 -12.6032 40.225
      vertex -10.25 -12.3486 39.899
    endloop
  endfacet
  facet normal 0.000109517 -0.788004 -0.61567
    outer loop
      vertex -7.14573 -13.2479 41.0501
      vertex -7.3628 -12.202 39.7114
      vertex -6.62287 -12.3823 39.9423
    endloop
  endfacet
  facet normal -5.23066e-05 -0.787999 -0.615676
    outer loop
      vertex -10.1807 -11.295 38.5505
      vertex -10.25 -12.3486 39.899
      vertex -10.9844 -12.0747 39.5485
    endloop
  endfacet
  facet normal -8.86479e-06 -0.788032 -0.615634
    outer loop
      vertex -7.94407 -13.0533 40.8011
      vertex -8.08981 -12.0027 39.4563
      vertex -7.3628 -12.202 39.7114
    endloop
  endfacet
  facet normal -8.42572e-05 -0.788009 -0.615664
    outer loop
      vertex -8.72847 -12.8383 40.5259
      vertex -8.80262 -11.7848 39.1775
      vertex -8.08981 -12.0027 39.4563
    endloop
  endfacet
  facet normal 5.45197e-06 -0.788019 -0.615651
    outer loop
      vertex -10.8436 -11.0239 38.2035
      vertex -10.9844 -12.0747 39.5485
      vertex -11.6996 -11.7822 39.1741
    endloop
  endfacet
  facet normal 2.39979e-05 -0.788017 -0.615653
    outer loop
      vertex -9.49757 -12.6032 40.225
      vertex -9.5 -11.5488 38.8754
      vertex -8.80262 -11.7848 39.1775
    endloop
  endfacet
  facet normal 1.8692e-05 -0.788012 -0.61566
    outer loop
      vertex -11.4874 -10.7359 37.8349
      vertex -11.6996 -11.7822 39.1741
      vertex -12.3943 -11.4715 38.7764
    endloop
  endfacet
  facet normal 5.47489e-05 -0.788002 -0.615673
    outer loop
      vertex -10.25 -12.3486 39.899
      vertex -10.1807 -11.295 38.5505
      vertex -9.5 -11.5488 38.8754
    endloop
  endfacet
  facet normal -2.36326e-05 -0.788006 -0.615668
    outer loop
      vertex -12.1111 -10.4316 37.4454
      vertex -12.3943 -11.4715 38.7764
      vertex -13.0672 -11.1431 38.3561
    endloop
  endfacet
  facet normal -1.59203e-06 -0.788019 -0.615651
    outer loop
      vertex -10.9844 -12.0747 39.5485
      vertex -10.8436 -11.0239 38.2035
      vertex -10.1807 -11.295 38.5505
    endloop
  endfacet
  facet normal 1.07714e-05 -0.788009 -0.615664
    outer loop
      vertex -12.7135 -10.1114 37.0356
      vertex -13.0672 -11.1431 38.3561
      vertex -13.7172 -10.7977 37.914
    endloop
  endfacet
  facet normal -1.96249e-05 -0.788009 -0.615664
    outer loop
      vertex -11.6996 -11.7822 39.1741
      vertex -11.4874 -10.7359 37.8349
      vertex -10.8436 -11.0239 38.2035
    endloop
  endfacet
  facet normal -7.62769e-06 -0.788009 -0.615664
    outer loop
      vertex -13.2936 -9.77601 36.6063
      vertex -13.7172 -10.7977 37.914
      vertex -14.3431 -10.4358 37.4508
    endloop
  endfacet
  facet normal 1.48728e-05 -0.78801 -0.615663
    outer loop
      vertex -12.3943 -11.4715 38.7764
      vertex -12.1111 -10.4316 37.4454
      vertex -11.4874 -10.7359 37.8349
    endloop
  endfacet
  facet normal -2.80204e-05 -0.788004 -0.615671
    outer loop
      vertex -13.0672 -11.1431 38.3561
      vertex -12.7135 -10.1114 37.0356
      vertex -12.1111 -10.4316 37.4454
    endloop
  endfacet
  facet normal -1.22389e-05 -0.787997 -0.615679
    outer loop
      vertex -13.8504 -9.42595 36.1583
      vertex -14.3431 -10.4358 37.4508
      vertex -14.9439 -10.0581 36.9674
    endloop
  endfacet
  facet normal 1.84458e-05 -0.788013 -0.615659
    outer loop
      vertex -13.7172 -10.7977 37.914
      vertex -13.2936 -9.77601 36.6063
      vertex -12.7135 -10.1114 37.0356
    endloop
  endfacet
  facet normal -7.42766e-06 -0.788023 -0.615646
    outer loop
      vertex -14.3829 -9.06185 35.6922
      vertex -14.9439 -10.0581 36.9674
      vertex -15.5184 -9.66528 36.4646
    endloop
  endfacet
  facet normal -3.33081e-05 -0.787993 -0.615684
    outer loop
      vertex -14.3431 -10.4358 37.4508
      vertex -13.8504 -9.42595 36.1583
      vertex -13.2936 -9.77601 36.6063
    endloop
  endfacet
  facet normal 2.41705e-05 -0.788029 -0.615638
    outer loop
      vertex -14.8902 -8.68434 35.209
      vertex -15.5184 -9.66528 36.4646
      vertex -16.0657 -9.25796 35.9432
    endloop
  endfacet
  facet normal 4.34056e-05 -0.788034 -0.615632
    outer loop
      vertex -14.9439 -10.0581 36.9674
      vertex -14.3829 -9.06185 35.6922
      vertex -13.8504 -9.42595 36.1583
    endloop
  endfacet
  facet normal -3.03876e-05 -0.788 -0.615675
    outer loop
      vertex -15.3713 -8.29408 34.7095
      vertex -16.0657 -9.25796 35.9432
      vertex -16.5848 -8.83689 35.4043
    endloop
  endfacet
  facet normal -9.50808e-06 -0.788021 -0.615648
    outer loop
      vertex -15.5184 -9.66528 36.4646
      vertex -14.8902 -8.68434 35.209
      vertex -14.3829 -9.06185 35.6922
    endloop
  endfacet
  facet normal 1.02568e-05 -0.788008 -0.615665
    outer loop
      vertex -15.8255 -7.89175 34.1946
      vertex -16.5848 -8.83689 35.4043
      vertex -17.0749 -8.40281 34.8487
    endloop
  endfacet
  facet normal -4.77806e-06 -0.788007 -0.615666
    outer loop
      vertex -16.0657 -9.25796 35.9432
      vertex -15.3713 -8.29408 34.7095
      vertex -14.8902 -8.68434 35.209
    endloop
  endfacet
  facet normal 7.94028e-06 -0.788013 -0.615658
    outer loop
      vertex -16.2519 -7.47808 33.6651
      vertex -17.0749 -8.40281 34.8487
      vertex -17.535 -7.95647 34.2774
    endloop
  endfacet
  facet normal -3.85571e-05 -0.787993 -0.615684
    outer loop
      vertex -16.5848 -8.83689 35.4043
      vertex -15.8255 -7.89175 34.1946
      vertex -15.3713 -8.29408 34.7095
    endloop
  endfacet
  facet normal 2.67031e-05 -0.788017 -0.615654
    outer loop
      vertex -16.6498 -7.05376 33.122
      vertex -17.535 -7.95647 34.2774
      vertex -17.9643 -7.49866 33.6914
    endloop
  endfacet
  facet normal 2.07154e-05 -0.788018 -0.615653
    outer loop
      vertex -17.0749 -8.40281 34.8487
      vertex -16.2519 -7.47808 33.6651
      vertex -15.8255 -7.89175 34.1946
    endloop
  endfacet
  facet normal 2.07206e-06 -0.788007 -0.615666
    outer loop
      vertex -17.535 -7.95647 34.2774
      vertex -16.6498 -7.05376 33.122
      vertex -16.2519 -7.47808 33.6651
    endloop
  endfacet
  facet normal -1.55939e-05 -0.788009 -0.615664
    outer loop
      vertex -17.0185 -6.61957 32.5662
      vertex -17.9643 -7.49866 33.6914
      vertex -18.3621 -7.03019 33.0918
    endloop
  endfacet
  facet normal 3.99103e-05 -0.788031 -0.615635
    outer loop
      vertex -17.9643 -7.49866 33.6914
      vertex -17.0185 -6.61957 32.5662
      vertex -16.6498 -7.05376 33.122
    endloop
  endfacet
  facet normal -1.68461e-05 -0.788005 -0.615669
    outer loop
      vertex -17.3574 -6.17625 31.9988
      vertex -18.3621 -7.03019 33.0918
      vertex -18.7277 -6.55187 32.4796
    endloop
  endfacet
  facet normal -1.94419e-05 -0.788004 -0.61567
    outer loop
      vertex -18.3621 -7.03019 33.0918
      vertex -17.3574 -6.17625 31.9988
      vertex -17.0185 -6.61957 32.5662
    endloop
  endfacet
  facet normal 2.31156e-05 -0.788027 -0.615641
    outer loop
      vertex -17.6658 -5.72458 31.4207
      vertex -18.7277 -6.55187 32.4796
      vertex -19.0604 -6.06454 31.8558
    endloop
  endfacet
  facet normal -1.42561e-05 -0.788009 -0.615664
    outer loop
      vertex -18.7277 -6.55187 32.4796
      vertex -17.6658 -5.72458 31.4207
      vertex -17.3574 -6.17625 31.9988
    endloop
  endfacet
  facet normal -5.16093e-05 -0.787982 -0.615698
    outer loop
      vertex -17.9431 -5.26536 30.8329
      vertex -19.0604 -6.06454 31.8558
      vertex -19.3597 -5.56906 31.2217
    endloop
  endfacet
  facet normal 1.83229e-05 -0.788019 -0.61565
    outer loop
      vertex -19.0604 -6.06454 31.8558
      vertex -17.9431 -5.26536 30.8329
      vertex -17.6658 -5.72458 31.4207
    endloop
  endfacet
  facet normal -2.07013e-05 -0.788019 -0.615651
    outer loop
      vertex -18.1891 -4.79939 30.2365
      vertex -19.3597 -5.56906 31.2217
      vertex -19.625 -5.06631 30.5782
    endloop
  endfacet
  facet normal -3.55721e-05 -0.788011 -0.615662
    outer loop
      vertex -19.3597 -5.56906 31.2217
      vertex -18.1891 -4.79939 30.2365
      vertex -17.9431 -5.26536 30.8329
    endloop
  endfacet
  facet normal -1.83405e-05 -0.788016 -0.615655
    outer loop
      vertex -18.4031 -4.32749 29.6325
      vertex -19.625 -5.06631 30.5782
      vertex -19.856 -4.55715 29.9265
    endloop
  endfacet
  facet normal -2.39234e-05 -0.788013 -0.615659
    outer loop
      vertex -19.625 -5.06631 30.5782
      vertex -18.4031 -4.32749 29.6325
      vertex -18.1891 -4.79939 30.2365
    endloop
  endfacet
  facet normal 2.73208e-05 -0.788031 -0.615636
    outer loop
      vertex -18.5848 -3.85048 29.022
      vertex -19.856 -4.55715 29.9265
      vertex -20.052 -4.04248 29.2677
    endloop
  endfacet
  facet normal -2.80787e-05 -0.787993 -0.615684
    outer loop
      vertex -19.856 -4.55715 29.9265
      vertex -18.5848 -3.85048 29.022
      vertex -18.4031 -4.32749 29.6325
    endloop
  endfacet
  facet normal 6.91189e-06 -0.788 -0.615675
    outer loop
      vertex -18.7339 -3.36921 28.406
      vertex -20.052 -4.04248 29.2677
      vertex -20.2129 -3.52322 28.6031
    endloop
  endfacet
  facet normal 2.00775e-05 -0.78801 -0.615663
    outer loop
      vertex -20.052 -4.04248 29.2677
      vertex -18.7339 -3.36921 28.406
      vertex -18.5848 -3.85048 29.022
    endloop
  endfacet
  facet normal 2.53728e-05 -0.788027 -0.615641
    outer loop
      vertex -18.8502 -2.88451 27.7856
      vertex -20.2129 -3.52322 28.6031
      vertex -20.3384 -3.00026 27.9337
    endloop
  endfacet
  facet normal 1.1256e-05 -0.788016 -0.615655
    outer loop
      vertex -20.2129 -3.52322 28.6031
      vertex -18.8502 -2.88451 27.7856
      vertex -18.7339 -3.36921 28.406
    endloop
  endfacet
  facet normal -5.45965e-07 -0.788003 -0.615671
    outer loop
      vertex -18.9334 -2.39725 27.1619
      vertex -20.3384 -3.00026 27.9337
      vertex -20.4281 -2.47452 27.2608
    endloop
  endfacet
  facet normal 2.51939e-05 -0.788026 -0.615642
    outer loop
      vertex -20.3384 -3.00026 27.9337
      vertex -18.9334 -2.39725 27.1619
      vertex -18.8502 -2.88451 27.7856
    endloop
  endfacet
  facet normal -1.43976e-06 -0.788018 -0.615653
    outer loop
      vertex -18.9833 -1.90826 26.536
      vertex -20.4281 -2.47452 27.2608
      vertex -20.482 -1.94693 26.5855
    endloop
  endfacet
  facet normal 1.8283e-06 -0.788021 -0.615649
    outer loop
      vertex -20.4281 -2.47452 27.2608
      vertex -18.9833 -1.90826 26.536
      vertex -18.9334 -2.39725 27.1619
    endloop
  endfacet
  facet normal -0 -0.787983 -0.615696
    outer loop
      vertex -19 -1.41842 25.9091
      vertex -20.482 -1.94693 26.5855
      vertex -20.5 -1.41842 25.9091
    endloop
  endfacet
  facet normal -4.06994e-06 -0.787979 -0.615702
    outer loop
      vertex -20.482 -1.94693 26.5855
      vertex -19 -1.41842 25.9091
      vertex -18.9833 -1.90826 26.536
    endloop
  endfacet
  facet normal 0 -0.788024 -0.615644
    outer loop
      vertex -20.482 -0.889904 25.2326
      vertex -19 -1.41842 25.9091
      vertex -20.5 -1.41842 25.9091
    endloop
  endfacet
  facet normal -5.52993e-08 -0.788024 -0.615644
    outer loop
      vertex -19 -1.41842 25.9091
      vertex -20.482 -0.889904 25.2326
      vertex -18.9833 -0.928576 25.2821
    endloop
  endfacet
  facet normal 3.14046e-07 -0.788019 -0.615651
    outer loop
      vertex -20.4281 -0.362316 24.5573
      vertex -18.9833 -0.928576 25.2821
      vertex -20.482 -0.889904 25.2326
    endloop
  endfacet
  facet normal -5.4722e-06 -0.788024 -0.615644
    outer loop
      vertex -18.9833 -0.928576 25.2821
      vertex -20.4281 -0.362316 24.5573
      vertex -18.9334 -0.439592 24.6562
    endloop
  endfacet
  facet normal -2.97362e-06 -0.788006 -0.615667
    outer loop
      vertex -20.3384 0.163419 23.8844
      vertex -18.9334 -0.439592 24.6562
      vertex -20.4281 -0.362316 24.5573
    endloop
  endfacet
  facet normal 2.91432e-05 -0.787978 -0.615704
    outer loop
      vertex -18.9334 -0.439592 24.6562
      vertex -20.3384 0.163419 23.8844
      vertex -18.8502 0.0476747 24.0326
    endloop
  endfacet
  facet normal 2.71906e-05 -0.787987 -0.615692
    outer loop
      vertex -20.2129 0.686379 23.2151
      vertex -18.8502 0.0476747 24.0326
      vertex -20.3384 0.163419 23.8844
    endloop
  endfacet
  facet normal -1.15124e-05 -0.788019 -0.615652
    outer loop
      vertex -18.8502 0.0476747 24.0326
      vertex -20.2129 0.686379 23.2151
      vertex -18.7339 0.53237 23.4122
    endloop
  endfacet
  facet normal -1.66709e-05 -0.788037 -0.615627
    outer loop
      vertex -20.052 1.20565 22.5504
      vertex -18.7339 0.53237 23.4122
      vertex -20.2129 0.686379 23.2151
    endloop
  endfacet
  facet normal 1.50875e-05 -0.788014 -0.615658
    outer loop
      vertex -18.7339 0.53237 23.4122
      vertex -20.052 1.20565 22.5504
      vertex -18.5848 1.01364 22.7962
    endloop
  endfacet
  facet normal 2.05352e-05 -0.787998 -0.615678
    outer loop
      vertex -19.856 1.72031 21.8917
      vertex -18.5848 1.01364 22.7962
      vertex -20.052 1.20565 22.5504
    endloop
  endfacet
  facet normal -3.1132e-05 -0.788033 -0.615633
    outer loop
      vertex -18.5848 1.01364 22.7962
      vertex -19.856 1.72031 21.8917
      vertex -18.4031 1.49065 22.1856
    endloop
  endfacet
  facet normal -2.11985e-05 -0.788009 -0.615663
    outer loop
      vertex -19.625 2.22947 21.24
      vertex -18.4031 1.49065 22.1856
      vertex -19.856 1.72031 21.8917
    endloop
  endfacet
  facet normal -1.56196e-05 -0.788006 -0.615668
    outer loop
      vertex -18.4031 1.49065 22.1856
      vertex -19.625 2.22947 21.24
      vertex -18.1891 1.96255 21.5816
    endloop
  endfacet
  facet normal -1.56913e-05 -0.788006 -0.615668
    outer loop
      vertex -19.3597 2.73223 20.5965
      vertex -18.1891 1.96255 21.5816
      vertex -19.625 2.22947 21.24
    endloop
  endfacet
  facet normal -8.46669e-06 -0.788002 -0.615673
    outer loop
      vertex -18.1891 1.96255 21.5816
      vertex -19.3597 2.73223 20.5965
      vertex -17.9431 2.42852 20.9852
    endloop
  endfacet
  facet normal -1.83992e-05 -0.788019 -0.61565
    outer loop
      vertex -19.0604 3.2277 19.9623
      vertex -17.9431 2.42852 20.9852
      vertex -19.3597 2.73223 20.5965
    endloop
  endfacet
  facet normal -1.83229e-05 -0.788019 -0.61565
    outer loop
      vertex -17.9431 2.42852 20.9852
      vertex -19.0604 3.2277 19.9623
      vertex -17.6658 2.88774 20.3974
    endloop
  endfacet
  facet normal 3.28609e-06 -0.787986 -0.615693
    outer loop
      vertex -18.7277 3.71503 19.3386
      vertex -17.6658 2.88774 20.3974
      vertex -19.0604 3.2277 19.9623
    endloop
  endfacet
  facet normal -2.35901e-05 -0.787999 -0.615677
    outer loop
      vertex -17.6658 2.88774 20.3974
      vertex -18.7277 3.71503 19.3386
      vertex -17.3574 3.33941 19.8193
    endloop
  endfacet
  facet normal -4.94683e-05 -0.788035 -0.615631
    outer loop
      vertex -18.3621 4.19335 18.7263
      vertex -17.3574 3.33941 19.8193
      vertex -18.7277 3.71503 19.3386
    endloop
  endfacet
  facet normal 1.94419e-05 -0.788004 -0.61567
    outer loop
      vertex -17.3574 3.33941 19.8193
      vertex -18.3621 4.19335 18.7263
      vertex -17.0185 3.78273 19.2519
    endloop
  endfacet
  facet normal 1.55939e-05 -0.788009 -0.615664
    outer loop
      vertex -17.9643 4.66182 18.1267
      vertex -17.0185 3.78273 19.2519
      vertex -18.3621 4.19335 18.7263
    endloop
  endfacet
  facet normal 4.31745e-05 -0.787997 -0.615679
    outer loop
      vertex -17.0185 3.78273 19.2519
      vertex -17.9643 4.66182 18.1267
      vertex -16.6498 4.21693 18.6962
    endloop
  endfacet
  facet normal 4.79512e-05 -0.787992 -0.615685
    outer loop
      vertex -17.535 5.11963 17.5408
      vertex -16.6498 4.21693 18.6962
      vertex -17.9643 4.66182 18.1267
    endloop
  endfacet
  facet normal -7.2024e-06 -0.788013 -0.615659
    outer loop
      vertex -16.6498 4.21693 18.6962
      vertex -17.535 5.11963 17.5408
      vertex -16.2519 4.64124 18.1531
    endloop
  endfacet
  facet normal -7.94028e-06 -0.788013 -0.615658
    outer loop
      vertex -17.0749 5.56597 16.9695
      vertex -16.2519 4.64124 18.1531
      vertex -17.535 5.11963 17.5408
    endloop
  endfacet
  facet normal -1.0798e-05 -0.788014 -0.615657
    outer loop
      vertex -16.2519 4.64124 18.1531
      vertex -17.0749 5.56597 16.9695
      vertex -15.8255 5.05492 17.6236
    endloop
  endfacet
  facet normal -5.94226e-06 -0.78801 -0.615663
    outer loop
      vertex -16.5848 6.00005 16.4139
      vertex -15.8255 5.05492 17.6236
      vertex -17.0749 5.56597 16.9695
    endloop
  endfacet
  facet normal -4.64576e-05 -0.788022 -0.615647
    outer loop
      vertex -15.8255 5.05492 17.6236
      vertex -16.5848 6.00005 16.4139
      vertex -15.3713 5.45724 17.1086
    endloop
  endfacet
  facet normal -4.44693e-05 -0.78802 -0.615649
    outer loop
      vertex -16.0657 6.42112 15.8749
      vertex -15.3713 5.45724 17.1086
      vertex -16.5848 6.00005 16.4139
    endloop
  endfacet
  facet normal 4.77806e-06 -0.788007 -0.615666
    outer loop
      vertex -15.3713 5.45724 17.1086
      vertex -16.0657 6.42112 15.8749
      vertex -14.8902 5.8475 16.6091
    endloop
  endfacet
  facet normal 2.03776e-05 -0.787995 -0.615682
    outer loop
      vertex -15.5184 6.82844 15.3536
      vertex -14.8902 5.8475 16.6091
      vertex -16.0657 6.42112 15.8749
    endloop
  endfacet
  facet normal -2.21229e-05 -0.788005 -0.615669
    outer loop
      vertex -14.8902 5.8475 16.6091
      vertex -15.5184 6.82844 15.3536
      vertex -14.3829 6.22501 16.1259
    endloop
  endfacet
  facet normal -5.19475e-05 -0.788026 -0.615641
    outer loop
      vertex -14.9439 7.22129 14.8507
      vertex -14.3829 6.22501 16.1259
      vertex -15.5184 6.82844 15.3536
    endloop
  endfacet
  facet normal 3.90388e-05 -0.788007 -0.615666
    outer loop
      vertex -14.3829 6.22501 16.1259
      vertex -14.9439 7.22129 14.8507
      vertex -13.8504 6.58912 15.6599
    endloop
  endfacet
  facet normal 2.77771e-05 -0.788014 -0.615657
    outer loop
      vertex -14.3431 7.59898 14.3673
      vertex -13.8504 6.58912 15.6599
      vertex -14.9439 7.22129 14.8507
    endloop
  endfacet
  facet normal -3.65618e-05 -0.788026 -0.615642
    outer loop
      vertex -13.8504 6.58912 15.6599
      vertex -14.3431 7.59898 14.3673
      vertex -13.2936 6.93917 15.2118
    endloop
  endfacet
  facet normal 3.85597e-05 -0.787981 -0.6157
    outer loop
      vertex -13.7172 7.96086 13.9042
      vertex -13.2936 6.93917 15.2118
      vertex -14.3431 7.59898 14.3673
    endloop
  endfacet
  facet normal 5.00198e-05 -0.787979 -0.615702
    outer loop
      vertex -13.2936 6.93917 15.2118
      vertex -13.7172 7.96086 13.9042
      vertex -12.7135 7.27457 14.7826
    endloop
  endfacet
  facet normal -5.381e-05 -0.788037 -0.615628
    outer loop
      vertex -13.0672 8.30627 13.462
      vertex -12.7135 7.27457 14.7826
      vertex -13.7172 7.96086 13.9042
    endloop
  endfacet
  facet normal -1.1543e-05 -0.788031 -0.615635
    outer loop
      vertex -12.7135 7.27457 14.7826
      vertex -13.0672 8.30627 13.462
      vertex -12.1111 7.59471 14.3728
    endloop
  endfacet
  facet normal 5.65203e-05 -0.787997 -0.61568
    outer loop
      vertex -12.3943 8.63463 13.0418
      vertex -12.1111 7.59471 14.3728
      vertex -13.0672 8.30627 13.462
    endloop
  endfacet
  facet normal 1.20573e-05 -0.788001 -0.615674
    outer loop
      vertex -12.1111 7.59471 14.3728
      vertex -12.3943 8.63463 13.0418
      vertex -11.4874 7.89904 13.9833
    endloop
  endfacet
  facet normal -9.80802e-07 -0.788007 -0.615666
    outer loop
      vertex -11.6996 8.94535 12.6441
      vertex -11.4874 7.89904 13.9833
      vertex -12.3943 8.63463 13.0418
    endloop
  endfacet
  facet normal 5.3143e-06 -0.788007 -0.615666
    outer loop
      vertex -11.4874 7.89904 13.9833
      vertex -11.6996 8.94535 12.6441
      vertex -10.8436 8.18703 13.6147
    endloop
  endfacet
  facet normal -4.00061e-05 -0.788026 -0.615642
    outer loop
      vertex -10.9844 9.23789 12.2696
      vertex -10.8436 8.18703 13.6147
      vertex -11.6996 8.94535 12.6441
    endloop
  endfacet
  facet normal -4.73743e-05 -0.788027 -0.615641
    outer loop
      vertex -10.8436 8.18703 13.6147
      vertex -10.9844 9.23789 12.2696
      vertex -10.1807 8.45816 13.2676
    endloop
  endfacet
  facet normal 5.38603e-06 -0.788006 -0.615668
    outer loop
      vertex -10.25 9.51174 11.9191
      vertex -10.1807 8.45816 13.2676
      vertex -10.9844 9.23789 12.2696
    endloop
  endfacet
  facet normal 5.02759e-05 -0.788005 -0.615669
    outer loop
      vertex -10.1807 8.45816 13.2676
      vertex -10.25 9.51174 11.9191
      vertex -9.5 8.71197 12.9428
    endloop
  endfacet
  facet normal -1.50195e-05 -0.788028 -0.615639
    outer loop
      vertex -9.49757 9.76641 11.5931
      vertex -9.5 8.71197 12.9428
      vertex -10.25 9.51174 11.9191
    endloop
  endfacet
  facet normal 3.0887e-05 -0.788028 -0.615639
    outer loop
      vertex -9.5 8.71197 12.9428
      vertex -9.49757 9.76641 11.5931
      vertex -8.80262 8.94801 12.6407
    endloop
  endfacet
  facet normal 8.19765e-05 -0.788012 -0.61566
    outer loop
      vertex -8.72847 10.0015 11.2923
      vertex -8.80262 8.94801 12.6407
      vertex -9.49757 9.76641 11.5931
    endloop
  endfacet
  facet normal -5.81668e-05 -0.788008 -0.615665
    outer loop
      vertex -8.80262 8.94801 12.6407
      vertex -8.72847 10.0015 11.2923
      vertex -8.08981 9.16586 12.3618
    endloop
  endfacet
  facet normal -1.99027e-05 -0.787997 -0.615679
    outer loop
      vertex -7.94407 10.2165 11.0171
      vertex -8.08981 9.16586 12.3618
      vertex -8.72847 10.0015 11.2923
    endloop
  endfacet
  facet normal 4.91144e-05 -0.788 -0.615675
    outer loop
      vertex -8.08981 9.16586 12.3618
      vertex -7.94407 10.2165 11.0171
      vertex -7.3628 9.36514 12.1068
    endloop
  endfacet
  facet normal -1.40993e-05 -0.788017 -0.615654
    outer loop
      vertex -7.14573 10.4111 10.768
      vertex -7.3628 9.36514 12.1068
      vertex -7.94407 10.2165 11.0171
    endloop
  endfacet
  facet normal -3.87063e-05 -0.788015 -0.615656
    outer loop
      vertex -7.3628 9.36514 12.1068
      vertex -7.14573 10.4111 10.768
      vertex -6.62287 9.5455 11.8759
    endloop
  endfacet
  facet normal -3.33778e-05 -0.788014 -0.615658
    outer loop
      vertex -6.33485 10.5849 10.5455
      vertex -6.62287 9.5455 11.8759
      vertex -7.14573 10.4111 10.768
    endloop
  endfacet
  facet normal 3.609e-05 -0.788021 -0.615648
    outer loop
      vertex -6.62287 9.5455 11.8759
      vertex -6.33485 10.5849 10.5455
      vertex -5.87132 9.70663 11.6697
    endloop
  endfacet
  facet normal -9.20399e-06 -0.78803 -0.615637
    outer loop
      vertex -5.51286 10.7377 10.3499
      vertex -5.87132 9.70663 11.6697
      vertex -6.33485 10.5849 10.5455
    endloop
  endfacet
  facet normal -3.02588e-05 -0.788027 -0.61564
    outer loop
      vertex -5.87132 9.70663 11.6697
      vertex -5.51286 10.7377 10.3499
      vertex -5.10948 9.84824 11.4884
    endloop
  endfacet
  facet normal 8.19906e-05 -0.788008 -0.615665
    outer loop
      vertex -4.68119 10.8692 10.1817
      vertex -5.10948 9.84824 11.4884
      vertex -5.51286 10.7377 10.3499
    endloop
  endfacet
  facet normal 4.50213e-05 -0.788002 -0.615673
    outer loop
      vertex -5.10948 9.84824 11.4884
      vertex -4.68119 10.8692 10.1817
      vertex -4.33867 9.97009 11.3325
    endloop
  endfacet
  facet normal -2.47397e-05 -0.788012 -0.61566
    outer loop
      vertex -3.84132 10.9791 10.041
      vertex -4.33867 9.97009 11.3325
      vertex -4.68119 10.8692 10.1817
    endloop
  endfacet
  facet normal -5.69438e-05 -0.788034 -0.615632
    outer loop
      vertex -2.9947 11.0672 9.92815
      vertex -3.56024 10.072 11.2021
      vertex -3.84132 10.9791 10.041
    endloop
  endfacet
  facet normal 3.50748e-05 -0.788023 -0.615645
    outer loop
      vertex -4.33867 9.97009 11.3325
      vertex -3.84132 10.9791 10.041
      vertex -3.56024 10.072 11.2021
    endloop
  endfacet
  facet normal 6.84487e-05 -0.788019 -0.61565
    outer loop
      vertex 2.9947 -13.9041 41.89
      vertex 3.56024 -12.9088 40.6161
      vertex 3.84132 -13.8159 41.7772
    endloop
  endfacet
  facet normal 2.53461e-05 -0.788024 -0.615644
    outer loop
      vertex 4.33867 -12.8069 40.4857
      vertex 3.84132 -13.8159 41.7772
      vertex 3.56024 -12.9088 40.6161
    endloop
  endfacet
  facet normal -2.36471e-05 -0.788015 -0.615656
    outer loop
      vertex 3.84132 -13.8159 41.7772
      vertex 4.33867 -12.8069 40.4857
      vertex 4.68119 -13.706 41.6365
    endloop
  endfacet
  facet normal -7.72203e-05 -0.788023 -0.615646
    outer loop
      vertex 5.10948 -12.6851 40.3297
      vertex 4.68119 -13.706 41.6365
      vertex 4.33867 -12.8069 40.4857
    endloop
  endfacet
  facet normal -8.07246e-05 -0.788023 -0.615646
    outer loop
      vertex 4.68119 -13.706 41.6365
      vertex 5.10948 -12.6851 40.3297
      vertex 5.51286 -13.5746 41.4682
    endloop
  endfacet
  facet normal 2.86563e-05 -0.788004 -0.61567
    outer loop
      vertex 5.87132 -12.5435 40.1485
      vertex 5.51286 -13.5746 41.4682
      vertex 5.10948 -12.6851 40.3297
    endloop
  endfacet
  facet normal 5.44467e-05 -0.788007 -0.615666
    outer loop
      vertex 5.51286 -13.5746 41.4682
      vertex 5.87132 -12.5435 40.1485
      vertex 6.33485 -13.4218 41.2727
    endloop
  endfacet
  facet normal 9.68416e-05 -0.787999 -0.615677
    outer loop
      vertex 6.62287 -12.3823 39.9423
      vertex 6.33485 -13.4218 41.2727
      vertex 5.87132 -12.5435 40.1485
    endloop
  endfacet
  facet normal -2.80657e-05 -0.787986 -0.615694
    outer loop
      vertex 6.33485 -13.4218 41.2727
      vertex 6.62287 -12.3823 39.9423
      vertex 7.14573 -13.2479 41.0501
    endloop
  endfacet
  facet normal -0.000109517 -0.788004 -0.61567
    outer loop
      vertex 7.3628 -12.202 39.7114
      vertex 7.14573 -13.2479 41.0501
      vertex 6.62287 -12.3823 39.9423
    endloop
  endfacet
  facet normal 6.362e-05 -0.788018 -0.615652
    outer loop
      vertex 7.14573 -13.2479 41.0501
      vertex 7.3628 -12.202 39.7114
      vertex 7.94407 -13.0533 40.8011
    endloop
  endfacet
  facet normal 8.86479e-06 -0.788032 -0.615634
    outer loop
      vertex 8.08981 -12.0027 39.4563
      vertex 7.94407 -13.0533 40.8011
      vertex 7.3628 -12.202 39.7114
    endloop
  endfacet
  facet normal 5.34283e-06 -0.788032 -0.615635
    outer loop
      vertex 7.94407 -13.0533 40.8011
      vertex 8.08981 -12.0027 39.4563
      vertex 8.72847 -12.8383 40.5259
    endloop
  endfacet
  facet normal 8.42572e-05 -0.788009 -0.615664
    outer loop
      vertex 8.80262 -11.7848 39.1775
      vertex 8.72847 -12.8383 40.5259
      vertex 8.08981 -12.0027 39.4563
    endloop
  endfacet
  facet normal 8.30141e-06 -0.788007 -0.615666
    outer loop
      vertex 8.72847 -12.8383 40.5259
      vertex 8.80262 -11.7848 39.1775
      vertex 9.49757 -12.6032 40.225
    endloop
  endfacet
  facet normal -2.39979e-05 -0.788017 -0.615653
    outer loop
      vertex 9.5 -11.5488 38.8754
      vertex 9.49757 -12.6032 40.225
      vertex 8.80262 -11.7848 39.1775
    endloop
  endfacet
  facet normal -9.80394e-05 -0.788017 -0.615653
    outer loop
      vertex 9.49757 -12.6032 40.225
      vertex 9.5 -11.5488 38.8754
      vertex 10.25 -12.3486 39.899
    endloop
  endfacet
  facet normal -5.47489e-05 -0.788002 -0.615673
    outer loop
      vertex 10.1807 -11.295 38.5505
      vertex 10.25 -12.3486 39.899
      vertex 9.5 -11.5488 38.8754
    endloop
  endfacet
  facet normal 5.23066e-05 -0.787999 -0.615676
    outer loop
      vertex 10.25 -12.3486 39.899
      vertex 10.1807 -11.295 38.5505
      vertex 10.9844 -12.0747 39.5485
    endloop
  endfacet
  facet normal 1.59203e-06 -0.788019 -0.615651
    outer loop
      vertex 10.8436 -11.0239 38.2035
      vertex 10.9844 -12.0747 39.5485
      vertex 10.1807 -11.295 38.5505
    endloop
  endfacet
  facet normal -5.45197e-06 -0.788019 -0.615651
    outer loop
      vertex 10.9844 -12.0747 39.5485
      vertex 10.8436 -11.0239 38.2035
      vertex 11.6996 -11.7822 39.1741
    endloop
  endfacet
  facet normal 1.96249e-05 -0.788009 -0.615664
    outer loop
      vertex 11.4874 -10.7359 37.8349
      vertex 11.6996 -11.7822 39.1741
      vertex 10.8436 -11.0239 38.2035
    endloop
  endfacet
  facet normal -1.8692e-05 -0.788012 -0.61566
    outer loop
      vertex 11.6996 -11.7822 39.1741
      vertex 11.4874 -10.7359 37.8349
      vertex 12.3943 -11.4715 38.7764
    endloop
  endfacet
  facet normal -1.48728e-05 -0.78801 -0.615663
    outer loop
      vertex 12.1111 -10.4316 37.4454
      vertex 12.3943 -11.4715 38.7764
      vertex 11.4874 -10.7359 37.8349
    endloop
  endfacet
  facet normal 2.36326e-05 -0.788006 -0.615668
    outer loop
      vertex 12.3943 -11.4715 38.7764
      vertex 12.1111 -10.4316 37.4454
      vertex 13.0672 -11.1431 38.3561
    endloop
  endfacet
  facet normal 2.80204e-05 -0.788004 -0.615671
    outer loop
      vertex 12.7135 -10.1114 37.0356
      vertex 13.0672 -11.1431 38.3561
      vertex 12.1111 -10.4316 37.4454
    endloop
  endfacet
  facet normal -1.07714e-05 -0.788009 -0.615664
    outer loop
      vertex 13.0672 -11.1431 38.3561
      vertex 12.7135 -10.1114 37.0356
      vertex 13.7172 -10.7977 37.914
    endloop
  endfacet
  facet normal -1.84458e-05 -0.788013 -0.615659
    outer loop
      vertex 13.2936 -9.77601 36.6063
      vertex 13.7172 -10.7977 37.914
      vertex 12.7135 -10.1114 37.0356
    endloop
  endfacet
  facet normal 7.62769e-06 -0.788009 -0.615664
    outer loop
      vertex 13.7172 -10.7977 37.914
      vertex 13.2936 -9.77601 36.6063
      vertex 14.3431 -10.4358 37.4508
    endloop
  endfacet
  facet normal 3.33081e-05 -0.787993 -0.615684
    outer loop
      vertex 13.8504 -9.42595 36.1583
      vertex 14.3431 -10.4358 37.4508
      vertex 13.2936 -9.77601 36.6063
    endloop
  endfacet
  facet normal 1.22389e-05 -0.787997 -0.615679
    outer loop
      vertex 14.3431 -10.4358 37.4508
      vertex 13.8504 -9.42595 36.1583
      vertex 14.9439 -10.0581 36.9674
    endloop
  endfacet
  facet normal -4.34056e-05 -0.788034 -0.615632
    outer loop
      vertex 14.3829 -9.06185 35.6922
      vertex 14.9439 -10.0581 36.9674
      vertex 13.8504 -9.42595 36.1583
    endloop
  endfacet
  facet normal 7.42766e-06 -0.788023 -0.615646
    outer loop
      vertex 14.9439 -10.0581 36.9674
      vertex 14.3829 -9.06185 35.6922
      vertex 15.5184 -9.66528 36.4646
    endloop
  endfacet
  facet normal 9.50808e-06 -0.788021 -0.615648
    outer loop
      vertex 14.8902 -8.68434 35.209
      vertex 15.5184 -9.66528 36.4646
      vertex 14.3829 -9.06185 35.6922
    endloop
  endfacet
  facet normal -2.41705e-05 -0.788029 -0.615638
    outer loop
      vertex 15.5184 -9.66528 36.4646
      vertex 14.8902 -8.68434 35.209
      vertex 16.0657 -9.25796 35.9432
    endloop
  endfacet
  facet normal 4.77806e-06 -0.788007 -0.615666
    outer loop
      vertex 15.3713 -8.29408 34.7095
      vertex 16.0657 -9.25796 35.9432
      vertex 14.8902 -8.68434 35.209
    endloop
  endfacet
  facet normal 3.03876e-05 -0.788 -0.615675
    outer loop
      vertex 16.0657 -9.25796 35.9432
      vertex 15.3713 -8.29408 34.7095
      vertex 16.5848 -8.83689 35.4043
    endloop
  endfacet
  facet normal 3.85571e-05 -0.787993 -0.615684
    outer loop
      vertex 15.8255 -7.89175 34.1946
      vertex 16.5848 -8.83689 35.4043
      vertex 15.3713 -8.29408 34.7095
    endloop
  endfacet
  facet normal -1.02568e-05 -0.788008 -0.615665
    outer loop
      vertex 16.5848 -8.83689 35.4043
      vertex 15.8255 -7.89175 34.1946
      vertex 17.0749 -8.40281 34.8487
    endloop
  endfacet
  facet normal -2.07154e-05 -0.788018 -0.615653
    outer loop
      vertex 16.2519 -7.47808 33.6651
      vertex 17.0749 -8.40281 34.8487
      vertex 15.8255 -7.89175 34.1946
    endloop
  endfacet
  facet normal -7.94028e-06 -0.788013 -0.615658
    outer loop
      vertex 17.0749 -8.40281 34.8487
      vertex 16.2519 -7.47808 33.6651
      vertex 17.535 -7.95647 34.2774
    endloop
  endfacet
  facet normal -2.07206e-06 -0.788007 -0.615666
    outer loop
      vertex 16.6498 -7.05376 33.122
      vertex 17.535 -7.95647 34.2774
      vertex 16.2519 -7.47808 33.6651
    endloop
  endfacet
  facet normal -2.67031e-05 -0.788017 -0.615654
    outer loop
      vertex 17.535 -7.95647 34.2774
      vertex 16.6498 -7.05376 33.122
      vertex 17.9643 -7.49866 33.6914
    endloop
  endfacet
  facet normal -3.99103e-05 -0.788031 -0.615635
    outer loop
      vertex 17.0185 -6.61957 32.5662
      vertex 17.9643 -7.49866 33.6914
      vertex 16.6498 -7.05376 33.122
    endloop
  endfacet
  facet normal 1.55939e-05 -0.788009 -0.615664
    outer loop
      vertex 17.9643 -7.49866 33.6914
      vertex 17.0185 -6.61957 32.5662
      vertex 18.3621 -7.03019 33.0918
    endloop
  endfacet
  facet normal 5.81144e-05 -0.787956 -0.615732
    outer loop
      vertex 17.2294 -6.34371 32.2132
      vertex 18.3621 -7.03019 33.0918
      vertex 17.0185 -6.61957 32.5662
    endloop
  endfacet
  facet normal -8.62355e-06 -0.787998 -0.615678
    outer loop
      vertex 18.3621 -7.03019 33.0918
      vertex 17.2294 -6.34371 32.2132
      vertex 18.7277 -6.55187 32.4796
    endloop
  endfacet
  facet normal 0 -0.787974 -0.615708
    outer loop
      vertex 18.7277 -6.55187 32.4796
      vertex 17.2294 -6.34371 32.2132
      vertex 18.8698 -6.34371 32.2132
    endloop
  endfacet
  facet normal 0 -0.787974 -0.615708
    outer loop
      vertex 17.2294 3.50687 19.605
      vertex 18.7277 3.71503 19.3386
      vertex 18.8698 3.50687 19.605
    endloop
  endfacet
  facet normal -2.8194e-06 -0.788025 -0.615644
    outer loop
      vertex 18.3621 4.19335 18.7263
      vertex 17.2294 3.50687 19.605
      vertex 17.0185 3.78273 19.2519
    endloop
  endfacet
  facet normal 2.47873e-05 -0.788042 -0.615622
    outer loop
      vertex 17.2294 3.50687 19.605
      vertex 18.3621 4.19335 18.7263
      vertex 18.7277 3.71503 19.3386
    endloop
  endfacet
  facet normal -4.31745e-05 -0.787997 -0.615679
    outer loop
      vertex 17.9643 4.66182 18.1267
      vertex 17.0185 3.78273 19.2519
      vertex 16.6498 4.21693 18.6962
    endloop
  endfacet
  facet normal 7.2024e-06 -0.788013 -0.615659
    outer loop
      vertex 17.535 5.11963 17.5408
      vertex 16.6498 4.21693 18.6962
      vertex 16.2519 4.64124 18.1531
    endloop
  endfacet
  facet normal -1.55939e-05 -0.788009 -0.615664
    outer loop
      vertex 17.0185 3.78273 19.2519
      vertex 17.9643 4.66182 18.1267
      vertex 18.3621 4.19335 18.7263
    endloop
  endfacet
  facet normal 1.0798e-05 -0.788014 -0.615657
    outer loop
      vertex 17.0749 5.56597 16.9695
      vertex 16.2519 4.64124 18.1531
      vertex 15.8255 5.05492 17.6236
    endloop
  endfacet
  facet normal -4.79512e-05 -0.787992 -0.615685
    outer loop
      vertex 16.6498 4.21693 18.6962
      vertex 17.535 5.11963 17.5408
      vertex 17.9643 4.66182 18.1267
    endloop
  endfacet
  facet normal 4.64576e-05 -0.788022 -0.615647
    outer loop
      vertex 16.5848 6.00005 16.4139
      vertex 15.8255 5.05492 17.6236
      vertex 15.3713 5.45724 17.1086
    endloop
  endfacet
  facet normal 7.94028e-06 -0.788013 -0.615658
    outer loop
      vertex 16.2519 4.64124 18.1531
      vertex 17.0749 5.56597 16.9695
      vertex 17.535 5.11963 17.5408
    endloop
  endfacet
  facet normal -4.77806e-06 -0.788007 -0.615666
    outer loop
      vertex 16.0657 6.42112 15.8749
      vertex 15.3713 5.45724 17.1086
      vertex 14.8902 5.8475 16.6091
    endloop
  endfacet
  facet normal 5.94226e-06 -0.78801 -0.615663
    outer loop
      vertex 15.8255 5.05492 17.6236
      vertex 16.5848 6.00005 16.4139
      vertex 17.0749 5.56597 16.9695
    endloop
  endfacet
  facet normal 2.21229e-05 -0.788005 -0.615669
    outer loop
      vertex 15.5184 6.82844 15.3536
      vertex 14.8902 5.8475 16.6091
      vertex 14.3829 6.22501 16.1259
    endloop
  endfacet
  facet normal 4.44693e-05 -0.78802 -0.615649
    outer loop
      vertex 15.3713 5.45724 17.1086
      vertex 16.0657 6.42112 15.8749
      vertex 16.5848 6.00005 16.4139
    endloop
  endfacet
  facet normal -3.90388e-05 -0.788007 -0.615666
    outer loop
      vertex 14.9439 7.22129 14.8507
      vertex 14.3829 6.22501 16.1259
      vertex 13.8504 6.58912 15.6599
    endloop
  endfacet
  facet normal -2.03776e-05 -0.787995 -0.615682
    outer loop
      vertex 14.8902 5.8475 16.6091
      vertex 15.5184 6.82844 15.3536
      vertex 16.0657 6.42112 15.8749
    endloop
  endfacet
  facet normal 3.65618e-05 -0.788026 -0.615642
    outer loop
      vertex 14.3431 7.59898 14.3673
      vertex 13.8504 6.58912 15.6599
      vertex 13.2936 6.93917 15.2118
    endloop
  endfacet
  facet normal 5.19475e-05 -0.788026 -0.615641
    outer loop
      vertex 14.3829 6.22501 16.1259
      vertex 14.9439 7.22129 14.8507
      vertex 15.5184 6.82844 15.3536
    endloop
  endfacet
  facet normal -5.00198e-05 -0.787979 -0.615702
    outer loop
      vertex 13.7172 7.96086 13.9042
      vertex 13.2936 6.93917 15.2118
      vertex 12.7135 7.27457 14.7826
    endloop
  endfacet
  facet normal 1.1543e-05 -0.788031 -0.615635
    outer loop
      vertex 13.0672 8.30627 13.462
      vertex 12.7135 7.27457 14.7826
      vertex 12.1111 7.59471 14.3728
    endloop
  endfacet
  facet normal -2.77771e-05 -0.788014 -0.615657
    outer loop
      vertex 13.8504 6.58912 15.6599
      vertex 14.3431 7.59898 14.3673
      vertex 14.9439 7.22129 14.8507
    endloop
  endfacet
  facet normal -1.20573e-05 -0.788001 -0.615674
    outer loop
      vertex 12.3943 8.63463 13.0418
      vertex 12.1111 7.59471 14.3728
      vertex 11.4874 7.89904 13.9833
    endloop
  endfacet
  facet normal -3.85597e-05 -0.787981 -0.6157
    outer loop
      vertex 13.2936 6.93917 15.2118
      vertex 13.7172 7.96086 13.9042
      vertex 14.3431 7.59898 14.3673
    endloop
  endfacet
  facet normal -5.3143e-06 -0.788007 -0.615666
    outer loop
      vertex 11.6996 8.94535 12.6441
      vertex 11.4874 7.89904 13.9833
      vertex 10.8436 8.18703 13.6147
    endloop
  endfacet
  facet normal 5.381e-05 -0.788037 -0.615628
    outer loop
      vertex 12.7135 7.27457 14.7826
      vertex 13.0672 8.30627 13.462
      vertex 13.7172 7.96086 13.9042
    endloop
  endfacet
  facet normal 4.73743e-05 -0.788027 -0.615641
    outer loop
      vertex 10.9844 9.23789 12.2696
      vertex 10.8436 8.18703 13.6147
      vertex 10.1807 8.45816 13.2676
    endloop
  endfacet
  facet normal -5.65203e-05 -0.787997 -0.61568
    outer loop
      vertex 12.1111 7.59471 14.3728
      vertex 12.3943 8.63463 13.0418
      vertex 13.0672 8.30627 13.462
    endloop
  endfacet
  facet normal -5.02759e-05 -0.788005 -0.615669
    outer loop
      vertex 10.25 9.51174 11.9191
      vertex 10.1807 8.45816 13.2676
      vertex 9.5 8.71197 12.9428
    endloop
  endfacet
  facet normal 9.80802e-07 -0.788007 -0.615666
    outer loop
      vertex 11.4874 7.89904 13.9833
      vertex 11.6996 8.94535 12.6441
      vertex 12.3943 8.63463 13.0418
    endloop
  endfacet
  facet normal -3.0887e-05 -0.788028 -0.615639
    outer loop
      vertex 9.49757 9.76641 11.5931
      vertex 9.5 8.71197 12.9428
      vertex 8.80262 8.94801 12.6407
    endloop
  endfacet
  facet normal 5.81668e-05 -0.788008 -0.615665
    outer loop
      vertex 8.72847 10.0015 11.2923
      vertex 8.80262 8.94801 12.6407
      vertex 8.08981 9.16586 12.3618
    endloop
  endfacet
  facet normal 4.00061e-05 -0.788026 -0.615642
    outer loop
      vertex 10.8436 8.18703 13.6147
      vertex 10.9844 9.23789 12.2696
      vertex 11.6996 8.94535 12.6441
    endloop
  endfacet
  facet normal -4.91144e-05 -0.788 -0.615675
    outer loop
      vertex 7.94407 10.2165 11.0171
      vertex 8.08981 9.16586 12.3618
      vertex 7.3628 9.36514 12.1068
    endloop
  endfacet
  facet normal -5.38603e-06 -0.788006 -0.615668
    outer loop
      vertex 10.1807 8.45816 13.2676
      vertex 10.25 9.51174 11.9191
      vertex 10.9844 9.23789 12.2696
    endloop
  endfacet
  facet normal 3.87063e-05 -0.788015 -0.615656
    outer loop
      vertex 7.14573 10.4111 10.768
      vertex 7.3628 9.36514 12.1068
      vertex 6.62287 9.5455 11.8759
    endloop
  endfacet
  facet normal -3.609e-05 -0.788021 -0.615648
    outer loop
      vertex 6.33485 10.5849 10.5455
      vertex 6.62287 9.5455 11.8759
      vertex 5.87132 9.70663 11.6697
    endloop
  endfacet
  facet normal 1.50195e-05 -0.788028 -0.615639
    outer loop
      vertex 9.5 8.71197 12.9428
      vertex 9.49757 9.76641 11.5931
      vertex 10.25 9.51174 11.9191
    endloop
  endfacet
  facet normal 3.02588e-05 -0.788027 -0.61564
    outer loop
      vertex 5.51286 10.7377 10.3499
      vertex 5.87132 9.70663 11.6697
      vertex 5.10948 9.84824 11.4884
    endloop
  endfacet
  facet normal -4.50213e-05 -0.788002 -0.615673
    outer loop
      vertex 4.68119 10.8692 10.1817
      vertex 5.10948 9.84824 11.4884
      vertex 4.33867 9.97009 11.3325
    endloop
  endfacet
  facet normal -8.19765e-05 -0.788012 -0.61566
    outer loop
      vertex 8.80262 8.94801 12.6407
      vertex 8.72847 10.0015 11.2923
      vertex 9.49757 9.76641 11.5931
    endloop
  endfacet
  facet normal -3.50748e-05 -0.788023 -0.615645
    outer loop
      vertex 3.84132 10.9791 10.041
      vertex 4.33867 9.97009 11.3325
      vertex 3.56024 10.072 11.2021
    endloop
  endfacet
  facet normal 1.35787e-05 -0.788043 -0.61562
    outer loop
      vertex 2.9947 11.0672 9.92815
      vertex 3.56024 10.072 11.2021
      vertex 2.77558 10.1537 11.0975
    endloop
  endfacet
  facet normal 6.25917e-06 -0.788024 -0.615644
    outer loop
      vertex 2.14283 11.1335 9.84335
      vertex 2.77558 10.1537 11.0975
      vertex 1.98604 10.2151 11.0189
    endloop
  endfacet
  facet normal 1.99027e-05 -0.787997 -0.615679
    outer loop
      vertex 8.08981 9.16586 12.3618
      vertex 7.94407 10.2165 11.0171
      vertex 8.72847 10.0015 11.2923
    endloop
  endfacet
  facet normal 1.4689e-05 -0.788031 -0.615636
    outer loop
      vertex 1.2872 11.1777 9.78673
      vertex 1.98604 10.2151 11.0189
      vertex 1.19302 10.2561 10.9664
    endloop
  endfacet
  facet normal -3.05324e-05 -0.788018 -0.615652
    outer loop
      vertex 0.429319 11.1999 9.7584
      vertex 1.19302 10.2561 10.9664
      vertex 0.397905 10.2766 10.9402
    endloop
  endfacet
  facet normal -1.35787e-05 -0.788043 -0.61562
    outer loop
      vertex -3.56024 10.072 11.2021
      vertex -2.9947 11.0672 9.92815
      vertex -2.77558 10.1537 11.0975
    endloop
  endfacet
  facet normal 1.40993e-05 -0.788017 -0.615654
    outer loop
      vertex 7.3628 9.36514 12.1068
      vertex 7.14573 10.4111 10.768
      vertex 7.94407 10.2165 11.0171
    endloop
  endfacet
  facet normal 4.90079e-05 -0.788038 -0.615627
    outer loop
      vertex -2.14283 11.1335 9.84335
      vertex -2.77558 10.1537 11.0975
      vertex -2.9947 11.0672 9.92815
    endloop
  endfacet
  facet normal 3.33778e-05 -0.788014 -0.615658
    outer loop
      vertex 6.62287 9.5455 11.8759
      vertex 6.33485 10.5849 10.5455
      vertex 7.14573 10.4111 10.768
    endloop
  endfacet
  facet normal -6.25917e-06 -0.788024 -0.615644
    outer loop
      vertex -2.77558 10.1537 11.0975
      vertex -2.14283 11.1335 9.84335
      vertex -1.98604 10.2151 11.0189
    endloop
  endfacet
  facet normal 9.20399e-06 -0.78803 -0.615637
    outer loop
      vertex 5.87132 9.70663 11.6697
      vertex 5.51286 10.7377 10.3499
      vertex 6.33485 10.5849 10.5455
    endloop
  endfacet
  facet normal -3.14507e-05 -0.788026 -0.615642
    outer loop
      vertex -1.2872 11.1777 9.78673
      vertex -1.98604 10.2151 11.0189
      vertex -2.14283 11.1335 9.84335
    endloop
  endfacet
  facet normal -8.19906e-05 -0.788008 -0.615665
    outer loop
      vertex 5.10948 9.84824 11.4884
      vertex 4.68119 10.8692 10.1817
      vertex 5.51286 10.7377 10.3499
    endloop
  endfacet
  facet normal -1.4689e-05 -0.788031 -0.615636
    outer loop
      vertex -1.98604 10.2151 11.0189
      vertex -1.2872 11.1777 9.78673
      vertex -1.19302 10.2561 10.9664
    endloop
  endfacet
  facet normal 2.47397e-05 -0.788012 -0.61566
    outer loop
      vertex 4.33867 9.97009 11.3325
      vertex 3.84132 10.9791 10.041
      vertex 4.68119 10.8692 10.1817
    endloop
  endfacet
  facet normal 6.19326e-05 -0.788028 -0.61564
    outer loop
      vertex -0.429319 11.1999 9.7584
      vertex -1.19302 10.2561 10.9664
      vertex -1.2872 11.1777 9.78673
    endloop
  endfacet
  facet normal 5.69438e-05 -0.788034 -0.615632
    outer loop
      vertex 3.56024 10.072 11.2021
      vertex 2.9947 11.0672 9.92815
      vertex 3.84132 10.9791 10.041
    endloop
  endfacet
  facet normal 3.05324e-05 -0.788018 -0.615652
    outer loop
      vertex -1.19302 10.2561 10.9664
      vertex -0.429319 11.1999 9.7584
      vertex -0.397905 10.2766 10.9402
    endloop
  endfacet
  facet normal -4.90079e-05 -0.788038 -0.615627
    outer loop
      vertex 2.77558 10.1537 11.0975
      vertex 2.14283 11.1335 9.84335
      vertex 2.9947 11.0672 9.92815
    endloop
  endfacet
  facet normal 0 -0.788018 -0.615652
    outer loop
      vertex -0.397905 10.2766 10.9402
      vertex -0.429319 11.1999 9.7584
      vertex 0.397905 10.2766 10.9402
    endloop
  endfacet
  facet normal 3.14507e-05 -0.788026 -0.615642
    outer loop
      vertex 1.98604 10.2151 11.0189
      vertex 1.2872 11.1777 9.78673
      vertex 2.14283 11.1335 9.84335
    endloop
  endfacet
  facet normal -0 -0.788018 -0.615652
    outer loop
      vertex 0.429319 11.1999 9.7584
      vertex 0.397905 10.2766 10.9402
      vertex -0.429319 11.1999 9.7584
    endloop
  endfacet
  facet normal -6.19326e-05 -0.788028 -0.61564
    outer loop
      vertex 1.19302 10.2561 10.9664
      vertex 0.429319 11.1999 9.7584
      vertex 1.2872 11.1777 9.78673
    endloop
  endfacet
  facet normal 0.998028 -0.0386464 0.0494659
    outer loop
      vertex -20.482 -0.889904 25.2326
      vertex -20.4281 -6.03599 20.1246
      vertex -20.4281 -0.362316 24.5573
    endloop
  endfacet
  facet normal 0.998027 -0.0386505 0.0494699
    outer loop
      vertex -20.4281 -6.03599 20.1246
      vertex -20.482 -0.889904 25.2326
      vertex -20.482 -6.56358 20.7998
    endloop
  endfacet
  facet normal 0.973595 -0.140545 0.179888
    outer loop
      vertex -20.052 1.20565 22.5504
      vertex -19.856 -3.95337 17.4589
      vertex -19.856 1.72031 21.8917
    endloop
  endfacet
  facet normal 0.9736 -0.14053 0.179873
    outer loop
      vertex -19.856 -3.95337 17.4589
      vertex -20.052 1.20565 22.5504
      vertex -20.052 -4.46803 18.1177
    endloop
  endfacet
  facet normal 0.963135 -0.165626 0.21199
    outer loop
      vertex -19.856 1.72031 21.8917
      vertex -19.625 -3.44421 16.8072
      vertex -19.625 2.22947 21.24
    endloop
  endfacet
  facet normal 0.963135 -0.165626 0.21199
    outer loop
      vertex -19.625 -3.44421 16.8072
      vertex -19.856 1.72031 21.8917
      vertex -19.856 -3.95337 17.4589
    endloop
  endfacet
  facet normal 0.770508 -0.392443 0.5023
    outer loop
      vertex -16.0657 6.42112 15.8749
      vertex -15.5184 1.15476 10.9208
      vertex -15.5184 6.82844 15.3536
    endloop
  endfacet
  facet normal 0.770543 -0.392412 0.502271
    outer loop
      vertex -15.5184 1.15476 10.9208
      vertex -16.0657 6.42112 15.8749
      vertex -16.0657 0.747447 11.4422
    endloop
  endfacet
  facet normal 0.886201 -0.285235 0.365088
    outer loop
      vertex -18.3621 4.19335 18.7263
      vertex -17.9643 -1.01185 13.694
      vertex -17.9643 4.66182 18.1267
    endloop
  endfacet
  facet normal 0.886202 -0.285232 0.365086
    outer loop
      vertex -17.9643 -1.01185 13.694
      vertex -18.3621 4.19335 18.7263
      vertex -18.3621 -1.48033 14.2936
    endloop
  endfacet
  facet normal 0.796566 -0.372196 0.476395
    outer loop
      vertex -16.5848 6.00005 16.4139
      vertex -16.0657 0.747447 11.4422
      vertex -16.0657 6.42112 15.8749
    endloop
  endfacet
  facet normal 0.796533 -0.372228 0.476426
    outer loop
      vertex -16.0657 0.747447 11.4422
      vertex -16.5848 6.00005 16.4139
      vertex -16.5848 0.326376 11.9811
    endloop
  endfacet
  facet normal 0.7432 -0.411916 0.527237
    outer loop
      vertex -15.5184 6.82844 15.3536
      vertex -14.9439 1.54761 10.418
      vertex -14.9439 7.22129 14.8507
    endloop
  endfacet
  facet normal 0.743159 -0.41195 0.527268
    outer loop
      vertex -14.9439 1.54761 10.418
      vertex -15.5184 6.82844 15.3536
      vertex -15.5184 1.15476 10.9208
    endloop
  endfacet
  facet normal 0.289032 -0.589385 0.754378
    outer loop
      vertex -6.33485 2.84704 4.5
      vertex -5.51286 -0.294437 1.73067
      vertex -5.51286 3.25014 4.5
    endloop
  endfacet
  facet normal 0.289038 -0.589383 0.754377
    outer loop
      vertex -5.51286 -0.294437 1.73067
      vertex -6.33485 2.84704 4.5
      vertex -6.33485 -0.447228 1.92624
    endloop
  endfacet
  facet normal 0.289069 -0.589376 0.754371
    outer loop
      vertex -6.33485 10.5849 10.5455
      vertex -5.51286 5.06404 5.91717
      vertex -5.51286 10.7377 10.3499
    endloop
  endfacet
  facet normal 0.289043 -0.589383 0.754375
    outer loop
      vertex -5.51286 5.06404 5.91717
      vertex -6.33485 10.5849 10.5455
      vertex -6.33485 4.91124 6.11274
    endloop
  endfacet
  facet normal 0.481754 -0.539508 0.690539
    outer loop
      vertex -10.25 0.0157112 4.5
      vertex -9.49757 -1.26574 2.97389
      vertex -9.49757 0.687594 4.5
    endloop
  endfacet
  facet normal 0.481752 -0.539509 0.69054
    outer loop
      vertex -9.49757 -1.26574 2.97389
      vertex -10.25 0.0157112 4.5
      vertex -10.25 -1.52041 3.29985
    endloop
  endfacet
  facet normal 0.481781 -0.539496 0.69053
    outer loop
      vertex -10.25 9.51174 11.9191
      vertex -9.49757 4.09273 7.16038
      vertex -9.49757 9.76641 11.5931
    endloop
  endfacet
  facet normal 0.481759 -0.539505 0.690537
    outer loop
      vertex -9.49757 4.09273 7.16038
      vertex -10.25 9.51174 11.9191
      vertex -10.25 3.83806 7.48635
    endloop
  endfacet
  facet normal 0.518053 -0.526605 0.674024
    outer loop
      vertex -10.9844 -0.706761 4.5
      vertex -10.25 -1.52041 3.29985
      vertex -10.25 0.0157112 4.5
    endloop
  endfacet
  facet normal 0.518058 -0.526601 0.674024
    outer loop
      vertex -10.25 -1.52041 3.29985
      vertex -10.9844 -0.706761 4.5
      vertex -10.9844 -1.79426 3.65036
    endloop
  endfacet
  facet normal 0.518051 -0.526605 0.674026
    outer loop
      vertex -10.9844 9.23789 12.2696
      vertex -10.25 3.83806 7.48635
      vertex -10.25 9.51174 11.9191
    endloop
  endfacet
  facet normal 0.518046 -0.526607 0.674028
    outer loop
      vertex -10.25 3.83806 7.48635
      vertex -10.9844 9.23789 12.2696
      vertex -10.9844 3.56422 7.83685
    endloop
  endfacet
  facet normal 0.0419177 -0.615119 0.787319
    outer loop
      vertex -1.2872 11.1777 9.78673
      vertex -0.429319 5.5262 5.32563
      vertex -0.429319 11.1999 9.7584
    endloop
  endfacet
  facet normal 0.0418839 -0.615124 0.787317
    outer loop
      vertex -0.429319 5.5262 5.32563
      vertex -1.2872 11.1777 9.78673
      vertex -1.2872 5.50406 5.35397
    endloop
  endfacet
  facet normal 0.0418742 -0.615121 0.78732
    outer loop
      vertex -1.2872 4.41103 4.5
      vertex -0.429319 0.167723 1.13914
      vertex -0.429319 4.46943 4.5
    endloop
  endfacet
  facet normal 0.0418726 -0.615122 0.78732
    outer loop
      vertex -0.429319 0.167723 1.13914
      vertex -1.2872 4.41103 4.5
      vertex -1.2872 0.145586 1.16747
    endloop
  endfacet
  facet normal 0.937283 -0.214602 0.274676
    outer loop
      vertex -19.3597 2.73223 20.5965
      vertex -19.0604 -2.44598 15.5295
      vertex -19.0604 3.2277 19.9623
    endloop
  endfacet
  facet normal 0.937283 -0.214602 0.274676
    outer loop
      vertex -19.0604 -2.44598 15.5295
      vertex -19.3597 2.73223 20.5965
      vertex -19.3597 -2.94145 16.1637
    endloop
  endfacet
  facet normal 0.844322 -0.329895 0.422243
    outer loop
      vertex -17.535 5.11963 17.5408
      vertex -17.0749 -0.107709 12.5367
      vertex -17.0749 5.56597 16.9695
    endloop
  endfacet
  facet normal 0.844322 -0.329895 0.422243
    outer loop
      vertex -17.0749 -0.107709 12.5367
      vertex -17.535 5.11963 17.5408
      vertex -17.535 -0.554047 13.108
    endloop
  endfacet
  facet normal 0.904836 -0.262122 0.335505
    outer loop
      vertex -18.7277 3.71503 19.3386
      vertex -18.3621 -1.48033 14.2936
      vertex -18.3621 4.19335 18.7263
    endloop
  endfacet
  facet normal 0.904819 -0.262147 0.33553
    outer loop
      vertex -18.3621 -1.48033 14.2936
      vertex -18.7277 3.71503 19.3386
      vertex -18.7277 -1.95865 14.9058
    endloop
  endfacet
  facet normal 0.248653 -0.596327 0.76326
    outer loop
      vertex -5.51286 10.7377 10.3499
      vertex -4.68119 5.1955 5.7489
      vertex -4.68119 10.8692 10.1817
    endloop
  endfacet
  facet normal 0.248686 -0.596318 0.763256
    outer loop
      vertex -4.68119 5.1955 5.7489
      vertex -5.51286 10.7377 10.3499
      vertex -5.51286 5.06404 5.91717
    endloop
  endfacet
  facet normal 0.248689 -0.596319 0.763255
    outer loop
      vertex -5.51286 3.25014 4.5
      vertex -4.68119 -0.162971 1.56241
      vertex -4.68119 3.59698 4.5
    endloop
  endfacet
  facet normal 0.248682 -0.596321 0.763255
    outer loop
      vertex -4.68119 -0.162971 1.56241
      vertex -5.51286 3.25014 4.5
      vertex -5.51286 -0.294437 1.73067
    endloop
  endfacet
  facet normal 0.207928 -0.602205 0.770788
    outer loop
      vertex -4.68119 10.8692 10.1817
      vertex -3.84132 5.30541 5.60823
      vertex -3.84132 10.9791 10.041
    endloop
  endfacet
  facet normal 0.207908 -0.60221 0.77079
    outer loop
      vertex -3.84132 5.30541 5.60823
      vertex -4.68119 10.8692 10.1817
      vertex -4.68119 5.1955 5.7489
    endloop
  endfacet
  facet normal 0.207909 -0.602208 0.770791
    outer loop
      vertex -4.68119 3.59698 4.5
      vertex -3.84132 -0.0530628 1.42173
      vertex -3.84132 3.88694 4.5
    endloop
  endfacet
  facet normal 0.207916 -0.602207 0.770791
    outer loop
      vertex -3.84132 -0.0530628 1.42173
      vertex -4.68119 3.59698 4.5
      vertex -4.68119 -0.162971 1.56241
    endloop
  endfacet
  facet normal 0.40674 -0.562435 0.719882
    outer loop
      vertex -8.72847 1.30771 4.5
      vertex -7.94407 -0.815679 2.39783
      vertex -7.94407 1.87497 4.5
    endloop
  endfacet
  facet normal 0.406742 -0.562434 0.719882
    outer loop
      vertex -7.94407 -0.815679 2.39783
      vertex -8.72847 1.30771 4.5
      vertex -8.72847 -1.03069 2.67304
    endloop
  endfacet
  facet normal 0.406727 -0.562436 0.719888
    outer loop
      vertex -8.72847 10.0015 11.2923
      vertex -7.94407 4.54279 6.58433
      vertex -7.94407 10.2165 11.0171
    endloop
  endfacet
  facet normal 0.406741 -0.562431 0.719884
    outer loop
      vertex -7.94407 4.54279 6.58433
      vertex -8.72847 10.0015 11.2923
      vertex -8.72847 4.32778 6.85954
    endloop
  endfacet
  facet normal 0.621134 -0.482521 0.617548
    outer loop
      vertex -12.3943 -2.39752 4.42249
      vertex -12.3943 -2.29832 4.5
      vertex -12.5184 -2.45807 4.5
    endloop
  endfacet
  facet normal 0.62111 -0.482512 0.61758
    outer loop
      vertex -13.0672 8.30627 13.462
      vertex -12.3943 2.96096 8.60899
      vertex -12.3943 8.63463 13.0418
    endloop
  endfacet
  facet normal 0.621155 -0.482485 0.617556
    outer loop
      vertex -12.3943 2.96096 8.60899
      vertex -13.0672 8.30627 13.462
      vertex -13.0672 2.6326 9.02927
    endloop
  endfacet
  facet normal 0.444621 -0.551457 0.705838
    outer loop
      vertex -9.49757 9.76641 11.5931
      vertex -8.72847 4.32778 6.85954
      vertex -8.72847 10.0015 11.2923
    endloop
  endfacet
  facet normal 0.444628 -0.551454 0.705836
    outer loop
      vertex -8.72847 4.32778 6.85954
      vertex -9.49757 9.76641 11.5931
      vertex -9.49757 4.09273 7.16038
    endloop
  endfacet
  facet normal 0.444633 -0.551456 0.705831
    outer loop
      vertex -9.49757 0.687594 4.5
      vertex -8.72847 -1.03069 2.67304
      vertex -8.72847 1.30771 4.5
    endloop
  endfacet
  facet normal 0.444635 -0.551455 0.705831
    outer loop
      vertex -8.72847 -1.03069 2.67304
      vertex -9.49757 0.687594 4.5
      vertex -9.49757 -1.26574 2.97389
    endloop
  endfacet
  facet normal -0.486516 -0.873318 -0.0248658
    outer loop
      vertex 15.0296 1.5764 8.75688
      vertex 14.3431 1.92531 9.93456
      vertex 13.7172 2.28718 9.47139
    endloop
  endfacet
  facet normal -0.486936 -0.873075 -0.0251825
    outer loop
      vertex 14.3431 1.92531 9.93456
      vertex 15.0296 1.5764 8.75688
      vertex 15.0358 1.57281 8.76146
    endloop
  endfacet
  facet normal 0.486475 -0.235337 -0.841402
    outer loop
      vertex -15.0296 -17.3366 32.9644
      vertex -14.3431 -16.1095 33.0181
      vertex -13.7172 -16.4714 33.4812
    endloop
  endfacet
  facet normal 0.487079 -0.235694 -0.840953
    outer loop
      vertex -14.3431 -16.1095 33.0181
      vertex -15.0296 -17.3366 32.9644
      vertex -15.0358 -17.333 32.9598
    endloop
  endfacet
  facet normal -0.507778 -0.248262 -0.824941
    outer loop
      vertex 15.6656 -16.9371 32.4531
      vertex 15.0418 -17.3293 32.9551
      vertex 14.9439 -15.7318 32.5346
    endloop
  endfacet
  facet normal -0.486522 -0.873314 -0.0248797
    outer loop
      vertex 14.3797 1.95216 8.27592
      vertex 15.0296 1.5764 8.75688
      vertex 13.7172 2.28718 9.47139
    endloop
  endfacet
  facet normal 0.486936 -0.873075 -0.0251825
    outer loop
      vertex -15.0296 1.5764 8.75688
      vertex -14.3431 1.92531 9.93456
      vertex -15.0358 1.57281 8.76146
    endloop
  endfacet
  facet normal 0.486516 -0.873318 -0.0248658
    outer loop
      vertex -14.3431 1.92531 9.93456
      vertex -15.0296 1.5764 8.75688
      vertex -13.7172 2.28718 9.47139
    endloop
  endfacet
  facet normal 0.486531 -0.235461 -0.841336
    outer loop
      vertex -13.7172 -16.4714 33.4812
      vertex -14.3797 -17.7124 33.4454
      vertex -15.0296 -17.3366 32.9644
    endloop
  endfacet
  facet normal -0.500443 -0.243747 -0.830749
    outer loop
      vertex 14.3431 -16.1095 33.0181
      vertex 15.0418 -17.3293 32.9551
      vertex 15.0358 -17.333 32.9598
    endloop
  endfacet
  facet normal -0.507798 -0.24826 -0.824929
    outer loop
      vertex 15.0418 -17.3293 32.9551
      vertex 14.3431 -16.1095 33.0181
      vertex 14.9439 -15.7318 32.5346
    endloop
  endfacet
  facet normal -0.655166 -0.723918 -0.216103
    outer loop
      vertex 19.6322 -2.49873 13.9728
      vertex 19.7358 -2.80232 14.6757
      vertex 18.7277 -1.95865 14.9058
    endloop
  endfacet
  facet normal -0.655145 -0.723934 -0.216113
    outer loop
      vertex 19.7358 -2.80232 14.6757
      vertex 19.6322 -2.49873 13.9728
      vertex 19.9436 -2.95482 14.5566
    endloop
  endfacet
  facet normal -0.464368 -0.885595 -0.00916095
    outer loop
      vertex 14.3797 1.95216 8.27592
      vertex 13.7172 2.28718 9.47139
      vertex 13.7047 2.31085 7.81682
    endloop
  endfacet
  facet normal -0.0594658 -0.990379 0.124955
    outer loop
      vertex 1.35 5.32261 3.9457
      vertex 2.24736 5.27622 4.00507
      vertex 1.2872 5.50406 5.35397
    endloop
  endfacet
  facet normal 0.698094 -0.472349 -0.538099
    outer loop
      vertex -20.052 -9.71616 24.835
      vertex -21.0205 -10.6309 24.3815
      vertex -21.1876 -10.0917 23.6914
    endloop
  endfacet
  facet normal 0.583577 -0.304673 -0.752736
    outer loop
      vertex -17.0749 -14.0765 30.4159
      vertex -17.3907 -15.6526 30.809
      vertex -17.8996 -15.2018 30.232
    endloop
  endfacet
  facet normal 0.666092 -0.401882 -0.628341
    outer loop
      vertex -19.0604 -11.7382 27.4231
      vertex -19.984 -12.7457 27.0884
      vertex -19.3597 -11.2427 26.7889
    endloop
  endfacet
  facet normal 0.663059 -0.39702 -0.634609
    outer loop
      vertex -19.984 -12.7457 27.0884
      vertex -19.0604 -11.7382 27.4231
      vertex -19.981 -12.7506 27.0946
    endloop
  endfacet
  facet normal 0.464347 -0.223164 -0.857076
    outer loop
      vertex -13.7172 -16.4714 33.4812
      vertex -13.7047 -18.0711 33.9045
      vertex -14.3797 -17.7124 33.4454
    endloop
  endfacet
  facet normal 0.0594923 -0.118334 -0.99119
    outer loop
      vertex -1.2872 -19.6883 37.5987
      vertex -1.35 -21.0986 37.7633
      vertex -2.24736 -21.0522 37.7039
    endloop
  endfacet
  facet normal -0.415095 -0.199272 -0.887686
    outer loop
      vertex 11.6996 -17.4559 34.7413
      vertex 12.2716 -18.7414 34.7624
      vertex 12.2647 -18.7444 34.7663
    endloop
  endfacet
  facet normal -0.417683 -0.2004 -0.886217
    outer loop
      vertex 12.2716 -18.7414 34.7624
      vertex 11.6996 -17.4559 34.7413
      vertex 12.3943 -17.1451 34.3436
    endloop
  endfacet
  facet normal -0.528187 -0.261641 -0.807813
    outer loop
      vertex 16.2622 -16.5292 31.9309
      vertex 15.6656 -16.9371 32.4531
      vertex 14.9439 -15.7318 32.5346
    endloop
  endfacet
  facet normal -0.261634 -0.961184 0.0875902
    outer loop
      vertex 7.14573 4.7374 6.33525
      vertex 7.49875 4.51879 4.99078
      vertex 7.94407 4.54279 6.58433
    endloop
  endfacet
  facet normal -0.26213 -0.961063 0.0874402
    outer loop
      vertex 7.49875 4.51879 4.99078
      vertex 7.14573 4.7374 6.33525
      vertex 7.49085 4.52072 4.98831
    endloop
  endfacet
  facet normal 0 -0.991913 0.126919
    outer loop
      vertex -0.450261 5.34583 3.91598
      vertex 0.429319 5.5262 5.32563
      vertex -0.429319 5.5262 5.32563
    endloop
  endfacet
  facet normal 0 -0.991913 0.126919
    outer loop
      vertex 0.429319 5.5262 5.32563
      vertex -0.450261 5.34583 3.91598
      vertex 0.450261 5.34583 3.91598
    endloop
  endfacet
  facet normal 0.710532 -0.563551 -0.421372
    outer loop
      vertex -20.5 -7.0921 21.4763
      vertex -21.4899 -7.87488 20.854
      vertex -20.482 -6.56358 20.7998
    endloop
  endfacet
  facet normal 0.7105 -0.564837 -0.419701
    outer loop
      vertex -21.4899 -7.87488 20.854
      vertex -20.5 -7.0921 21.4763
      vertex -21.4901 -7.88011 20.8607
    endloop
  endfacet
  facet normal 0.65516 -0.72391 -0.216147
    outer loop
      vertex -19.981 -3.00959 14.6267
      vertex -18.7277 -1.95865 14.9058
      vertex -19.0604 -2.44598 15.5295
    endloop
  endfacet
  facet normal 0.655186 -0.724396 -0.214432
    outer loop
      vertex -18.7277 -1.95865 14.9058
      vertex -19.981 -3.00959 14.6267
      vertex -19.9777 -3.00477 14.6205
    endloop
  endfacet
  facet normal 4.27592e-06 0.788002 0.615673
    outer loop
      vertex 1.2872 -20.4841 36.9768
      vertex 0.450261 -21.1218 37.793
      vertex 1.35 -21.0986 37.7633
    endloop
  endfacet
  facet normal 0 0.788009 0.615663
    outer loop
      vertex 0.450261 -21.1218 37.793
      vertex 0.429319 -20.5063 37.0052
      vertex -0.450261 -21.1218 37.793
    endloop
  endfacet
  facet normal 7.70825e-06 0.788008 0.615665
    outer loop
      vertex 2.14283 -20.4399 36.9202
      vertex 1.35 -21.0986 37.7633
      vertex 2.24736 -21.0522 37.7039
    endloop
  endfacet
  facet normal -0 0.788009 0.615663
    outer loop
      vertex -0.429319 -20.5063 37.0052
      vertex -0.450261 -21.1218 37.793
      vertex 0.429319 -20.5063 37.0052
    endloop
  endfacet
  facet normal -4.67612e-05 0.788051 0.61561
    outer loop
      vertex 2.9947 -20.3737 36.8354
      vertex 2.24736 -21.0522 37.7039
      vertex 3.14078 -20.9827 37.615
    endloop
  endfacet
  facet normal 1.04379e-05 0.788009 0.615664
    outer loop
      vertex -1.2872 -20.4841 36.9768
      vertex -0.450261 -21.1218 37.793
      vertex -0.429319 -20.5063 37.0052
    endloop
  endfacet
  facet normal 1.64394e-06 0.788018 0.615652
    outer loop
      vertex 3.84132 -20.2855 36.7226
      vertex 3.14078 -20.9827 37.615
      vertex 4.0287 -20.8902 37.4966
    endloop
  endfacet
  facet normal -4.27592e-06 0.788002 0.615673
    outer loop
      vertex -0.450261 -21.1218 37.793
      vertex -1.2872 -20.4841 36.9768
      vertex -1.35 -21.0986 37.7633
    endloop
  endfacet
  facet normal 3.33884e-05 0.788017 0.615654
    outer loop
      vertex 4.68119 -20.1756 36.5819
      vertex 4.0287 -20.8902 37.4966
      vertex 4.90954 -20.775 37.3491
    endloop
  endfacet
  facet normal -2.02677e-05 0.788002 0.615672
    outer loop
      vertex -2.14283 -20.4399 36.9202
      vertex -1.35 -21.0986 37.7633
      vertex -1.2872 -20.4841 36.9768
    endloop
  endfacet
  facet normal -1.77706e-06 0.788008 0.615665
    outer loop
      vertex 5.51286 -20.0441 36.4136
      vertex 4.90954 -20.775 37.3491
      vertex 5.78178 -20.6371 37.1726
    endloop
  endfacet
  facet normal -7.70825e-06 0.788008 0.615665
    outer loop
      vertex -1.35 -21.0986 37.7633
      vertex -2.14283 -20.4399 36.9202
      vertex -2.24736 -21.0522 37.7039
    endloop
  endfacet
  facet normal -4.90414e-05 0.788011 0.615661
    outer loop
      vertex -2.9947 -20.3737 36.8354
      vertex -2.24736 -21.0522 37.7039
      vertex -2.14283 -20.4399 36.9202
    endloop
  endfacet
  facet normal -1.04379e-05 0.788009 0.615664
    outer loop
      vertex 0.450261 -21.1218 37.793
      vertex 1.2872 -20.4841 36.9768
      vertex 0.429319 -20.5063 37.0052
    endloop
  endfacet
  facet normal 5.85128e-05 0.787969 0.615715
    outer loop
      vertex 6.33485 -19.8913 36.2181
      vertex 5.78178 -20.6371 37.1726
      vertex 6.64386 -20.4769 36.9675
    endloop
  endfacet
  facet normal 2.02677e-05 0.788002 0.615672
    outer loop
      vertex 1.35 -21.0986 37.7633
      vertex 2.14283 -20.4399 36.9202
      vertex 1.2872 -20.4841 36.9768
    endloop
  endfacet
  facet normal 4.90414e-05 0.788011 0.615661
    outer loop
      vertex 2.24736 -21.0522 37.7039
      vertex 2.9947 -20.3737 36.8354
      vertex 2.14283 -20.4399 36.9202
    endloop
  endfacet
  facet normal -3.39898e-05 0.787992 0.615685
    outer loop
      vertex 7.14573 -19.7175 35.9956
      vertex 6.64386 -20.4769 36.9675
      vertex 7.4943 -20.2945 36.7341
    endloop
  endfacet
  facet normal -7.63233e-05 0.788048 0.615614
    outer loop
      vertex 3.14078 -20.9827 37.615
      vertex 3.84132 -20.2855 36.7226
      vertex 2.9947 -20.3737 36.8354
    endloop
  endfacet
  facet normal 2.17735e-05 0.788021 0.615649
    outer loop
      vertex 4.0287 -20.8902 37.4966
      vertex 4.68119 -20.1756 36.5819
      vertex 3.84132 -20.2855 36.7226
    endloop
  endfacet
  facet normal -3.0258e-05 0.788017 0.615654
    outer loop
      vertex 7.94407 -19.5229 35.7465
      vertex 7.4943 -20.2945 36.7341
      vertex 8.33158 -20.0904 36.4729
    endloop
  endfacet
  facet normal -9.06257e-06 0.788011 0.615662
    outer loop
      vertex 4.90954 -20.775 37.3491
      vertex 5.51286 -20.0441 36.4136
      vertex 4.68119 -20.1756 36.5819
    endloop
  endfacet
  facet normal 4.27903e-06 0.788024 0.615645
    outer loop
      vertex 8.72847 -19.3079 35.4713
      vertex 8.33158 -20.0904 36.4729
      vertex 9 -19.9072 36.2384
    endloop
  endfacet
  facet normal -5.09053e-05 0.788 0.615675
    outer loop
      vertex 5.78178 -20.6371 37.1726
      vertex 6.33485 -19.8913 36.2181
      vertex 5.51286 -20.0441 36.4136
    endloop
  endfacet
  facet normal 5.8571e-05 0.787969 0.615715
    outer loop
      vertex 6.64386 -20.4769 36.9675
      vertex 7.14573 -19.7175 35.9956
      vertex 6.33485 -19.8913 36.2181
    endloop
  endfacet
  facet normal 2.16689e-05 0.788005 0.615669
    outer loop
      vertex 7.4943 -20.2945 36.7341
      vertex 7.94407 -19.5229 35.7465
      vertex 7.14573 -19.7175 35.9956
    endloop
  endfacet
  facet normal -2.7161e-15 0.788024 0.615644
    outer loop
      vertex 8.33158 -20.0904 36.4729
      vertex 8.72847 -19.3079 35.4713
      vertex 7.94407 -19.5229 35.7465
    endloop
  endfacet
  facet normal -7.85593e-05 0.788009 0.615663
    outer loop
      vertex 8.72847 -19.3079 35.4713
      vertex 9 -19.9072 36.2384
      vertex 9 -19.2249 35.3651
    endloop
  endfacet
  facet normal 4.67612e-05 0.788051 0.61561
    outer loop
      vertex -2.24736 -21.0522 37.7039
      vertex -2.9947 -20.3737 36.8354
      vertex -3.14078 -20.9827 37.615
    endloop
  endfacet
  facet normal 7.63233e-05 0.788048 0.615614
    outer loop
      vertex -3.84132 -20.2855 36.7226
      vertex -3.14078 -20.9827 37.615
      vertex -2.9947 -20.3737 36.8354
    endloop
  endfacet
  facet normal -1.64394e-06 0.788018 0.615652
    outer loop
      vertex -3.14078 -20.9827 37.615
      vertex -3.84132 -20.2855 36.7226
      vertex -4.0287 -20.8902 37.4966
    endloop
  endfacet
  facet normal -2.17735e-05 0.788021 0.615649
    outer loop
      vertex -4.68119 -20.1756 36.5819
      vertex -4.0287 -20.8902 37.4966
      vertex -3.84132 -20.2855 36.7226
    endloop
  endfacet
  facet normal -3.33884e-05 0.788017 0.615654
    outer loop
      vertex -4.0287 -20.8902 37.4966
      vertex -4.68119 -20.1756 36.5819
      vertex -4.90954 -20.775 37.3491
    endloop
  endfacet
  facet normal 9.06257e-06 0.788011 0.615662
    outer loop
      vertex -5.51286 -20.0441 36.4136
      vertex -4.90954 -20.775 37.3491
      vertex -4.68119 -20.1756 36.5819
    endloop
  endfacet
  facet normal 1.77706e-06 0.788008 0.615665
    outer loop
      vertex -4.90954 -20.775 37.3491
      vertex -5.51286 -20.0441 36.4136
      vertex -5.78178 -20.6371 37.1726
    endloop
  endfacet
  facet normal 5.09053e-05 0.788 0.615675
    outer loop
      vertex -6.33485 -19.8913 36.2181
      vertex -5.78178 -20.6371 37.1726
      vertex -5.51286 -20.0441 36.4136
    endloop
  endfacet
  facet normal -5.85128e-05 0.787969 0.615715
    outer loop
      vertex -5.78178 -20.6371 37.1726
      vertex -6.33485 -19.8913 36.2181
      vertex -6.64386 -20.4769 36.9675
    endloop
  endfacet
  facet normal -5.8571e-05 0.787969 0.615715
    outer loop
      vertex -7.14573 -19.7175 35.9956
      vertex -6.64386 -20.4769 36.9675
      vertex -6.33485 -19.8913 36.2181
    endloop
  endfacet
  facet normal 3.39898e-05 0.787992 0.615685
    outer loop
      vertex -6.64386 -20.4769 36.9675
      vertex -7.14573 -19.7175 35.9956
      vertex -7.4943 -20.2945 36.7341
    endloop
  endfacet
  facet normal -2.16689e-05 0.788005 0.615669
    outer loop
      vertex -7.94407 -19.5229 35.7465
      vertex -7.4943 -20.2945 36.7341
      vertex -7.14573 -19.7175 35.9956
    endloop
  endfacet
  facet normal 3.0258e-05 0.788017 0.615654
    outer loop
      vertex -7.4943 -20.2945 36.7341
      vertex -7.94407 -19.5229 35.7465
      vertex -8.33158 -20.0904 36.4729
    endloop
  endfacet
  facet normal 2.78077e-15 0.788024 0.615644
    outer loop
      vertex -8.72847 -19.3079 35.4713
      vertex -8.33158 -20.0904 36.4729
      vertex -7.94407 -19.5229 35.7465
    endloop
  endfacet
  facet normal -4.27903e-06 0.788024 0.615645
    outer loop
      vertex -8.33158 -20.0904 36.4729
      vertex -8.72847 -19.3079 35.4713
      vertex -9 -19.9072 36.2384
    endloop
  endfacet
  facet normal 7.85593e-05 0.788009 0.615663
    outer loop
      vertex -9 -19.9072 36.2384
      vertex -8.72847 -19.3079 35.4713
      vertex -9 -19.2249 35.3651
    endloop
  endfacet
  facet normal 0 0.787978 0.615703
    outer loop
      vertex 4.90954 4.99901 4.3599
      vertex -5.60201 4.88954 4.5
      vertex 5.60201 4.88954 4.5
    endloop
  endfacet
  facet normal 0 0.787978 0.615703
    outer loop
      vertex 4.90954 4.99901 4.3599
      vertex -4.90954 4.99901 4.3599
      vertex -5.60201 4.88954 4.5
    endloop
  endfacet
  facet normal 0 0.788013 0.615659
    outer loop
      vertex 4.0287 5.11428 4.21236
      vertex -4.90954 4.99901 4.3599
      vertex 4.90954 4.99901 4.3599
    endloop
  endfacet
  facet normal 0 0.788013 0.615659
    outer loop
      vertex 4.0287 5.11428 4.21236
      vertex -4.0287 5.11428 4.21236
      vertex -4.90954 4.99901 4.3599
    endloop
  endfacet
  facet normal 0 0.788027 0.61564
    outer loop
      vertex 3.14078 5.20674 4.09401
      vertex -4.0287 5.11428 4.21236
      vertex 4.0287 5.11428 4.21236
    endloop
  endfacet
  facet normal 0 0.788027 0.61564
    outer loop
      vertex 3.14078 5.20674 4.09401
      vertex -3.14078 5.20674 4.09401
      vertex -4.0287 5.11428 4.21236
    endloop
  endfacet
  facet normal 0 0.788043 0.61562
    outer loop
      vertex 2.24736 5.27622 4.00507
      vertex -3.14078 5.20674 4.09401
      vertex 3.14078 5.20674 4.09401
    endloop
  endfacet
  facet normal 0 0.788043 0.61562
    outer loop
      vertex 2.24736 5.27622 4.00507
      vertex -2.24736 5.27622 4.00507
      vertex -3.14078 5.20674 4.09401
    endloop
  endfacet
  facet normal 0 0.787978 0.615703
    outer loop
      vertex 1.35 5.32261 3.9457
      vertex -2.24736 5.27622 4.00507
      vertex 2.24736 5.27622 4.00507
    endloop
  endfacet
  facet normal 0 0.787978 0.615703
    outer loop
      vertex 1.35 5.32261 3.9457
      vertex -1.35 5.32261 3.9457
      vertex -2.24736 5.27622 4.00507
    endloop
  endfacet
  facet normal 0 0.788008 0.615665
    outer loop
      vertex 0.450261 5.34583 3.91598
      vertex -1.35 5.32261 3.9457
      vertex 1.35 5.32261 3.9457
    endloop
  endfacet
  facet normal 0 0.788008 0.615665
    outer loop
      vertex -1.35 5.32261 3.9457
      vertex 0.450261 5.34583 3.91598
      vertex -0.450261 5.34583 3.91598
    endloop
  endfacet
  facet normal 0.261657 -0.14751 -0.953822
    outer loop
      vertex -7.14573 -18.9216 36.6174
      vertex -7.4943 -20.2945 36.7341
      vertex -7.94407 -18.727 36.3683
    endloop
  endfacet
  facet normal -0.600289 -0.788387 -0.13453
    outer loop
      vertex 17.0749 -0.107709 12.5367
      vertex 18.366 -1.01086 12.0684
      vertex 18.3773 -1.02187 12.0825
    endloop
  endfacet
  facet normal -0.600044 -0.788834 -0.132993
    outer loop
      vertex 17.0749 -0.107709 12.5367
      vertex 18.0453 -0.699795 11.6703
      vertex 18.366 -1.01086 12.0684
    endloop
  endfacet
  facet normal -0.600116 -0.788757 -0.133126
    outer loop
      vertex 18.0453 -0.699795 11.6703
      vertex 17.0749 -0.107709 12.5367
      vertex 17.8996 -0.558392 11.4893
    endloop
  endfacet
  facet normal -0.629866 -0.757034 -0.17369
    outer loop
      vertex 18.8359 -1.51084 12.7084
      vertex 19.2489 -1.99731 13.331
      vertex 18.3621 -1.48033 14.2936
    endloop
  endfacet
  facet normal -0.368167 -0.928626 0.0458979
    outer loop
      vertex 11.5077 3.29359 6.55897
      vertex 10.9844 3.56422 7.83685
      vertex 10.25 3.83806 7.48635
    endloop
  endfacet
  facet normal -0.366989 -0.929063 0.046473
    outer loop
      vertex 10.9844 3.56422 7.83685
      vertex 11.5077 3.29359 6.55897
      vertex 11.515 3.29088 6.56244
    endloop
  endfacet
  facet normal -0.089066 -0.988464 0.122496
    outer loop
      vertex 3.14078 5.20674 4.09401
      vertex 2.9947 5.39357 5.49539
      vertex 2.24736 5.27622 4.00507
    endloop
  endfacet
  facet normal -0.233728 -0.967575 0.0957549
    outer loop
      vertex 6.64081 4.70297 4.75505
      vertex 7.48282 4.52244 4.98611
      vertex 6.33485 4.91124 6.11274
    endloop
  endfacet
  facet normal 0.507786 -0.860494 -0.0412765
    outer loop
      vertex -15.0418 1.56907 8.76625
      vertex -14.9439 1.54761 10.418
      vertex -15.6656 1.17688 9.26824
    endloop
  endfacet
  facet normal 0.666143 -0.706849 -0.237944
    outer loop
      vertex -19.984 -3.01449 14.6329
      vertex -19.3597 -2.94145 16.1637
      vertex -20.2947 -3.529 15.2915
    endloop
  endfacet
  facet normal 0.583557 -0.804103 -0.113485
    outer loop
      vertex -17.3907 -0.107638 10.9123
      vertex -17.0749 -0.107709 12.5367
      vertex -17.8996 -0.558392 11.4893
    endloop
  endfacet
  facet normal 0.393301 -0.918805 0.0333309
    outer loop
      vertex -11.5221 3.28798 6.56614
      vertex -11.6996 3.27168 8.21129
      vertex -12.2647 2.98421 6.95496
    endloop
  endfacet
  facet normal 0.709305 -0.526868 -0.468291
    outer loop
      vertex -20.4281 -8.1482 22.8281
      vertex -21.4147 -8.98722 22.2777
      vertex -21.4707 -8.43937 21.5765
    endloop
  endfacet
  facet normal 0.70929 -0.526908 -0.468269
    outer loop
      vertex -21.4707 -8.43937 21.5765
      vertex -20.482 -7.62061 22.1528
      vertex -20.4281 -8.1482 22.8281
    endloop
  endfacet
  facet normal 0.7095 -0.529256 -0.465294
    outer loop
      vertex -20.482 -7.62061 22.1528
      vertex -21.4707 -8.43937 21.5765
      vertex -21.4712 -8.43415 21.5698
    endloop
  endfacet
  facet normal 0.56612 -0.289911 -0.771661
    outer loop
      vertex -17.3807 -15.661 30.8198
      vertex -16.5848 -14.5106 30.9715
      vertex -16.0657 -14.9316 31.5105
    endloop
  endfacet
  facet normal 0.563096 -0.287405 -0.774804
    outer loop
      vertex -16.5848 -14.5106 30.9715
      vertex -17.3807 -15.661 30.8198
      vertex -17.3859 -15.6569 30.8145
    endloop
  endfacet
  facet normal 0.655176 -0.384822 -0.650121
    outer loop
      vertex -18.7277 -12.2255 28.0468
      vertex -19.6322 -13.2615 27.7485
      vertex -19.9777 -12.7555 27.1008
    endloop
  endfacet
  facet normal 0.643009 -0.36806 -0.671618
    outer loop
      vertex -19.6286 -13.2662 27.7546
      vertex -18.7277 -12.2255 28.0468
      vertex -18.3621 -12.7039 28.659
    endloop
  endfacet
  facet normal 0.645576 -0.371511 -0.667242
    outer loop
      vertex -18.7277 -12.2255 28.0468
      vertex -19.6286 -13.2662 27.7546
      vertex -19.6322 -13.2615 27.7485
    endloop
  endfacet
  facet normal 0.710551 -0.545196 -0.444835
    outer loop
      vertex -20.482 -7.62061 22.1528
      vertex -21.4712 -8.43415 21.5698
      vertex -21.4899 -7.88534 20.8673
    endloop
  endfacet
  facet normal 0.703033 -0.490415 -0.515013
    outer loop
      vertex -20.2129 -9.19689 24.1703
      vertex -21.1904 -10.0814 23.6782
      vertex -20.3384 -8.67393 23.501
    endloop
  endfacet
  facet normal 0.703128 -0.490791 -0.514525
    outer loop
      vertex -21.1904 -10.0814 23.6782
      vertex -20.2129 -9.19689 24.1703
      vertex -21.1892 -10.0866 23.6848
    endloop
  endfacet
  facet normal 0.368171 -0.180082 -0.912152
    outer loop
      vertex -11.5077 -19.0538 35.1623
      vertex -10.9844 -17.7484 35.1158
      vertex -10.25 -18.0223 35.4663
    endloop
  endfacet
  facet normal 0.360878 -0.177281 -0.915608
    outer loop
      vertex -10.9844 -17.7484 35.1158
      vertex -11.5077 -19.0538 35.1623
      vertex -11.515 -19.0511 35.1589
    endloop
  endfacet
  facet normal 0.0890252 -0.120313 -0.988736
    outer loop
      vertex -2.9947 -19.5778 37.4572
      vertex -2.24736 -21.0522 37.7039
      vertex -3.14078 -20.9827 37.615
    endloop
  endfacet
  facet normal 0.233746 -0.141137 -0.961999
    outer loop
      vertex -6.33485 -19.0954 36.8399
      vertex -6.64386 -20.4769 36.9675
      vertex -7.4943 -20.2945 36.7341
    endloop
  endfacet
  facet normal 0.205456 -0.135478 -0.969244
    outer loop
      vertex -6.33485 -19.0954 36.8399
      vertex -5.51286 -19.2482 37.0355
      vertex -6.64386 -20.4769 36.9675
    endloop
  endfacet
  facet normal -0.0297276 -0.11718 -0.992666
    outer loop
      vertex 1.2872 -19.6883 37.5987
      vertex 1.35 -21.0986 37.7633
      vertex 0.429319 -19.7104 37.627
    endloop
  endfacet
  facet normal -0.147733 -0.126359 -0.980922
    outer loop
      vertex 4.90954 -20.775 37.3491
      vertex 4.0287 -20.8902 37.4966
      vertex 3.84132 -19.4896 37.3444
    endloop
  endfacet
  facet normal -0.0890252 -0.120313 -0.988736
    outer loop
      vertex 2.9947 -19.5778 37.4572
      vertex 3.14078 -20.9827 37.615
      vertex 2.24736 -21.0522 37.7039
    endloop
  endfacet
  facet normal -0.464347 -0.223164 -0.857076
    outer loop
      vertex 13.7172 -16.4714 33.4812
      vertex 14.3797 -17.7124 33.4454
      vertex 13.7047 -18.0711 33.9045
    endloop
  endfacet
  facet normal -0.63086 -0.352796 -0.69105
    outer loop
      vertex 17.9643 -13.1723 29.2587
      vertex 18.8359 -14.2494 29.0129
      vertex 18.8319 -14.254 29.0189
    endloop
  endfacet
  facet normal -0.629888 -0.351678 -0.692505
    outer loop
      vertex 18.8359 -14.2494 29.0129
      vertex 17.9643 -13.1723 29.2587
      vertex 18.3621 -12.7039 28.659
    endloop
  endfacet
  facet normal -0.615465 -0.335545 -0.71317
    outer loop
      vertex 18.8319 -14.254 29.0189
      vertex 18.3861 -14.7294 29.6273
      vertex 17.9643 -13.1723 29.2587
    endloop
  endfacet
  facet normal -0.288544 -0.15635 -0.944615
    outer loop
      vertex 9 -19.9072 36.2384
      vertex 8.33158 -20.0904 36.4729
      vertex 9 -19.8927 36.236
    endloop
  endfacet
  facet normal -0.289001 -0.154561 -0.94477
    outer loop
      vertex 9 -19.8927 36.236
      vertex 7.94407 -18.727 36.3683
      vertex 9.14227 -19.8537 36.1861
    endloop
  endfacet
  facet normal -0.289089 -0.154645 -0.944729
    outer loop
      vertex 7.94407 -18.727 36.3683
      vertex 9 -19.8927 36.236
      vertex 8.33158 -20.0904 36.4729
    endloop
  endfacet
  facet normal -0.205456 -0.135478 -0.969244
    outer loop
      vertex 6.33485 -19.0954 36.8399
      vertex 6.64386 -20.4769 36.9675
      vertex 5.51286 -19.2482 37.0355
    endloop
  endfacet
  facet normal -0.583557 -0.804103 -0.113485
    outer loop
      vertex 17.3907 -0.107638 10.9123
      vertex 17.8996 -0.558392 11.4893
      vertex 17.0749 -0.107709 12.5367
    endloop
  endfacet
  facet normal -0.643051 -0.740668 -0.19467
    outer loop
      vertex 19.6286 -2.49399 13.9667
      vertex 18.7277 -1.95865 14.9058
      vertex 18.3621 -1.48033 14.2936
    endloop
  endfacet
  facet normal -0.643459 -0.740129 -0.19537
    outer loop
      vertex 18.7277 -1.95865 14.9058
      vertex 19.6286 -2.49399 13.9667
      vertex 19.6322 -2.49873 13.9728
    endloop
  endfacet
  facet normal -0.643043 -0.740749 -0.194388
    outer loop
      vertex 18.3621 -1.48033 14.2936
      vertex 19.5586 -2.40252 13.8497
      vertex 19.6286 -2.49399 13.9667
    endloop
  endfacet
  facet normal -0.643069 -0.740658 -0.194648
    outer loop
      vertex 19.5586 -2.40252 13.8497
      vertex 18.3621 -1.48033 14.2936
      vertex 19.2489 -1.99731 13.331
    endloop
  endfacet
  facet normal -0.464383 -0.885587 -0.00916072
    outer loop
      vertex 13.0672 2.6326 9.02927
      vertex 13.7047 2.31085 7.81682
      vertex 13.7172 2.28718 9.47139
    endloop
  endfacet
  facet normal -0.465081 -0.885216 -0.00962606
    outer loop
      vertex 13.7047 2.31085 7.81682
      vertex 13.0672 2.6326 9.02927
      vertex 13.6983 2.31426 7.81245
    endloop
  endfacet
  facet normal -0.0297657 -0.991529 0.126427
    outer loop
      vertex 1.35 5.32261 3.9457
      vertex 1.2872 5.50406 5.35397
      vertex 0.429319 5.5262 5.32563
    endloop
  endfacet
  facet normal -0.089067 -0.988464 0.122497
    outer loop
      vertex 2.24736 5.27622 4.00507
      vertex 2.9947 5.39357 5.49539
      vertex 2.14283 5.45982 5.41059
    endloop
  endfacet
  facet normal -0.029765 -0.991529 0.126428
    outer loop
      vertex 0.450261 5.34583 3.91598
      vertex 1.35 5.32261 3.9457
      vertex 0.429319 5.5262 5.32563
    endloop
  endfacet
  facet normal -0.205423 -0.973238 0.103004
    outer loop
      vertex 6.63267 4.70448 4.75311
      vertex 6.33485 4.91124 6.11274
      vertex 5.51286 5.06404 5.91717
    endloop
  endfacet
  facet normal -0.205117 -0.973294 0.10308
    outer loop
      vertex 6.33485 4.91124 6.11274
      vertex 6.63267 4.70448 4.75311
      vertex 6.64081 4.70297 4.75505
    endloop
  endfacet
  facet normal -0.118522 -0.985787 0.119069
    outer loop
      vertex 3.14078 5.20674 4.09401
      vertex 3.84132 5.30541 5.60823
      vertex 2.9947 5.39357 5.49539
    endloop
  endfacet
  facet normal -0.417746 -0.908344 0.0199601
    outer loop
      vertex 12.9929 2.65848 7.37187
      vertex 12.3943 2.96096 8.60899
      vertex 12.2716 2.98113 6.95889
    endloop
  endfacet
  facet normal -0.342381 -0.937791 0.0576404
    outer loop
      vertex 9.95628 3.84492 5.8533
      vertex 10.7376 3.58047 6.19178
      vertex 9.49757 4.09273 7.16038
    endloop
  endfacet
  facet normal -0.34238 -0.937792 0.0576418
    outer loop
      vertex 10.7376 3.58047 6.19178
      vertex 10.25 3.83806 7.48635
      vertex 9.49757 4.09273 7.16038
    endloop
  endfacet
  facet normal -0.340436 -0.938446 0.0585043
    outer loop
      vertex 10.25 3.83806 7.48635
      vertex 10.7376 3.58047 6.19178
      vertex 10.7451 3.57795 6.195
    endloop
  endfacet
  facet normal -0.368171 -0.928625 0.0458924
    outer loop
      vertex 10.7451 3.57795 6.195
      vertex 11.5077 3.29359 6.55897
      vertex 10.25 3.83806 7.48635
    endloop
  endfacet
  facet normal 0.698096 -0.636365 -0.328179
    outer loop
      vertex -21.0205 -5.12931 17.3398
      vertex -20.052 -4.46803 18.1177
      vertex -21.1876 -5.66851 18.0299
    endloop
  endfacet
  facet normal 0.547544 -0.833307 -0.0761192
    outer loop
      vertex -16.5547 0.55162 10.0685
      vertex -16.0657 0.747447 11.4422
      vertex -16.8417 0.338066 10.3419
    endloop
  endfacet
  facet normal 0.547579 -0.833283 -0.076135
    outer loop
      vertex -16.0657 0.747447 11.4422
      vertex -16.5547 0.55162 10.0685
      vertex -16.2733 0.761024 9.8005
    endloop
  endfacet
  facet normal 0.675895 -0.689608 -0.260012
    outer loop
      vertex -20.2947 -3.529 15.2915
      vertex -19.3597 -2.94145 16.1637
      vertex -20.5703 -4.05106 15.9597
    endloop
  endfacet
  facet normal 0.566103 -0.818892 -0.0945713
    outer loop
      vertex -16.8417 0.338066 10.3419
      vertex -16.0657 0.747447 11.4422
      vertex -17.3807 -0.0991729 10.9015
    endloop
  endfacet
  facet normal 0.417746 -0.908344 0.0199601
    outer loop
      vertex -12.2716 2.98113 6.95889
      vertex -12.3943 2.96096 8.60899
      vertex -12.9929 2.65848 7.37187
    endloop
  endfacet
  facet normal 0.233515 -0.96762 0.095827
    outer loop
      vertex -7.48282 4.52244 4.98611
      vertex -7.14573 4.7374 6.33525
      vertex -7.49085 4.52072 4.98831
    endloop
  endfacet
  facet normal 0.233713 -0.967577 0.0957706
    outer loop
      vertex -7.14573 4.7374 6.33525
      vertex -7.48282 4.52244 4.98611
      vertex -6.33485 4.91124 6.11274
    endloop
  endfacet
  facet normal 0.315997 -0.946283 0.0685093
    outer loop
      vertex -9.15004 4.09132 5.53792
      vertex -8.72847 4.32778 6.85954
      vertex -9.94866 3.84725 5.85032
    endloop
  endfacet
  facet normal 0.342381 -0.937791 0.0576404
    outer loop
      vertex -9.95628 3.84492 5.8533
      vertex -9.49757 4.09273 7.16038
      vertex -10.7376 3.58047 6.19178
    endloop
  endfacet
  facet normal 0.643009 -0.368039 -0.67163
    outer loop
      vertex -18.3621 -12.7039 28.659
      vertex -19.2489 -13.7629 28.3903
      vertex -19.6286 -13.2662 27.7546
    endloop
  endfacet
  facet normal 0.600049 -0.319937 -0.7332
    outer loop
      vertex -17.0749 -14.0765 30.4159
      vertex -17.8996 -15.2018 30.232
      vertex -18.3773 -14.7383 29.6388
    endloop
  endfacet
  facet normal 0.547617 -0.275452 -0.790089
    outer loop
      vertex -16.0657 -14.9316 31.5105
      vertex -16.2733 -16.5212 31.9208
      vertex -16.8417 -16.0983 31.3794
    endloop
  endfacet
  facet normal 0.58551 -0.306393 -0.750534
    outer loop
      vertex -17.3907 -15.6526 30.809
      vertex -16.5848 -14.5106 30.9715
      vertex -17.3859 -15.6569 30.8145
    endloop
  endfacet
  facet normal 0.583524 -0.304672 -0.752778
    outer loop
      vertex -16.5848 -14.5106 30.9715
      vertex -17.3907 -15.6526 30.809
      vertex -17.0749 -14.0765 30.4159
    endloop
  endfacet
  facet normal 0.566092 -0.289804 -0.771721
    outer loop
      vertex -16.0657 -14.9316 31.5105
      vertex -16.8417 -16.0983 31.3794
      vertex -17.3807 -15.661 30.8198
    endloop
  endfacet
  facet normal 0.528168 -0.261586 -0.807843
    outer loop
      vertex -16.2622 -16.5292 31.9309
      vertex -15.5184 -15.339 32.0318
      vertex -14.9439 -15.7318 32.5346
    endloop
  endfacet
  facet normal 0.522474 -0.257607 -0.81281
    outer loop
      vertex -15.5184 -15.339 32.0318
      vertex -16.2622 -16.5292 31.9309
      vertex -16.2679 -16.5253 31.926
    endloop
  endfacet
  facet normal 0.528187 -0.261641 -0.807813
    outer loop
      vertex -14.9439 -15.7318 32.5346
      vertex -15.6656 -16.9371 32.4531
      vertex -16.2622 -16.5292 31.9309
    endloop
  endfacet
  facet normal 0.684509 -0.436628 -0.583784
    outer loop
      vertex -20.8127 -11.1755 25.0785
      vertex -19.856 -10.2308 25.4937
      vertex -19.625 -10.74 26.1454
    endloop
  endfacet
  facet normal 0.684617 -0.436875 -0.583472
    outer loop
      vertex -19.856 -10.2308 25.4937
      vertex -20.8127 -11.1755 25.0785
      vertex -20.8149 -11.1704 25.0721
    endloop
  endfacet
  facet normal 0.706843 -0.50861 -0.491619
    outer loop
      vertex -20.3384 -8.67393 23.501
      vertex -21.3206 -9.53835 22.9831
      vertex -21.4138 -8.99242 22.2843
    endloop
  endfacet
  facet normal 0.706838 -0.508627 -0.491609
    outer loop
      vertex -21.4138 -8.99242 22.2843
      vertex -20.4281 -8.1482 22.8281
      vertex -20.3384 -8.67393 23.501
    endloop
  endfacet
  facet normal 0.706407 -0.505962 -0.494965
    outer loop
      vertex -20.4281 -8.1482 22.8281
      vertex -21.4138 -8.99242 22.2843
      vertex -21.4147 -8.98722 22.2777
    endloop
  endfacet
  facet normal 0.0297276 -0.11718 -0.992666
    outer loop
      vertex -1.2872 -19.6883 37.5987
      vertex -0.429319 -19.7104 37.627
      vertex -1.35 -21.0986 37.7633
    endloop
  endfacet
  facet normal 0.0890767 -0.120286 -0.988735
    outer loop
      vertex -2.14283 -19.644 37.542
      vertex -2.24736 -21.0522 37.7039
      vertex -2.9947 -19.5778 37.4572
    endloop
  endfacet
  facet normal 0.0297456 -0.117192 -0.992664
    outer loop
      vertex -0.429319 -19.7104 37.627
      vertex -0.450261 -21.1218 37.793
      vertex -1.35 -21.0986 37.7633
    endloop
  endfacet
  facet normal 0 -0.116809 -0.993154
    outer loop
      vertex 0.450261 -21.1218 37.793
      vertex -0.429319 -19.7104 37.627
      vertex 0.429319 -19.7104 37.627
    endloop
  endfacet
  facet normal 0 -0.116809 -0.993154
    outer loop
      vertex -0.429319 -19.7104 37.627
      vertex 0.450261 -21.1218 37.793
      vertex -0.450261 -21.1218 37.793
    endloop
  endfacet
  facet normal 0.118466 -0.122989 -0.985312
    outer loop
      vertex -2.9947 -19.5778 37.4572
      vertex -3.14078 -20.9827 37.615
      vertex -3.84132 -19.4896 37.3444
    endloop
  endfacet
  facet normal 0.417686 -0.200399 -0.886216
    outer loop
      vertex -12.9689 -18.4294 34.3632
      vertex -12.3943 -17.1451 34.3436
      vertex -12.2716 -18.7414 34.7624
    endloop
  endfacet
  facet normal 0.419355 -0.201131 -0.885262
    outer loop
      vertex -12.3943 -17.1451 34.3436
      vertex -12.9689 -18.4294 34.3632
      vertex -12.9929 -18.4187 34.3494
    endloop
  endfacet
  facet normal 0.342399 -0.170976 -0.923867
    outer loop
      vertex -9.49757 -18.2769 35.7922
      vertex -9.95628 -19.6051 35.868
      vertex -10.7376 -19.3407 35.5295
    endloop
  endfacet
  facet normal 0.316029 -0.162494 -0.934731
    outer loop
      vertex -9.94866 -19.6075 35.871
      vertex -9.49757 -18.2769 35.7922
      vertex -8.72847 -18.512 36.0931
    endloop
  endfacet
  facet normal 0.316664 -0.162694 -0.934481
    outer loop
      vertex -9.49757 -18.2769 35.7922
      vertex -9.94866 -19.6075 35.871
      vertex -9.95628 -19.6051 35.868
    endloop
  endfacet
  facet normal 0.342342 -0.170901 -0.923902
    outer loop
      vertex -10.7376 -19.3407 35.5295
      vertex -10.25 -18.0223 35.4663
      vertex -9.49757 -18.2769 35.7922
    endloop
  endfacet
  facet normal 0.338413 -0.16953 -0.925601
    outer loop
      vertex -10.25 -18.0223 35.4663
      vertex -10.7376 -19.3407 35.5295
      vertex -10.7451 -19.3382 35.5263
    endloop
  endfacet
  facet normal 0.3682 -0.180123 -0.912132
    outer loop
      vertex -10.25 -18.0223 35.4663
      vertex -10.7451 -19.3382 35.5263
      vertex -11.5077 -19.0538 35.1623
    endloop
  endfacet
  facet normal -0.17676 -0.130587 -0.975553
    outer loop
      vertex 5.78178 -20.6371 37.1726
      vertex 4.90954 -20.775 37.3491
      vertex 4.68119 -19.3797 37.2037
    endloop
  endfacet
  facet normal -0.118579 -0.122935 -0.985305
    outer loop
      vertex 3.84132 -19.4896 37.3444
      vertex 4.0287 -20.8902 37.4966
      vertex 3.14078 -20.9827 37.615
    endloop
  endfacet
  facet normal -0.118466 -0.122989 -0.985312
    outer loop
      vertex 3.84132 -19.4896 37.3444
      vertex 3.14078 -20.9827 37.615
      vertex 2.9947 -19.5778 37.4572
    endloop
  endfacet
  facet normal -0.0594923 -0.118334 -0.99119
    outer loop
      vertex 2.24736 -21.0522 37.7039
      vertex 1.35 -21.0986 37.7633
      vertex 1.2872 -19.6883 37.5987
    endloop
  endfacet
  facet normal -0.0297456 -0.117192 -0.992664
    outer loop
      vertex 1.35 -21.0986 37.7633
      vertex 0.450261 -21.1218 37.793
      vertex 0.429319 -19.7104 37.627
    endloop
  endfacet
  facet normal -0.549245 -0.276686 -0.788527
    outer loop
      vertex 15.5184 -15.339 32.0318
      vertex 16.2733 -16.5212 31.9208
      vertex 16.2679 -16.5253 31.926
    endloop
  endfacet
  facet normal -0.547553 -0.275455 -0.790133
    outer loop
      vertex 16.2733 -16.5212 31.9208
      vertex 15.5184 -15.339 32.0318
      vertex 16.0657 -14.9316 31.5105
    endloop
  endfacet
  facet normal -0.547617 -0.275452 -0.790089
    outer loop
      vertex 16.8417 -16.0983 31.3794
      vertex 16.2733 -16.5212 31.9208
      vertex 16.0657 -14.9316 31.5105
    endloop
  endfacet
  facet normal -0.566092 -0.289804 -0.771721
    outer loop
      vertex 17.3807 -15.661 30.8198
      vertex 16.8417 -16.0983 31.3794
      vertex 16.0657 -14.9316 31.5105
    endloop
  endfacet
  facet normal -0.58551 -0.306393 -0.750534
    outer loop
      vertex 16.5848 -14.5106 30.9715
      vertex 17.3907 -15.6526 30.809
      vertex 17.3859 -15.6569 30.8145
    endloop
  endfacet
  facet normal -0.583524 -0.304672 -0.752778
    outer loop
      vertex 17.3907 -15.6526 30.809
      vertex 16.5848 -14.5106 30.9715
      vertex 17.0749 -14.0765 30.4159
    endloop
  endfacet
  facet normal -0.583577 -0.304673 -0.752736
    outer loop
      vertex 17.8996 -15.2018 30.232
      vertex 17.3907 -15.6526 30.809
      vertex 17.0749 -14.0765 30.4159
    endloop
  endfacet
  facet normal -0.645576 -0.371511 -0.667242
    outer loop
      vertex 19.6286 -13.2662 27.7546
      vertex 18.7277 -12.2255 28.0468
      vertex 19.6322 -13.2615 27.7485
    endloop
  endfacet
  facet normal -0.643009 -0.36806 -0.671618
    outer loop
      vertex 18.7277 -12.2255 28.0468
      vertex 19.6286 -13.2662 27.7546
      vertex 18.3621 -12.7039 28.659
    endloop
  endfacet
  facet normal -0.60076 -0.320618 -0.732319
    outer loop
      vertex 18.3773 -14.7383 29.6388
      vertex 17.535 -13.6301 29.8446
      vertex 18.3819 -14.7339 29.6331
    endloop
  endfacet
  facet normal -0.600044 -0.319907 -0.733217
    outer loop
      vertex 17.535 -13.6301 29.8446
      vertex 18.3773 -14.7383 29.6388
      vertex 17.0749 -14.0765 30.4159
    endloop
  endfacet
  facet normal -0.600049 -0.319937 -0.7332
    outer loop
      vertex 18.3773 -14.7383 29.6388
      vertex 17.8996 -15.2018 30.232
      vertex 17.0749 -14.0765 30.4159
    endloop
  endfacet
  facet normal -0.3682 -0.180123 -0.912132
    outer loop
      vertex 11.5077 -19.0538 35.1623
      vertex 10.7451 -19.3382 35.5263
      vertex 10.25 -18.0223 35.4663
    endloop
  endfacet
  facet normal -0.391834 -0.189385 -0.900333
    outer loop
      vertex 10.9844 -17.7484 35.1158
      vertex 11.5221 -19.0482 35.1552
      vertex 11.515 -19.0511 35.1589
    endloop
  endfacet
  facet normal -0.393334 -0.189982 -0.899553
    outer loop
      vertex 11.5221 -19.0482 35.1552
      vertex 10.9844 -17.7484 35.1158
      vertex 11.6996 -17.4559 34.7413
    endloop
  endfacet
  facet normal -0.39337 -0.189974 -0.899539
    outer loop
      vertex 11.6996 -17.4559 34.7413
      vertex 12.2647 -18.7444 34.7663
      vertex 11.5221 -19.0482 35.1552
    endloop
  endfacet
  facet normal -0.44145 -0.211455 -0.872014
    outer loop
      vertex 13.6916 -18.0777 33.913
      vertex 12.9929 -18.4187 34.3494
      vertex 12.3943 -17.1451 34.3436
    endloop
  endfacet
  facet normal -0.419355 -0.201131 -0.885262
    outer loop
      vertex 12.9689 -18.4294 34.3632
      vertex 12.3943 -17.1451 34.3436
      vertex 12.9929 -18.4187 34.3494
    endloop
  endfacet
  facet normal -0.417686 -0.200399 -0.886216
    outer loop
      vertex 12.3943 -17.1451 34.3436
      vertex 12.9689 -18.4294 34.3632
      vertex 12.2716 -18.7414 34.7624
    endloop
  endfacet
  facet normal -0.486531 -0.235461 -0.841336
    outer loop
      vertex 15.0296 -17.3366 32.9644
      vertex 14.3797 -17.7124 33.4454
      vertex 13.7172 -16.4714 33.4812
    endloop
  endfacet
  facet normal -0.487079 -0.235694 -0.840953
    outer loop
      vertex 15.0296 -17.3366 32.9644
      vertex 14.3431 -16.1095 33.0181
      vertex 15.0358 -17.333 32.9598
    endloop
  endfacet
  facet normal -0.486475 -0.235337 -0.841402
    outer loop
      vertex 14.3431 -16.1095 33.0181
      vertex 15.0296 -17.3366 32.9644
      vertex 13.7172 -16.4714 33.4812
    endloop
  endfacet
  facet normal -0.338413 -0.16953 -0.925601
    outer loop
      vertex 10.7376 -19.3407 35.5295
      vertex 10.25 -18.0223 35.4663
      vertex 10.7451 -19.3382 35.5263
    endloop
  endfacet
  facet normal -0.342342 -0.170901 -0.923902
    outer loop
      vertex 10.25 -18.0223 35.4663
      vertex 10.7376 -19.3407 35.5295
      vertex 9.49757 -18.2769 35.7922
    endloop
  endfacet
  facet normal -0.28527 -0.153558 -0.946066
    outer loop
      vertex 9.14227 -19.8537 36.1861
      vertex 8.72847 -18.512 36.0931
      vertex 9.15004 -19.8515 36.1834
    endloop
  endfacet
  facet normal -0.289067 -0.154637 -0.944737
    outer loop
      vertex 8.72847 -18.512 36.0931
      vertex 9.14227 -19.8537 36.1861
      vertex 7.94407 -18.727 36.3683
    endloop
  endfacet
  facet normal -0.342399 -0.170976 -0.923867
    outer loop
      vertex 10.7376 -19.3407 35.5295
      vertex 9.95628 -19.6051 35.868
      vertex 9.49757 -18.2769 35.7922
    endloop
  endfacet
  facet normal -0.261657 -0.14751 -0.953822
    outer loop
      vertex 7.94407 -18.727 36.3683
      vertex 7.4943 -20.2945 36.7341
      vertex 7.14573 -18.9216 36.6174
    endloop
  endfacet
  facet normal -0.261598 -0.14753 -0.953835
    outer loop
      vertex 7.94407 -18.727 36.3683
      vertex 8.33158 -20.0904 36.4729
      vertex 7.4943 -20.2945 36.7341
    endloop
  endfacet
  facet normal -0.655165 -0.723898 -0.21617
    outer loop
      vertex 19.7358 -2.80232 14.6757
      vertex 18.8698 -2.16681 15.1722
      vertex 18.7277 -1.95865 14.9058
    endloop
  endfacet
  facet normal -0.547544 -0.833307 -0.0761192
    outer loop
      vertex 16.0657 0.747447 11.4422
      vertex 16.5547 0.55162 10.0685
      vertex 16.8417 0.338066 10.3419
    endloop
  endfacet
  facet normal -0.547579 -0.833283 -0.076135
    outer loop
      vertex 16.5547 0.55162 10.0685
      vertex 16.0657 0.747447 11.4422
      vertex 16.2733 0.761024 9.8005
    endloop
  endfacet
  facet normal -0.566103 -0.818892 -0.0945713
    outer loop
      vertex 16.8417 0.338066 10.3419
      vertex 17.3807 -0.0991729 10.9015
      vertex 16.0657 0.747447 11.4422
    endloop
  endfacet
  facet normal -0.615503 -0.773122 -0.153096
    outer loop
      vertex 18.3861 -1.03082 12.094
      vertex 18.8319 -1.50621 12.7024
      vertex 17.9643 -1.01185 13.694
    endloop
  endfacet
  facet normal -0.615491 -0.773132 -0.153092
    outer loop
      vertex 17.535 -0.554047 13.108
      vertex 18.3861 -1.03082 12.094
      vertex 17.9643 -1.01185 13.694
    endloop
  endfacet
  facet normal -0.617234 -0.771274 -0.155429
    outer loop
      vertex 18.3861 -1.03082 12.094
      vertex 17.535 -0.554047 13.108
      vertex 18.3819 -1.02629 12.0882
    endloop
  endfacet
  facet normal -0.441458 -0.897263 0.00578521
    outer loop
      vertex 13.6916 2.31752 7.80829
      vertex 13.0672 2.6326 9.02927
      vertex 12.3943 2.96096 8.60899
    endloop
  endfacet
  facet normal -0.44067 -0.897647 0.00628732
    outer loop
      vertex 13.0672 2.6326 9.02927
      vertex 13.6916 2.31752 7.80829
      vertex 13.6983 2.31426 7.81245
    endloop
  endfacet
  facet normal -0.0594754 -0.990379 0.124948
    outer loop
      vertex 2.24736 5.27622 4.00507
      vertex 2.14283 5.45982 5.41059
      vertex 1.2872 5.50406 5.35397
    endloop
  endfacet
  facet normal -0.233713 -0.967577 0.0957706
    outer loop
      vertex 7.48282 4.52244 4.98611
      vertex 7.14573 4.7374 6.33525
      vertex 6.33485 4.91124 6.11274
    endloop
  endfacet
  facet normal -0.233515 -0.96762 0.095827
    outer loop
      vertex 7.14573 4.7374 6.33525
      vertex 7.48282 4.52244 4.98611
      vertex 7.49085 4.52072 4.98831
    endloop
  endfacet
  facet normal -0.17673 -0.978169 0.109329
    outer loop
      vertex 4.68119 5.1955 5.7489
      vertex 5.53179 4.90223 4.5
      vertex 5.77088 4.86444 4.54838
    endloop
  endfacet
  facet normal -0.176769 -0.978152 0.109416
    outer loop
      vertex 5.53179 4.90223 4.5
      vertex 4.90954 4.99901 4.3599
      vertex 5.60201 4.88954 4.5
    endloop
  endfacet
  facet normal -0.176749 -0.978167 0.109316
    outer loop
      vertex 4.90954 4.99901 4.3599
      vertex 5.53179 4.90223 4.5
      vertex 4.68119 5.1955 5.7489
    endloop
  endfacet
  facet normal -0.205414 -0.973239 0.103013
    outer loop
      vertex 5.77911 4.86314 4.55004
      vertex 6.63267 4.70448 4.75311
      vertex 5.51286 5.06404 5.91717
    endloop
  endfacet
  facet normal -0.147763 -0.982352 0.114673
    outer loop
      vertex 4.90954 4.99901 4.3599
      vertex 4.68119 5.1955 5.7489
      vertex 3.84132 5.30541 5.60823
    endloop
  endfacet
  facet normal -0.41771 -0.908361 0.0199572
    outer loop
      vertex 11.6996 3.27168 8.21129
      vertex 12.2716 2.98113 6.95889
      vertex 12.3943 2.96096 8.60899
    endloop
  endfacet
  facet normal -0.417136 -0.908618 0.0202788
    outer loop
      vertex 12.2716 2.98113 6.95889
      vertex 11.6996 3.27168 8.21129
      vertex 12.2647 2.98421 6.95496
    endloop
  endfacet
  facet normal -0.393301 -0.918805 0.0333309
    outer loop
      vertex 12.2647 2.98421 6.95496
      vertex 11.6996 3.27168 8.21129
      vertex 11.5221 3.28798 6.56614
    endloop
  endfacet
  facet normal -0.441463 -0.897261 0.00577449
    outer loop
      vertex 12.9929 2.65848 7.37187
      vertex 13.6916 2.31752 7.80829
      vertex 12.3943 2.96096 8.60899
    endloop
  endfacet
  facet normal -0.289066 -0.954086 0.0784933
    outer loop
      vertex 8.32775 4.31672 5.24942
      vertex 9.14227 4.09345 5.53519
      vertex 7.94407 4.54279 6.58433
    endloop
  endfacet
  facet normal -0.261617 -0.961189 0.0875855
    outer loop
      vertex 8.32775 4.31672 5.24942
      vertex 7.94407 4.54279 6.58433
      vertex 7.49875 4.51879 4.99078
    endloop
  endfacet
  facet normal -0.315998 -0.946283 0.0685084
    outer loop
      vertex 9.94866 3.84725 5.85032
      vertex 9.49757 4.09273 7.16038
      vertex 8.72847 4.32778 6.85954
    endloop
  endfacet
  facet normal -0.316112 -0.946248 0.0684624
    outer loop
      vertex 9.49757 4.09273 7.16038
      vertex 9.94866 3.84725 5.85032
      vertex 9.95628 3.84492 5.8533
    endloop
  endfacet
  facet normal 0.706816 -0.600068 -0.374606
    outer loop
      vertex -20.4281 -6.03599 20.1246
      vertex -21.4138 -6.76779 19.437
      vertex -20.3384 -5.51026 19.4517
    endloop
  endfacet
  facet normal 0.707022 -0.598786 -0.376266
    outer loop
      vertex -21.4138 -6.76779 19.437
      vertex -20.4281 -6.03599 20.1246
      vertex -21.4147 -6.773 19.4436
    endloop
  endfacet
  facet normal 0.710541 -0.563556 -0.42135
    outer loop
      vertex -21.4712 -7.32607 20.1515
      vertex -20.482 -6.56358 20.7998
      vertex -21.4899 -7.87488 20.854
    endloop
  endfacet
  facet normal 0.675892 -0.689577 -0.260105
    outer loop
      vertex -20.5729 -4.05604 15.9661
      vertex -19.3597 -2.94145 16.1637
      vertex -19.625 -3.44421 16.8072
    endloop
  endfacet
  facet normal 0.675736 -0.689123 -0.261706
    outer loop
      vertex -19.3597 -2.94145 16.1637
      vertex -20.5729 -4.05604 15.9661
      vertex -20.5703 -4.05106 15.9597
    endloop
  endfacet
  facet normal 0.691924 -0.654261 -0.30526
    outer loop
      vertex -20.8169 -4.59488 16.6558
      vertex -19.856 -3.95337 17.4589
      vertex -20.052 -4.46803 18.1177
    endloop
  endfacet
  facet normal 0.690033 -0.659054 -0.299169
    outer loop
      vertex -19.856 -3.95337 17.4589
      vertex -20.8169 -4.59488 16.6558
      vertex -20.8149 -4.58979 16.6492
    endloop
  endfacet
  facet normal 0.56387 -0.820701 -0.0921966
    outer loop
      vertex -17.3807 -0.0991729 10.9015
      vertex -16.5848 0.326376 11.9811
      vertex -17.3859 -0.103341 10.9068
    endloop
  endfacet
  facet normal 0.566098 -0.818898 -0.0945498
    outer loop
      vertex -16.5848 0.326376 11.9811
      vertex -17.3807 -0.0991729 10.9015
      vertex -16.0657 0.747447 11.4422
    endloop
  endfacet
  facet normal 0.528159 -0.847137 -0.0583713
    outer loop
      vertex -15.6656 1.17688 9.26824
      vertex -14.9439 1.54761 10.418
      vertex -16.2622 0.768945 9.79037
    endloop
  endfacet
  facet normal 0.59808 -0.790739 -0.130509
    outer loop
      vertex -18.3773 -1.02187 12.0825
      vertex -17.535 -0.554047 13.108
      vertex -18.3819 -1.02629 12.0882
    endloop
  endfacet
  facet normal 0.600062 -0.788817 -0.133014
    outer loop
      vertex -17.535 -0.554047 13.108
      vertex -18.3773 -1.02187 12.0825
      vertex -17.0749 -0.107709 12.5367
    endloop
  endfacet
  facet normal 0.600289 -0.788387 -0.13453
    outer loop
      vertex -18.366 -1.01086 12.0684
      vertex -17.0749 -0.107709 12.5367
      vertex -18.3773 -1.02187 12.0825
    endloop
  endfacet
  facet normal 0.600044 -0.788834 -0.132993
    outer loop
      vertex -18.0453 -0.699795 11.6703
      vertex -17.0749 -0.107709 12.5367
      vertex -18.366 -1.01086 12.0684
    endloop
  endfacet
  facet normal 0.600116 -0.788757 -0.133126
    outer loop
      vertex -17.0749 -0.107709 12.5367
      vertex -18.0453 -0.699795 11.6703
      vertex -17.8996 -0.558392 11.4893
    endloop
  endfacet
  facet normal 0.643459 -0.740129 -0.19537
    outer loop
      vertex -19.6286 -2.49399 13.9667
      vertex -18.7277 -1.95865 14.9058
      vertex -19.6322 -2.49873 13.9728
    endloop
  endfacet
  facet normal 0.643051 -0.740668 -0.19467
    outer loop
      vertex -18.7277 -1.95865 14.9058
      vertex -19.6286 -2.49399 13.9667
      vertex -18.3621 -1.48033 14.2936
    endloop
  endfacet
  facet normal 0.464368 -0.885595 -0.00916095
    outer loop
      vertex -13.7047 2.31085 7.81682
      vertex -13.7172 2.28718 9.47139
      vertex -14.3797 1.95216 8.27592
    endloop
  endfacet
  facet normal 0.486522 -0.873314 -0.0248797
    outer loop
      vertex -14.3797 1.95216 8.27592
      vertex -13.7172 2.28718 9.47139
      vertex -15.0296 1.5764 8.75688
    endloop
  endfacet
  facet normal 0.0297657 -0.991529 0.126427
    outer loop
      vertex -0.429319 5.5262 5.32563
      vertex -1.2872 5.50406 5.35397
      vertex -1.35 5.32261 3.9457
    endloop
  endfacet
  facet normal 0.147762 -0.982352 0.114674
    outer loop
      vertex -4.0287 5.11428 4.21236
      vertex -3.84132 5.30541 5.60823
      vertex -4.90954 4.99901 4.3599
    endloop
  endfacet
  facet normal 0.233728 -0.967575 0.0957549
    outer loop
      vertex -6.64081 4.70297 4.75505
      vertex -6.33485 4.91124 6.11274
      vertex -7.48282 4.52244 4.98611
    endloop
  endfacet
  facet normal 0.261634 -0.961184 0.0875902
    outer loop
      vertex -7.49875 4.51879 4.99078
      vertex -7.14573 4.7374 6.33525
      vertex -7.94407 4.54279 6.58433
    endloop
  endfacet
  facet normal 0.26213 -0.961063 0.0874402
    outer loop
      vertex -7.14573 4.7374 6.33525
      vertex -7.49875 4.51879 4.99078
      vertex -7.49085 4.52072 4.98831
    endloop
  endfacet
  facet normal 0.261617 -0.961189 0.0875855
    outer loop
      vertex -7.49875 4.51879 4.99078
      vertex -7.94407 4.54279 6.58433
      vertex -8.32775 4.31672 5.24942
    endloop
  endfacet
  facet normal 0.41771 -0.908361 0.0199572
    outer loop
      vertex -12.2716 2.98113 6.95889
      vertex -11.6996 3.27168 8.21129
      vertex -12.3943 2.96096 8.60899
    endloop
  endfacet
  facet normal 0.417136 -0.908618 0.0202788
    outer loop
      vertex -11.6996 3.27168 8.21129
      vertex -12.2716 2.98113 6.95889
      vertex -12.2647 2.98421 6.95496
    endloop
  endfacet
  facet normal 0.368171 -0.928625 0.0458924
    outer loop
      vertex -10.7451 3.57795 6.195
      vertex -10.25 3.83806 7.48635
      vertex -11.5077 3.29359 6.55897
    endloop
  endfacet
  facet normal 0.340436 -0.938446 0.0585043
    outer loop
      vertex -10.7376 3.58047 6.19178
      vertex -10.25 3.83806 7.48635
      vertex -10.7451 3.57795 6.195
    endloop
  endfacet
  facet normal 0.34238 -0.937792 0.0576418
    outer loop
      vertex -10.25 3.83806 7.48635
      vertex -10.7376 3.58047 6.19178
      vertex -9.49757 4.09273 7.16038
    endloop
  endfacet
  facet normal 0.393275 -0.918817 0.033328
    outer loop
      vertex -11.5221 3.28798 6.56614
      vertex -10.9844 3.56422 7.83685
      vertex -11.6996 3.27168 8.21129
    endloop
  endfacet
  facet normal 0.392846 -0.918992 0.0335477
    outer loop
      vertex -10.9844 3.56422 7.83685
      vertex -11.5221 3.28798 6.56614
      vertex -11.515 3.29088 6.56244
    endloop
  endfacet
  facet normal 0.441463 -0.897261 0.00577449
    outer loop
      vertex -12.9929 2.65848 7.37187
      vertex -12.3943 2.96096 8.60899
      vertex -13.6916 2.31752 7.80829
    endloop
  endfacet
  facet normal 0.63086 -0.352796 -0.69105
    outer loop
      vertex -18.8359 -14.2494 29.0129
      vertex -17.9643 -13.1723 29.2587
      vertex -18.8319 -14.254 29.0189
    endloop
  endfacet
  facet normal 0.629888 -0.351678 -0.692505
    outer loop
      vertex -17.9643 -13.1723 29.2587
      vertex -18.8359 -14.2494 29.0129
      vertex -18.3621 -12.7039 28.659
    endloop
  endfacet
  facet normal 0.615465 -0.335545 -0.71317
    outer loop
      vertex -17.9643 -13.1723 29.2587
      vertex -18.3861 -14.7294 29.6273
      vertex -18.8319 -14.254 29.0189
    endloop
  endfacet
  facet normal 0.549245 -0.276686 -0.788527
    outer loop
      vertex -16.2733 -16.5212 31.9208
      vertex -15.5184 -15.339 32.0318
      vertex -16.2679 -16.5253 31.926
    endloop
  endfacet
  facet normal 0.547553 -0.275455 -0.790133
    outer loop
      vertex -15.5184 -15.339 32.0318
      vertex -16.2733 -16.5212 31.9208
      vertex -16.0657 -14.9316 31.5105
    endloop
  endfacet
  facet normal 0.507778 -0.248262 -0.824941
    outer loop
      vertex -14.9439 -15.7318 32.5346
      vertex -15.0418 -17.3293 32.9551
      vertex -15.6656 -16.9371 32.4531
    endloop
  endfacet
  facet normal 0.500443 -0.243747 -0.830749
    outer loop
      vertex -15.0418 -17.3293 32.9551
      vertex -14.3431 -16.1095 33.0181
      vertex -15.0358 -17.333 32.9598
    endloop
  endfacet
  facet normal 0.507798 -0.24826 -0.824929
    outer loop
      vertex -14.3431 -16.1095 33.0181
      vertex -15.0418 -17.3293 32.9551
      vertex -14.9439 -15.7318 32.5346
    endloop
  endfacet
  facet normal 0.675917 -0.419117 -0.606199
    outer loop
      vertex -19.3597 -11.2427 26.7889
      vertex -20.2947 -12.2312 26.4298
      vertex -20.5703 -11.7092 25.7616
    endloop
  endfacet
  facet normal 0.666178 -0.401898 -0.628239
    outer loop
      vertex -19.3597 -11.2427 26.7889
      vertex -19.984 -12.7457 27.0884
      vertex -20.2947 -12.2312 26.4298
    endloop
  endfacet
  facet normal 0.691949 -0.454458 -0.560959
    outer loop
      vertex -19.856 -10.2308 25.4937
      vertex -20.8169 -11.1653 25.0655
      vertex -20.052 -9.71616 24.835
    endloop
  endfacet
  facet normal 0.691968 -0.454506 -0.560896
    outer loop
      vertex -20.8169 -11.1653 25.0655
      vertex -19.856 -10.2308 25.4937
      vertex -20.8149 -11.1704 25.0721
    endloop
  endfacet
  facet normal 0.691914 -0.454448 -0.56101
    outer loop
      vertex -20.052 -9.71616 24.835
      vertex -20.8169 -11.1653 25.0655
      vertex -21.0205 -10.6309 24.3815
    endloop
  endfacet
  facet normal 0.698074 -0.472436 -0.53805
    outer loop
      vertex -21.1876 -10.0917 23.6914
      vertex -20.2129 -9.19689 24.1703
      vertex -20.052 -9.71616 24.835
    endloop
  endfacet
  facet normal 0.6986 -0.474215 -0.535797
    outer loop
      vertex -20.2129 -9.19689 24.1703
      vertex -21.1876 -10.0917 23.6914
      vertex -21.1892 -10.0866 23.6848
    endloop
  endfacet
  facet normal 0.703115 -0.490437 -0.514879
    outer loop
      vertex -20.3384 -8.67393 23.501
      vertex -21.2954 -9.64353 23.1177
      vertex -21.3206 -9.53835 22.9831
    endloop
  endfacet
  facet normal 0.70312 -0.490448 -0.514862
    outer loop
      vertex -21.2954 -9.64353 23.1177
      vertex -20.3384 -8.67393 23.501
      vertex -21.1904 -10.0814 23.6782
    endloop
  endfacet
  facet normal 0.710552 -0.545195 -0.444835
    outer loop
      vertex -21.4899 -7.88534 20.8673
      vertex -20.5 -7.0921 21.4763
      vertex -20.482 -7.62061 22.1528
    endloop
  endfacet
  facet normal 0.710434 -0.540942 -0.450184
    outer loop
      vertex -20.5 -7.0921 21.4763
      vertex -21.4899 -7.88534 20.8673
      vertex -21.4901 -7.88011 20.8607
    endloop
  endfacet
  facet normal 0.468012 -0.224991 -0.854602
    outer loop
      vertex -13.7047 -18.0711 33.9045
      vertex -13.0672 -16.8168 33.9234
      vertex -13.6983 -18.0745 33.9089
    endloop
  endfacet
  facet normal 0.464459 -0.223148 -0.857019
    outer loop
      vertex -13.0672 -16.8168 33.9234
      vertex -13.7047 -18.0711 33.9045
      vertex -13.7172 -16.4714 33.4812
    endloop
  endfacet
  facet normal 0.441419 -0.211399 -0.872044
    outer loop
      vertex -13.6916 -18.0777 33.913
      vertex -13.0672 -16.8168 33.9234
      vertex -12.3943 -17.1451 34.3436
    endloop
  endfacet
  facet normal 0.436019 -0.208697 -0.875404
    outer loop
      vertex -13.0672 -16.8168 33.9234
      vertex -13.6916 -18.0777 33.913
      vertex -13.6983 -18.0745 33.9089
    endloop
  endfacet
  facet normal 0.0595537 -0.118376 -0.991181
    outer loop
      vertex -2.14283 -19.644 37.542
      vertex -1.2872 -19.6883 37.5987
      vertex -2.24736 -21.0522 37.7039
    endloop
  endfacet
  facet normal 0.233723 -0.141114 -0.962009
    outer loop
      vertex -7.14573 -18.9216 36.6174
      vertex -6.33485 -19.0954 36.8399
      vertex -7.4943 -20.2945 36.7341
    endloop
  endfacet
  facet normal 0.17676 -0.130587 -0.975553
    outer loop
      vertex -4.68119 -19.3797 37.2037
      vertex -4.90954 -20.775 37.3491
      vertex -5.78178 -20.6371 37.1726
    endloop
  endfacet
  facet normal 0.147787 -0.126404 -0.980908
    outer loop
      vertex -4.68119 -19.3797 37.2037
      vertex -3.84132 -19.4896 37.3444
      vertex -4.90954 -20.775 37.3491
    endloop
  endfacet
  facet normal 0.415095 -0.199272 -0.887686
    outer loop
      vertex -12.2716 -18.7414 34.7624
      vertex -11.6996 -17.4559 34.7413
      vertex -12.2647 -18.7444 34.7663
    endloop
  endfacet
  facet normal 0.417683 -0.2004 -0.886217
    outer loop
      vertex -11.6996 -17.4559 34.7413
      vertex -12.2716 -18.7414 34.7624
      vertex -12.3943 -17.1451 34.3436
    endloop
  endfacet
  facet normal 0.39337 -0.189974 -0.899539
    outer loop
      vertex -11.6996 -17.4559 34.7413
      vertex -11.5221 -19.0482 35.1552
      vertex -12.2647 -18.7444 34.7663
    endloop
  endfacet
  facet normal 0.44145 -0.211455 -0.872014
    outer loop
      vertex -12.3943 -17.1451 34.3436
      vertex -12.9929 -18.4187 34.3494
      vertex -13.6916 -18.0777 33.913
    endloop
  endfacet
  facet normal 0.288544 -0.15635 -0.944615
    outer loop
      vertex -9 -19.8927 36.236
      vertex -8.33158 -20.0904 36.4729
      vertex -9 -19.9072 36.2384
    endloop
  endfacet
  facet normal 0.289089 -0.154645 -0.944729
    outer loop
      vertex -8.33158 -20.0904 36.4729
      vertex -9 -19.8927 36.236
      vertex -7.94407 -18.727 36.3683
    endloop
  endfacet
  facet normal 0.289001 -0.154561 -0.94477
    outer loop
      vertex -7.94407 -18.727 36.3683
      vertex -9 -19.8927 36.236
      vertex -9.14227 -19.8537 36.1861
    endloop
  endfacet
  facet normal 0.261598 -0.14753 -0.953835
    outer loop
      vertex -7.94407 -18.727 36.3683
      vertex -7.4943 -20.2945 36.7341
      vertex -8.33158 -20.0904 36.4729
    endloop
  endfacet
  facet normal 0.316009 -0.162469 -0.934742
    outer loop
      vertex -8.72847 -18.512 36.0931
      vertex -9.15004 -19.8515 36.1834
      vertex -9.94866 -19.6075 35.871
    endloop
  endfacet
  facet normal -0.205427 -0.135451 -0.969254
    outer loop
      vertex 6.64386 -20.4769 36.9675
      vertex 5.78178 -20.6371 37.1726
      vertex 5.51286 -19.2482 37.0355
    endloop
  endfacet
  facet normal -0.17667 -0.130508 -0.97558
    outer loop
      vertex 5.51286 -19.2482 37.0355
      vertex 5.78178 -20.6371 37.1726
      vertex 4.68119 -19.3797 37.2037
    endloop
  endfacet
  facet normal -0.233746 -0.141137 -0.961999
    outer loop
      vertex 7.4943 -20.2945 36.7341
      vertex 6.64386 -20.4769 36.9675
      vertex 6.33485 -19.0954 36.8399
    endloop
  endfacet
  facet normal -0.233723 -0.141114 -0.962009
    outer loop
      vertex 7.14573 -18.9216 36.6174
      vertex 7.4943 -20.2945 36.7341
      vertex 6.33485 -19.0954 36.8399
    endloop
  endfacet
  facet normal -0.147787 -0.126404 -0.980908
    outer loop
      vertex 4.68119 -19.3797 37.2037
      vertex 4.90954 -20.775 37.3491
      vertex 3.84132 -19.4896 37.3444
    endloop
  endfacet
  facet normal -0.0890767 -0.120286 -0.988735
    outer loop
      vertex 2.9947 -19.5778 37.4572
      vertex 2.24736 -21.0522 37.7039
      vertex 2.14283 -19.644 37.542
    endloop
  endfacet
  facet normal -0.522474 -0.257607 -0.81281
    outer loop
      vertex 16.2622 -16.5292 31.9309
      vertex 15.5184 -15.339 32.0318
      vertex 16.2679 -16.5253 31.926
    endloop
  endfacet
  facet normal -0.528168 -0.261586 -0.807843
    outer loop
      vertex 15.5184 -15.339 32.0318
      vertex 16.2622 -16.5292 31.9309
      vertex 14.9439 -15.7318 32.5346
    endloop
  endfacet
  facet normal -0.563096 -0.287405 -0.774804
    outer loop
      vertex 17.3807 -15.661 30.8198
      vertex 16.5848 -14.5106 30.9715
      vertex 17.3859 -15.6569 30.8145
    endloop
  endfacet
  facet normal -0.56612 -0.289911 -0.771661
    outer loop
      vertex 16.5848 -14.5106 30.9715
      vertex 17.3807 -15.661 30.8198
      vertex 16.0657 -14.9316 31.5105
    endloop
  endfacet
  facet normal -0.643009 -0.368039 -0.67163
    outer loop
      vertex 19.6286 -13.2662 27.7546
      vertex 19.2489 -13.7629 28.3903
      vertex 18.3621 -12.7039 28.659
    endloop
  endfacet
  facet normal -0.360878 -0.177281 -0.915608
    outer loop
      vertex 11.5077 -19.0538 35.1623
      vertex 10.9844 -17.7484 35.1158
      vertex 11.515 -19.0511 35.1589
    endloop
  endfacet
  facet normal -0.368171 -0.180082 -0.912152
    outer loop
      vertex 10.9844 -17.7484 35.1158
      vertex 11.5077 -19.0538 35.1623
      vertex 10.25 -18.0223 35.4663
    endloop
  endfacet
  facet normal -0.436019 -0.208697 -0.875404
    outer loop
      vertex 13.6916 -18.0777 33.913
      vertex 13.0672 -16.8168 33.9234
      vertex 13.6983 -18.0745 33.9089
    endloop
  endfacet
  facet normal -0.441419 -0.211399 -0.872044
    outer loop
      vertex 13.0672 -16.8168 33.9234
      vertex 13.6916 -18.0777 33.913
      vertex 12.3943 -17.1451 34.3436
    endloop
  endfacet
  facet normal -0.468012 -0.224991 -0.854602
    outer loop
      vertex 13.0672 -16.8168 33.9234
      vertex 13.7047 -18.0711 33.9045
      vertex 13.6983 -18.0745 33.9089
    endloop
  endfacet
  facet normal -0.464459 -0.223148 -0.857019
    outer loop
      vertex 13.7047 -18.0711 33.9045
      vertex 13.0672 -16.8168 33.9234
      vertex 13.7172 -16.4714 33.4812
    endloop
  endfacet
  facet normal -0.316664 -0.162694 -0.934481
    outer loop
      vertex 9.94866 -19.6075 35.871
      vertex 9.49757 -18.2769 35.7922
      vertex 9.95628 -19.6051 35.868
    endloop
  endfacet
  facet normal -0.316029 -0.162494 -0.934731
    outer loop
      vertex 9.49757 -18.2769 35.7922
      vertex 9.94866 -19.6075 35.871
      vertex 8.72847 -18.512 36.0931
    endloop
  endfacet
  facet normal -0.316009 -0.162469 -0.934742
    outer loop
      vertex 9.94866 -19.6075 35.871
      vertex 9.15004 -19.8515 36.1834
      vertex 8.72847 -18.512 36.0931
    endloop
  endfacet
  facet normal -0.547602 -0.833268 -0.0761378
    outer loop
      vertex 15.5184 1.15476 10.9208
      vertex 16.2733 0.761024 9.8005
      vertex 16.0657 0.747447 11.4422
    endloop
  endfacet
  facet normal -0.548344 -0.832716 -0.0768319
    outer loop
      vertex 16.2733 0.761024 9.8005
      vertex 15.5184 1.15476 10.9208
      vertex 16.2679 0.765056 9.79534
    endloop
  endfacet
  facet normal -0.583553 -0.804107 -0.113484
    outer loop
      vertex 16.5848 0.326376 11.9811
      vertex 17.3907 -0.107638 10.9123
      vertex 17.0749 -0.107709 12.5367
    endloop
  endfacet
  facet normal -0.58559 -0.8023 -0.115754
    outer loop
      vertex 17.3907 -0.107638 10.9123
      vertex 16.5848 0.326376 11.9811
      vertex 17.3859 -0.103341 10.9068
    endloop
  endfacet
  facet normal -0.566098 -0.818898 -0.0945498
    outer loop
      vertex 17.3807 -0.0991729 10.9015
      vertex 16.5848 0.326376 11.9811
      vertex 16.0657 0.747447 11.4422
    endloop
  endfacet
  facet normal -0.56387 -0.820701 -0.0921966
    outer loop
      vertex 16.5848 0.326376 11.9811
      vertex 17.3807 -0.0991729 10.9015
      vertex 17.3859 -0.103341 10.9068
    endloop
  endfacet
  facet normal -0.629817 -0.757079 -0.173674
    outer loop
      vertex 17.9643 -1.01185 13.694
      vertex 18.8359 -1.51084 12.7084
      vertex 18.3621 -1.48033 14.2936
    endloop
  endfacet
  facet normal -0.626738 -0.760651 -0.169143
    outer loop
      vertex 18.8359 -1.51084 12.7084
      vertex 17.9643 -1.01185 13.694
      vertex 18.8319 -1.50621 12.7024
    endloop
  endfacet
  facet normal -0.600062 -0.788817 -0.133014
    outer loop
      vertex 18.3773 -1.02187 12.0825
      vertex 17.535 -0.554047 13.108
      vertex 17.0749 -0.107709 12.5367
    endloop
  endfacet
  facet normal -0.59808 -0.790739 -0.130509
    outer loop
      vertex 17.535 -0.554047 13.108
      vertex 18.3773 -1.02187 12.0825
      vertex 18.3819 -1.02629 12.0882
    endloop
  endfacet
  facet normal -0.176736 -0.978168 0.109324
    outer loop
      vertex 5.77088 4.86444 4.54838
      vertex 5.51286 5.06404 5.91717
      vertex 4.68119 5.1955 5.7489
    endloop
  endfacet
  facet normal -0.176572 -0.978194 0.109358
    outer loop
      vertex 5.51286 5.06404 5.91717
      vertex 5.77088 4.86444 4.54838
      vertex 5.77911 4.86314 4.55004
    endloop
  endfacet
  facet normal -0.147762 -0.982352 0.114674
    outer loop
      vertex 4.0287 5.11428 4.21236
      vertex 4.90954 4.99901 4.3599
      vertex 3.84132 5.30541 5.60823
    endloop
  endfacet
  facet normal -0.118522 -0.985787 0.119069
    outer loop
      vertex 4.0287 5.11428 4.21236
      vertex 3.84132 5.30541 5.60823
      vertex 3.14078 5.20674 4.09401
    endloop
  endfacet
  facet normal -0.393275 -0.918817 0.033328
    outer loop
      vertex 10.9844 3.56422 7.83685
      vertex 11.5221 3.28798 6.56614
      vertex 11.6996 3.27168 8.21129
    endloop
  endfacet
  facet normal -0.392846 -0.918992 0.0335477
    outer loop
      vertex 11.5221 3.28798 6.56614
      vertex 10.9844 3.56422 7.83685
      vertex 11.515 3.29088 6.56244
    endloop
  endfacet
  facet normal -0.315997 -0.946283 0.0685093
    outer loop
      vertex 9.15004 4.09132 5.53792
      vertex 9.94866 3.84725 5.85032
      vertex 8.72847 4.32778 6.85954
    endloop
  endfacet
  facet normal -0.289063 -0.954086 0.0784964
    outer loop
      vertex 9.14227 4.09345 5.53519
      vertex 8.72847 4.32778 6.85954
      vertex 7.94407 4.54279 6.58433
    endloop
  endfacet
  facet normal -0.289114 -0.954072 0.0784779
    outer loop
      vertex 8.72847 4.32778 6.85954
      vertex 9.14227 4.09345 5.53519
      vertex 9.15004 4.09132 5.53792
    endloop
  endfacet
  facet normal 0.709312 -0.581832 -0.397931
    outer loop
      vertex -21.4147 -6.773 19.4436
      vertex -20.4281 -6.03599 20.1246
      vertex -21.4707 -7.32084 20.1448
    endloop
  endfacet
  facet normal 0.709288 -0.581814 -0.397998
    outer loop
      vertex -20.482 -6.56358 20.7998
      vertex -21.4707 -7.32084 20.1448
      vertex -20.4281 -6.03599 20.1246
    endloop
  endfacet
  facet normal 0.70943 -0.580261 -0.400008
    outer loop
      vertex -21.4707 -7.32084 20.1448
      vertex -20.482 -6.56358 20.7998
      vertex -21.4712 -7.32607 20.1515
    endloop
  endfacet
  facet normal 0.666092 -0.706906 -0.237921
    outer loop
      vertex -19.984 -3.01449 14.6329
      vertex -19.0604 -2.44598 15.5295
      vertex -19.3597 -2.94145 16.1637
    endloop
  endfacet
  facet normal 0.665691 -0.707561 -0.237093
    outer loop
      vertex -19.0604 -2.44598 15.5295
      vertex -19.984 -3.01449 14.6329
      vertex -19.981 -3.00959 14.6267
    endloop
  endfacet
  facet normal 0.691912 -0.654278 -0.305252
    outer loop
      vertex -20.8169 -4.59488 16.6558
      vertex -20.052 -4.46803 18.1177
      vertex -21.0205 -5.12931 17.3398
    endloop
  endfacet
  facet normal 0.703058 -0.61833 -0.351252
    outer loop
      vertex -21.1904 -5.67883 18.0431
      vertex -20.2129 -4.9873 18.7823
      vertex -20.3384 -5.51026 19.4517
    endloop
  endfacet
  facet normal 0.703786 -0.615354 -0.354999
    outer loop
      vertex -20.2129 -4.9873 18.7823
      vertex -21.1904 -5.67883 18.0431
      vertex -21.1892 -5.67365 18.0365
    endloop
  endfacet
  facet normal 0.706839 -0.600088 -0.374532
    outer loop
      vertex -21.3206 -6.22187 18.7382
      vertex -20.3384 -5.51026 19.4517
      vertex -21.4138 -6.76779 19.437
    endloop
  endfacet
  facet normal 0.703113 -0.618243 -0.351295
    outer loop
      vertex -21.1904 -5.67883 18.0431
      vertex -20.3384 -5.51026 19.4517
      vertex -21.3206 -6.22187 18.7382
    endloop
  endfacet
  facet normal 0.507758 -0.860511 -0.041275
    outer loop
      vertex -15.0418 1.56907 8.76625
      vertex -14.3431 1.92531 9.93456
      vertex -14.9439 1.54761 10.418
    endloop
  endfacet
  facet normal 0.505617 -0.86185 -0.0395862
    outer loop
      vertex -14.3431 1.92531 9.93456
      vertex -15.0418 1.56907 8.76625
      vertex -15.0358 1.57281 8.76146
    endloop
  endfacet
  facet normal 0.583553 -0.804107 -0.113484
    outer loop
      vertex -17.3907 -0.107638 10.9123
      vertex -16.5848 0.326376 11.9811
      vertex -17.0749 -0.107709 12.5367
    endloop
  endfacet
  facet normal 0.58559 -0.8023 -0.115754
    outer loop
      vertex -16.5848 0.326376 11.9811
      vertex -17.3907 -0.107638 10.9123
      vertex -17.3859 -0.103341 10.9068
    endloop
  endfacet
  facet normal 0.655167 -0.723917 -0.216104
    outer loop
      vertex -19.6322 -2.49873 13.9728
      vertex -18.7277 -1.95865 14.9058
      vertex -19.9777 -3.00477 14.6205
    endloop
  endfacet
  facet normal 0.615503 -0.773122 -0.153096
    outer loop
      vertex -18.3861 -1.03082 12.094
      vertex -17.9643 -1.01185 13.694
      vertex -18.8319 -1.50621 12.7024
    endloop
  endfacet
  facet normal 0.44067 -0.897647 0.00628732
    outer loop
      vertex -13.6916 2.31752 7.80829
      vertex -13.0672 2.6326 9.02927
      vertex -13.6983 2.31426 7.81245
    endloop
  endfacet
  facet normal 0.441458 -0.897263 0.00578521
    outer loop
      vertex -13.0672 2.6326 9.02927
      vertex -13.6916 2.31752 7.80829
      vertex -12.3943 2.96096 8.60899
    endloop
  endfacet
  facet normal 0.464383 -0.885587 -0.00916072
    outer loop
      vertex -13.7047 2.31085 7.81682
      vertex -13.0672 2.6326 9.02927
      vertex -13.7172 2.28718 9.47139
    endloop
  endfacet
  facet normal 0.465081 -0.885216 -0.00962606
    outer loop
      vertex -13.0672 2.6326 9.02927
      vertex -13.7047 2.31085 7.81682
      vertex -13.6983 2.31426 7.81245
    endloop
  endfacet
  facet normal 0.118522 -0.985787 0.119069
    outer loop
      vertex -3.14078 5.20674 4.09401
      vertex -3.84132 5.30541 5.60823
      vertex -4.0287 5.11428 4.21236
    endloop
  endfacet
  facet normal 0.089066 -0.988464 0.122496
    outer loop
      vertex -2.24736 5.27622 4.00507
      vertex -2.9947 5.39357 5.49539
      vertex -3.14078 5.20674 4.09401
    endloop
  endfacet
  facet normal 0.118522 -0.985787 0.119069
    outer loop
      vertex -3.14078 5.20674 4.09401
      vertex -2.9947 5.39357 5.49539
      vertex -3.84132 5.30541 5.60823
    endloop
  endfacet
  facet normal 0.0594658 -0.990379 0.124955
    outer loop
      vertex -1.35 5.32261 3.9457
      vertex -1.2872 5.50406 5.35397
      vertex -2.24736 5.27622 4.00507
    endloop
  endfacet
  facet normal 0.029765 -0.991529 0.126428
    outer loop
      vertex -0.450261 5.34583 3.91598
      vertex -0.429319 5.5262 5.32563
      vertex -1.35 5.32261 3.9457
    endloop
  endfacet
  facet normal 0.147763 -0.982352 0.114673
    outer loop
      vertex -3.84132 5.30541 5.60823
      vertex -4.68119 5.1955 5.7489
      vertex -4.90954 4.99901 4.3599
    endloop
  endfacet
  facet normal 0.316112 -0.946248 0.0684624
    outer loop
      vertex -9.94866 3.84725 5.85032
      vertex -9.49757 4.09273 7.16038
      vertex -9.95628 3.84492 5.8533
    endloop
  endfacet
  facet normal 0.315998 -0.946283 0.0685084
    outer loop
      vertex -9.49757 4.09273 7.16038
      vertex -9.94866 3.84725 5.85032
      vertex -8.72847 4.32778 6.85954
    endloop
  endfacet
  facet normal 0.289114 -0.954072 0.0784779
    outer loop
      vertex -9.14227 4.09345 5.53519
      vertex -8.72847 4.32778 6.85954
      vertex -9.15004 4.09132 5.53792
    endloop
  endfacet
  facet normal 0.289063 -0.954086 0.0784964
    outer loop
      vertex -8.72847 4.32778 6.85954
      vertex -9.14227 4.09345 5.53519
      vertex -7.94407 4.54279 6.58433
    endloop
  endfacet
  facet normal 0.289066 -0.954086 0.0784933
    outer loop
      vertex -8.32775 4.31672 5.24942
      vertex -7.94407 4.54279 6.58433
      vertex -9.14227 4.09345 5.53519
    endloop
  endfacet
  facet normal 0.366989 -0.929063 0.046473
    outer loop
      vertex -11.5077 3.29359 6.55897
      vertex -10.9844 3.56422 7.83685
      vertex -11.515 3.29088 6.56244
    endloop
  endfacet
  facet normal 0.368167 -0.928626 0.0458979
    outer loop
      vertex -10.9844 3.56422 7.83685
      vertex -11.5077 3.29359 6.55897
      vertex -10.25 3.83806 7.48635
    endloop
  endfacet
  facet normal 0.655176 -0.384798 -0.650135
    outer loop
      vertex -19.9777 -12.7555 27.1008
      vertex -19.0604 -11.7382 27.4231
      vertex -18.7277 -12.2255 28.0468
    endloop
  endfacet
  facet normal 0.654428 -0.383674 -0.651551
    outer loop
      vertex -19.0604 -11.7382 27.4231
      vertex -19.9777 -12.7555 27.1008
      vertex -19.981 -12.7506 27.0946
    endloop
  endfacet
  facet normal 0.629811 -0.351671 -0.692579
    outer loop
      vertex -18.3621 -12.7039 28.659
      vertex -18.8359 -14.2494 29.0129
      vertex -19.2489 -13.7629 28.3903
    endloop
  endfacet
  facet normal 0.617943 -0.338115 -0.709806
    outer loop
      vertex -18.3861 -14.7294 29.6273
      vertex -17.535 -13.6301 29.8446
      vertex -18.3819 -14.7339 29.6331
    endloop
  endfacet
  facet normal 0.61548 -0.335546 -0.713157
    outer loop
      vertex -17.535 -13.6301 29.8446
      vertex -18.3861 -14.7294 29.6273
      vertex -17.9643 -13.1723 29.2587
    endloop
  endfacet
  facet normal 0.600044 -0.319907 -0.733217
    outer loop
      vertex -18.3773 -14.7383 29.6388
      vertex -17.535 -13.6301 29.8446
      vertex -17.0749 -14.0765 30.4159
    endloop
  endfacet
  facet normal 0.60076 -0.320618 -0.732319
    outer loop
      vertex -17.535 -13.6301 29.8446
      vertex -18.3773 -14.7383 29.6388
      vertex -18.3819 -14.7339 29.6331
    endloop
  endfacet
  facet normal 0.684499 -0.436692 -0.583747
    outer loop
      vertex -19.625 -10.74 26.1454
      vertex -20.5729 -11.7042 25.7552
      vertex -20.8127 -11.1755 25.0785
    endloop
  endfacet
  facet normal 0.675908 -0.419209 -0.606146
    outer loop
      vertex -20.5703 -11.7092 25.7616
      vertex -19.625 -10.74 26.1454
      vertex -19.3597 -11.2427 26.7889
    endloop
  endfacet
  facet normal 0.676827 -0.421005 -0.603871
    outer loop
      vertex -19.625 -10.74 26.1454
      vertex -20.5703 -11.7092 25.7616
      vertex -20.5729 -11.7042 25.7552
    endloop
  endfacet
  facet normal 0.205427 -0.135451 -0.969254
    outer loop
      vertex -5.51286 -19.2482 37.0355
      vertex -5.78178 -20.6371 37.1726
      vertex -6.64386 -20.4769 36.9675
    endloop
  endfacet
  facet normal 0.17667 -0.130508 -0.97558
    outer loop
      vertex -5.51286 -19.2482 37.0355
      vertex -4.68119 -19.3797 37.2037
      vertex -5.78178 -20.6371 37.1726
    endloop
  endfacet
  facet normal 0.147733 -0.126359 -0.980922
    outer loop
      vertex -3.84132 -19.4896 37.3444
      vertex -4.0287 -20.8902 37.4966
      vertex -4.90954 -20.775 37.3491
    endloop
  endfacet
  facet normal 0.118579 -0.122935 -0.985305
    outer loop
      vertex -3.84132 -19.4896 37.3444
      vertex -3.14078 -20.9827 37.615
      vertex -4.0287 -20.8902 37.4966
    endloop
  endfacet
  facet normal 0.391834 -0.189385 -0.900333
    outer loop
      vertex -11.5221 -19.0482 35.1552
      vertex -10.9844 -17.7484 35.1158
      vertex -11.515 -19.0511 35.1589
    endloop
  endfacet
  facet normal 0.393334 -0.189982 -0.899553
    outer loop
      vertex -10.9844 -17.7484 35.1158
      vertex -11.5221 -19.0482 35.1552
      vertex -11.6996 -17.4559 34.7413
    endloop
  endfacet
  facet normal 0.289067 -0.154637 -0.944737
    outer loop
      vertex -9.14227 -19.8537 36.1861
      vertex -8.72847 -18.512 36.0931
      vertex -7.94407 -18.727 36.3683
    endloop
  endfacet
  facet normal 0.28527 -0.153558 -0.946066
    outer loop
      vertex -8.72847 -18.512 36.0931
      vertex -9.14227 -19.8537 36.1861
      vertex -9.15004 -19.8515 36.1834
    endloop
  endfacet
  facet normal -0.0595537 -0.118376 -0.991181
    outer loop
      vertex 2.14283 -19.644 37.542
      vertex 2.24736 -21.0522 37.7039
      vertex 1.2872 -19.6883 37.5987
    endloop
  endfacet
  facet normal -0.617943 -0.338115 -0.709806
    outer loop
      vertex 17.535 -13.6301 29.8446
      vertex 18.3861 -14.7294 29.6273
      vertex 18.3819 -14.7339 29.6331
    endloop
  endfacet
  facet normal -0.61548 -0.335546 -0.713157
    outer loop
      vertex 18.3861 -14.7294 29.6273
      vertex 17.535 -13.6301 29.8446
      vertex 17.9643 -13.1723 29.2587
    endloop
  endfacet
  facet normal -0.629811 -0.351671 -0.692579
    outer loop
      vertex 19.2489 -13.7629 28.3903
      vertex 18.8359 -14.2494 29.0129
      vertex 18.3621 -12.7039 28.659
    endloop
  endfacet
  facet normal -0.655258 -0.384732 -0.650091
    outer loop
      vertex 19.6322 -13.2615 27.7485
      vertex 19.7358 -12.6529 27.2839
      vertex 19.9436 -12.8054 27.1647
    endloop
  endfacet
  facet normal -0.655158 -0.384797 -0.650154
    outer loop
      vertex 19.7358 -12.6529 27.2839
      vertex 19.6322 -13.2615 27.7485
      vertex 18.7277 -12.2255 28.0468
    endloop
  endfacet
  facet normal -0.655157 -0.384871 -0.650111
    outer loop
      vertex 18.8698 -12.0174 27.7804
      vertex 19.7358 -12.6529 27.2839
      vertex 18.7277 -12.2255 28.0468
    endloop
  endfacet
  facet normal -0.507786 -0.860494 -0.0412765
    outer loop
      vertex 15.0418 1.56907 8.76625
      vertex 15.6656 1.17688 9.26824
      vertex 14.9439 1.54761 10.418
    endloop
  endfacet
  facet normal -0.507758 -0.860511 -0.041275
    outer loop
      vertex 14.3431 1.92531 9.93456
      vertex 15.0418 1.56907 8.76625
      vertex 14.9439 1.54761 10.418
    endloop
  endfacet
  facet normal -0.505617 -0.86185 -0.0395862
    outer loop
      vertex 15.0418 1.56907 8.76625
      vertex 14.3431 1.92531 9.93456
      vertex 15.0358 1.57281 8.76146
    endloop
  endfacet
  facet normal 0.684479 -0.672064 -0.282521
    outer loop
      vertex -20.5729 -4.05604 15.9661
      vertex -19.625 -3.44421 16.8072
      vertex -20.8127 -4.58474 16.6428
    endloop
  endfacet
  facet normal 0.684487 -0.672081 -0.282462
    outer loop
      vertex -19.856 -3.95337 17.4589
      vertex -20.8127 -4.58474 16.6428
      vertex -19.625 -3.44421 16.8072
    endloop
  endfacet
  facet normal 0.68696 -0.666443 -0.289723
    outer loop
      vertex -20.8127 -4.58474 16.6428
      vertex -19.856 -3.95337 17.4589
      vertex -20.8149 -4.58979 16.6492
    endloop
  endfacet
  facet normal 0.698092 -0.63636 -0.328197
    outer loop
      vertex -20.2129 -4.9873 18.7823
      vertex -21.1876 -5.66851 18.0299
      vertex -20.052 -4.46803 18.1177
    endloop
  endfacet
  facet normal 0.697832 -0.637217 -0.327085
    outer loop
      vertex -21.1876 -5.66851 18.0299
      vertex -20.2129 -4.9873 18.7823
      vertex -21.1892 -5.67365 18.0365
    endloop
  endfacet
  facet normal 0.527674 -0.847467 -0.057959
    outer loop
      vertex -16.2622 0.768945 9.79037
      vertex -15.5184 1.15476 10.9208
      vertex -16.2679 0.765056 9.79534
    endloop
  endfacet
  facet normal 0.528167 -0.84713 -0.0583986
    outer loop
      vertex -15.5184 1.15476 10.9208
      vertex -16.2622 0.768945 9.79037
      vertex -14.9439 1.54761 10.418
    endloop
  endfacet
  facet normal 0.547602 -0.833268 -0.0761378
    outer loop
      vertex -16.2733 0.761024 9.8005
      vertex -15.5184 1.15476 10.9208
      vertex -16.0657 0.747447 11.4422
    endloop
  endfacet
  facet normal 0.548344 -0.832716 -0.0768319
    outer loop
      vertex -15.5184 1.15476 10.9208
      vertex -16.2733 0.761024 9.8005
      vertex -16.2679 0.765056 9.79534
    endloop
  endfacet
  facet normal 0.615491 -0.773132 -0.153092
    outer loop
      vertex -18.3861 -1.03082 12.094
      vertex -17.535 -0.554047 13.108
      vertex -17.9643 -1.01185 13.694
    endloop
  endfacet
  facet normal 0.617234 -0.771274 -0.155429
    outer loop
      vertex -17.535 -0.554047 13.108
      vertex -18.3861 -1.03082 12.094
      vertex -18.3819 -1.02629 12.0882
    endloop
  endfacet
  facet normal 0.643043 -0.740749 -0.194388
    outer loop
      vertex -19.5586 -2.40252 13.8497
      vertex -18.3621 -1.48033 14.2936
      vertex -19.6286 -2.49399 13.9667
    endloop
  endfacet
  facet normal 0.643069 -0.740658 -0.194648
    outer loop
      vertex -18.3621 -1.48033 14.2936
      vertex -19.5586 -2.40252 13.8497
      vertex -19.2489 -1.99731 13.331
    endloop
  endfacet
  facet normal 0.089067 -0.988464 0.122497
    outer loop
      vertex -2.24736 5.27622 4.00507
      vertex -2.14283 5.45982 5.41059
      vertex -2.9947 5.39357 5.49539
    endloop
  endfacet
  facet normal 0.0594754 -0.990379 0.124948
    outer loop
      vertex -1.2872 5.50406 5.35397
      vertex -2.14283 5.45982 5.41059
      vertex -2.24736 5.27622 4.00507
    endloop
  endfacet
  facet normal 0.176572 -0.978194 0.109358
    outer loop
      vertex -5.77088 4.86444 4.54838
      vertex -5.51286 5.06404 5.91717
      vertex -5.77911 4.86314 4.55004
    endloop
  endfacet
  facet normal 0.176736 -0.978168 0.109324
    outer loop
      vertex -5.51286 5.06404 5.91717
      vertex -5.77088 4.86444 4.54838
      vertex -4.68119 5.1955 5.7489
    endloop
  endfacet
  facet normal 0.17673 -0.978169 0.109329
    outer loop
      vertex -5.53179 4.90223 4.5
      vertex -4.68119 5.1955 5.7489
      vertex -5.77088 4.86444 4.54838
    endloop
  endfacet
  facet normal 0.176749 -0.978167 0.109316
    outer loop
      vertex -4.68119 5.1955 5.7489
      vertex -5.53179 4.90223 4.5
      vertex -4.90954 4.99901 4.3599
    endloop
  endfacet
  facet normal 0.176769 -0.978152 0.109416
    outer loop
      vertex -5.60201 4.88954 4.5
      vertex -4.90954 4.99901 4.3599
      vertex -5.53179 4.90223 4.5
    endloop
  endfacet
  facet normal -0.528167 -0.84713 -0.0583986
    outer loop
      vertex 16.2622 0.768945 9.79037
      vertex 15.5184 1.15476 10.9208
      vertex 14.9439 1.54761 10.418
    endloop
  endfacet
  facet normal -0.527674 -0.847467 -0.057959
    outer loop
      vertex 15.5184 1.15476 10.9208
      vertex 16.2622 0.768945 9.79037
      vertex 16.2679 0.765056 9.79534
    endloop
  endfacet
  facet normal -0.528159 -0.847137 -0.0583713
    outer loop
      vertex 15.6656 1.17688 9.26824
      vertex 16.2622 0.768945 9.79037
      vertex 14.9439 1.54761 10.418
    endloop
  endfacet
  facet normal 0.629817 -0.757079 -0.173674
    outer loop
      vertex -18.8359 -1.51084 12.7084
      vertex -17.9643 -1.01185 13.694
      vertex -18.3621 -1.48033 14.2936
    endloop
  endfacet
  facet normal 0.626738 -0.760651 -0.169143
    outer loop
      vertex -17.9643 -1.01185 13.694
      vertex -18.8359 -1.51084 12.7084
      vertex -18.8319 -1.50621 12.7024
    endloop
  endfacet
  facet normal 0.629866 -0.757034 -0.17369
    outer loop
      vertex -18.8359 -1.51084 12.7084
      vertex -18.3621 -1.48033 14.2936
      vertex -19.2489 -1.99731 13.331
    endloop
  endfacet
  facet normal 0.205414 -0.973239 0.103013
    outer loop
      vertex -5.77911 4.86314 4.55004
      vertex -5.51286 5.06404 5.91717
      vertex -6.63267 4.70448 4.75311
    endloop
  endfacet
  facet normal 0.205117 -0.973294 0.10308
    outer loop
      vertex -6.63267 4.70448 4.75311
      vertex -6.33485 4.91124 6.11274
      vertex -6.64081 4.70297 4.75505
    endloop
  endfacet
  facet normal 0.205423 -0.973238 0.103004
    outer loop
      vertex -6.33485 4.91124 6.11274
      vertex -6.63267 4.70448 4.75311
      vertex -5.51286 5.06404 5.91717
    endloop
  endfacet
  facet normal 0 0.615668 -0.788005
    outer loop
      vertex 21.8621 -12.8054 27.1647
      vertex 21.8785 -7.83202 31.0504
      vertex 21.8785 -12.8054 27.1647
    endloop
  endfacet
  facet normal 0 0.615668 -0.788005
    outer loop
      vertex 21.7365 -12.8054 27.1647
      vertex 21.8785 -7.83202 31.0504
      vertex 21.8621 -12.8054 27.1647
    endloop
  endfacet
  facet normal 0 0.615664 -0.788009
    outer loop
      vertex 21.8785 -7.83202 31.0504
      vertex 21.8621 -4.92529 33.3214
      vertex 21.8785 -4.92529 33.3214
    endloop
  endfacet
  facet normal 6.30614e-07 0.615664 -0.788009
    outer loop
      vertex 21.3473 -4.92529 33.3214
      vertex 21.8785 -7.83202 31.0504
      vertex 18.8698 -6.34371 32.2132
    endloop
  endfacet
  facet normal -2.03599e-05 0.615669 -0.788005
    outer loop
      vertex 19.7358 -12.6529 27.2839
      vertex 21.8785 -7.83202 31.0504
      vertex 21.7365 -12.8054 27.1647
    endloop
  endfacet
  facet normal 0 0.615664 -0.788009
    outer loop
      vertex 21.8785 -7.83202 31.0504
      vertex 21.8452 -4.92529 33.3214
      vertex 21.8621 -4.92529 33.3214
    endloop
  endfacet
  facet normal 0 0.615664 -0.788009
    outer loop
      vertex 21.8785 -7.83202 31.0504
      vertex 21.5414 -4.92529 33.3214
      vertex 21.8452 -4.92529 33.3214
    endloop
  endfacet
  facet normal 0 0.615835 -0.787876
    outer loop
      vertex 19.7358 -12.6529 27.2839
      vertex 21.7365 -12.8054 27.1647
      vertex 19.9436 -12.8054 27.1647
    endloop
  endfacet
  facet normal 6.23825e-06 0.615661 -0.788011
    outer loop
      vertex 21.8785 -7.83202 31.0504
      vertex 19.7358 -12.6529 27.2839
      vertex 18.8698 -12.0174 27.7804
    endloop
  endfacet
  facet normal 0 0.615664 -0.788009
    outer loop
      vertex 21.8785 -7.83202 31.0504
      vertex 21.3473 -4.92529 33.3214
      vertex 21.5414 -4.92529 33.3214
    endloop
  endfacet
  facet normal 6.387e-07 0.615664 -0.788009
    outer loop
      vertex 21.8785 -7.83202 31.0504
      vertex 18.8698 -12.0174 27.7804
      vertex 18.8698 -6.34371 32.2132
    endloop
  endfacet
  facet normal 0 0.615665 -0.788008
    outer loop
      vertex 21.3473 -4.92529 33.3214
      vertex 18.8698 -6.34371 32.2132
      vertex 18.885 -4.92529 33.3214
    endloop
  endfacet
  facet normal 0 0.615665 -0.788008
    outer loop
      vertex 17.2294 -4.92529 33.3214
      vertex 18.8698 -6.34371 32.2132
      vertex 17.2294 -6.34371 32.2132
    endloop
  endfacet
  facet normal 0 0.615665 -0.788008
    outer loop
      vertex 18.8698 -6.34371 32.2132
      vertex 17.2294 -4.92529 33.3214
      vertex 18.885 -4.92529 33.3214
    endloop
  endfacet
  facet normal 0 -0.615665 0.788008
    outer loop
      vertex 21.8648 4.92529 20.7132
      vertex 21.8785 2.01857 18.4422
      vertex 21.8785 4.92529 20.7132
    endloop
  endfacet
  facet normal 0 -0.615665 0.788008
    outer loop
      vertex 21.8514 4.92529 20.7132
      vertex 21.8785 2.01857 18.4422
      vertex 21.8648 4.92529 20.7132
    endloop
  endfacet
  facet normal 0 -0.615658 0.788014
    outer loop
      vertex 21.8785 2.01857 18.4422
      vertex 21.8648 -2.95482 14.5566
      vertex 21.8785 -2.95482 14.5566
    endloop
  endfacet
  facet normal 0 -0.615665 0.788008
    outer loop
      vertex 21.7614 4.92529 20.7132
      vertex 21.8785 2.01857 18.4422
      vertex 21.8514 4.92529 20.7132
    endloop
  endfacet
  facet normal 8.70805e-07 -0.615665 0.788008
    outer loop
      vertex 18.8698 -2.16681 15.1722
      vertex 21.8785 2.01857 18.4422
      vertex 18.8698 3.50687 19.605
    endloop
  endfacet
  facet normal 0 -0.615665 0.788008
    outer loop
      vertex 21.5674 4.92529 20.7132
      vertex 21.8785 2.01857 18.4422
      vertex 21.7614 4.92529 20.7132
    endloop
  endfacet
  facet normal 0 -0.615665 0.788008
    outer loop
      vertex 21.5037 4.92529 20.7132
      vertex 21.8785 2.01857 18.4422
      vertex 21.5674 4.92529 20.7132
    endloop
  endfacet
  facet normal 0 -0.615665 0.788008
    outer loop
      vertex 21.0331 4.92529 20.7132
      vertex 21.8785 2.01857 18.4422
      vertex 21.5037 4.92529 20.7132
    endloop
  endfacet
  facet normal 0 -0.615658 0.788014
    outer loop
      vertex 21.8785 2.01857 18.4422
      vertex 21.825 -2.95482 14.5566
      vertex 21.8648 -2.95482 14.5566
    endloop
  endfacet
  facet normal 4.96344e-07 -0.615665 0.788008
    outer loop
      vertex 21.8785 2.01857 18.4422
      vertex 21.0331 4.92529 20.7132
      vertex 18.8698 3.50687 19.605
    endloop
  endfacet
  facet normal 0 -0.615658 0.788014
    outer loop
      vertex 21.8785 2.01857 18.4422
      vertex 21.2442 -2.95482 14.5566
      vertex 21.825 -2.95482 14.5566
    endloop
  endfacet
  facet normal 0 -0.615514 0.788126
    outer loop
      vertex 21.2442 -2.95482 14.5566
      vertex 19.7358 -2.80232 14.6757
      vertex 19.9436 -2.95482 14.5566
    endloop
  endfacet
  facet normal -1.74632e-05 -0.615656 0.788015
    outer loop
      vertex 21.8785 2.01857 18.4422
      vertex 18.8698 -2.16681 15.1722
      vertex 21.2442 -2.95482 14.5566
    endloop
  endfacet
  facet normal 0 -0.615665 0.788008
    outer loop
      vertex 17.6954 4.92529 20.7132
      vertex 18.8698 3.50687 19.605
      vertex 21.0331 4.92529 20.7132
    endloop
  endfacet
  facet normal 0 -0.615665 0.788008
    outer loop
      vertex 17.2294 3.50687 19.605
      vertex 17.6954 4.92529 20.7132
      vertex 17.2294 4.92529 20.7132
    endloop
  endfacet
  facet normal 0 -0.615665 0.788008
    outer loop
      vertex 17.6954 4.92529 20.7132
      vertex 17.2294 3.50687 19.605
      vertex 18.8698 3.50687 19.605
    endloop
  endfacet
  facet normal -2.57498e-05 -0.615672 0.788003
    outer loop
      vertex 21.2442 -2.95482 14.5566
      vertex 18.8698 -2.16681 15.1722
      vertex 19.7358 -2.80232 14.6757
    endloop
  endfacet
endsolid OpenSCAD_Model
